real_conflicts,real_overlap,real_reassignments,real_waiting_minutes,independent_conflicts_mean,independent_conflicts_median,independent_conflicts_q90,independent_overlap_mean,independent_reassignments_mean,independent_waiting_minutes_mean,independent_p_ge_real,hour_region_conflicts_mean,hour_region_conflicts_median,hour_region_conflicts_q90,hour_region_overlap_mean,hour_region_reassignments_mean,hour_region_waiting_minutes_mean,hour_region_p_ge_real,proposed_noprop_conflicts_mean,proposed_noprop_conflicts_median,proposed_noprop_conflicts_q90,proposed_noprop_overlap_mean,proposed_noprop_reassignments_mean,proposed_noprop_waiting_minutes_mean,proposed_noprop_p_ge_real,proposed_conflicts_mean,proposed_conflicts_median,proposed_conflicts_q90,proposed_overlap_mean,proposed_reassignments_mean,proposed_waiting_minutes_mean,proposed_p_ge_real,date,buffer,mode,n_stands,n_rotations,regime,peak_occupancy,n_unassigned
111.0,4307.0,291.0,0.0,99.09,97.0,115.0,2637.9833011399805,281.7,0.0,0.14,99.07,98.5,114.30000000000003,2652.46404356992,290.0,0.0,0.17,80.67,80.5,95.10000000000001,1642.5847768897281,242.0,0.0,0.03,103.11,103.0,116.0,2968.9734239420122,287.85,0.0,0.2,2024-01-01,5.0,unconditional,120,587,normal,105,0
111.0,4307.0,291.0,0.0,96.7,97.0,107.10000000000001,2295.29105469343,277.3,0.0,0.07,96.58,96.0,110.10000000000001,2298.036135990429,277.4,0.0,0.1,80.77,82.0,94.0,1364.344902213949,246.2,0.0,0.0,100.12,101.0,112.0,2487.701636782503,278.85,0.0,0.14,2024-01-01,5.0,conditioned,120,587,normal,105,0
52.0,3287.0,200.0,0.0,40.18,36.0,65.10000000000001,1473.3593121281904,162.55,0.0,0.15,40.28,37.0,65.30000000000003,1483.354877147601,170.75,0.0,0.16,25.35,24.0,38.0,789.328963575253,120.05,0.0,0.03,43.07,40.0,72.10000000000001,1781.1544248483697,164.35,0.0,0.22,2024-01-01,15.0,unconditional,120,587,normal,105,0
52.0,3287.0,200.0,0.0,36.78,36.0,44.0,1217.8300696432248,159.1,0.0,0.0,36.82,36.0,44.0,1220.9252921828204,160.35,0.0,0.01,22.25,22.0,30.10000000000001,571.0601604934146,113.0,0.0,0.0,37.02,37.0,46.0,1403.303538725565,148.85,0.0,0.03,2024-01-01,15.0,conditioned,120,587,normal,105,0
105.0,3271.0,261.0,10.0,97.5,97.0,111.20000000000002,2497.3775981608255,274.1,7.505384872546034,0.24,97.02,96.5,112.10000000000001,2487.4429857945975,279.95,8.867150742126677,0.27,81.5,81.5,99.0,1500.8222952189278,250.9,4.847209950974195,0.02,98.92,99.0,113.20000000000002,2629.0135638950246,277.85,3.6972099509741954,0.27,2024-01-04,5.0,unconditional,115,556,normal,101,0
105.0,3271.0,261.0,10.0,93.49,93.0,103.0,2029.374163838667,269.2,24.32083650800655,0.04,94.18,94.5,106.10000000000001,2032.025663843594,268.3,9.063022834751957,0.14,82.7,83.0,95.10000000000001,1302.0193727300007,238.6,1.72126332475479,0.02,97.38,97.0,108.10000000000001,2158.1515650812344,264.6,2.1720018907226004,0.22,2024-01-04,5.0,conditioned,115,556,normal,101,0
40.0,2384.0,186.0,44.0,37.05,33.0,58.0,1314.723500452411,176.2,7.505384872546034,0.26,36.8,33.0,57.10000000000001,1305.5001337002168,186.65,9.734939730774006,0.26,22.98,22.0,35.10000000000001,646.445377003649,149.1,4.197209950974195,0.07,37.22,35.0,54.0,1496.2756227815685,183.85,6.247209950974195,0.35,2024-01-04,15.0,unconditional,115,556,normal,101,4
40.0,2384.0,186.0,44.0,31.61,32.0,39.0,985.0916632723006,173.45,9.2527722993976,0.09,31.73,31.5,40.0,985.5073356185685,178.3,9.063022834751957,0.11,19.81,19.0,29.0,473.5564953130647,134.5,1.27126332475479,0.0,31.25,30.0,41.0,1126.4625027307443,165.8,1.7220018907226007,0.15,2024-01-04,15.0,conditioned,115,556,normal,101,4
136.0,4750.0,333.0,0.0,115.86,114.0,132.10000000000002,3320.3144125814265,328.9,22.87850051629376,0.08,115.16,116.0,135.10000000000002,3289.7849258476194,334.25,20.120361014421736,0.1,93.33,90.5,111.10000000000001,1961.2340690288734,276.2,12.14778114467524,0.0,120.67,119.0,140.10000000000002,3718.9619271841775,320.3,12.297781144675241,0.15,2024-01-07,5.0,unconditional,113,637,normal,99,0
136.0,4750.0,333.0,0.0,112.29,112.0,123.0,2641.20231797804,309.15,8.217045690446128,0.02,112.83,113.0,124.20000000000002,2641.998292131988,316.55,8.217045690446128,0.02,94.94,93.0,112.10000000000001,1676.4475676951831,284.15,12.008016345465638,0.0,117.57,117.0,133.10000000000002,3013.3441541512025,321.35,12.008016345465638,0.07,2024-01-07,5.0,conditioned,113,637,normal,99,0
75.0,3252.0,231.0,0.0,51.14,45.0,81.10000000000001,1996.677663305563,224.75,22.87850051629376,0.19,50.58,44.0,79.10000000000001,1974.6178134807215,232.35,20.120361014421736,0.14,31.95,31.5,46.0,987.8509565138198,172.15,12.14778114467524,0.0,54.94,51.0,81.10000000000001,2371.9787408409834,219.8,12.297781144675241,0.15,2024-01-07,15.0,unconditional,113,637,normal,99,4
75.0,3252.0,231.0,0.0,42.69,43.0,51.0,1381.621893947779,204.45,8.217045690446128,0.0,42.66,42.0,52.0,1381.6844671151616,205.3,8.217045690446128,0.0,27.11,26.0,39.0,694.5639242490827,172.7,12.008016345465638,0.0,45.37,45.0,58.10000000000001,1714.1245221379952,208.4,12.008016345465638,0.01,2024-01-07,15.0,conditioned,113,637,normal,99,4
158.0,5281.0,321.0,0.0,112.97,111.5,127.10000000000001,3064.588379092144,320.1,0.0,0.0,113.08,112.5,130.0,3059.0650428012714,320.7,0.0,0.0,92.51,92.0,113.10000000000001,1769.8319831708202,281.8,0.0,0.0,115.79,114.0,136.10000000000002,3326.7133365873096,318.0,0.0,0.0,2024-01-10,5.0,unconditional,122,627,normal,107,0
158.0,5281.0,321.0,0.0,111.45,112.0,123.0,2538.983357411614,312.35,0.0,0.0,110.27,110.5,124.0,2523.3984937176892,318.95,16.07221797727096,0.0,92.28,93.0,108.0,1552.0656754025651,279.7,2.4,0.0,113.42,114.5,125.10000000000001,2781.7397663064417,312.75,2.5,0.0,2024-01-10,5.0,conditioned,122,627,normal,107,0
78.0,3321.0,237.0,0.0,46.5,42.0,73.10000000000001,1683.1908212275243,220.65,6.986558618821926,0.08,46.16,42.0,75.10000000000001,1685.333531327366,221.6,11.636558618821926,0.08,27.98,26.0,41.0,771.38943591434,175.85,2.9,0.0,47.12,42.5,70.0,1949.1710426592408,216.8,2.9,0.08,2024-01-10,15.0,unconditional,122,627,normal,107,7
78.0,3321.0,237.0,0.0,41.23,41.0,49.0,1313.4301093424015,212.5,11.560349502028368,0.0,40.88,40.0,50.10000000000001,1307.4443356531724,213.35,52.43024228704962,0.0,24.81,24.0,34.0,606.3379621461623,164.65,14.355301254876935,0.0,41.69,41.0,54.0,1515.769083920659,203.4,14.455301254876934,0.0,2024-01-10,15.0,conditioned,122,627,normal,107,7
101.0,3139.0,278.0,0.0,89.78,89.0,101.10000000000001,2252.6069437913893,259.55,129.92436052159147,0.12,89.46,88.0,102.10000000000001,2239.517743306128,259.75,60.37286184907166,0.2,74.55,73.0,91.0,1385.5476430459626,222.8,49.76487763957773,0.01,92.15,90.5,104.10000000000001,2445.4750223525866,258.7,37.414208212189806,0.22,2024-01-13,5.0,unconditional,115,538,normal,101,1
101.0,3139.0,278.0,0.0,87.2,86.0,97.10000000000001,1931.5468787193915,254.8,120.35060374276478,0.05,87.15,87.0,99.10000000000001,1934.9982934693646,252.45,113.31229638221582,0.08,73.0,72.0,86.10000000000001,1230.3690850479672,232.9,21.442417095710177,0.0,88.94,89.0,99.0,2089.721573723751,262.2,69.67162399713246,0.07,2024-01-13,5.0,conditioned,115,538,normal,101,1
52.0,1990.0,189.0,0.0,34.55,31.0,53.20000000000002,1218.8480672438388,187.2,83.62780126198263,0.12,34.37,32.0,50.50000000000004,1214.1430557312376,190.25,49.71664447857238,0.1,22.21,20.0,32.10000000000001,613.3398041944005,149.05,8.646205818504319,0.02,35.32,32.0,54.0,1369.229687452336,177.05,38.98720464529506,0.12,2024-01-13,15.0,unconditional,115,538,normal,101,6
52.0,1990.0,189.0,0.0,30.53,31.0,37.10000000000001,928.8652208743997,171.85,102.30256189817958,0.01,30.69,31.0,38.0,929.278429427944,173.6,63.60587238484582,0.01,19.43,19.0,27.10000000000001,470.2018365956836,153.15,22.326332387510497,0.0,30.47,29.0,41.0,1066.9524758480165,184.85,62.28359158564583,0.01,2024-01-13,15.0,conditioned,115,538,normal,101,6
120.0,6830.0,278.0,0.0,90.75,90.0,103.10000000000001,2553.47409817915,269.55,202.12791197345246,0.0,91.35,92.0,104.10000000000001,2574.7385019022404,266.6,189.1249397811218,0.01,74.58,74.0,88.10000000000001,1507.574835900859,241.85,99.94688342905123,0.0,90.65,90.0,102.10000000000001,2393.54751067009,261.55,96.31754985325537,0.02,2024-01-16,5.0,unconditional,111,498,degrade,97,2
120.0,6830.0,278.0,0.0,101.73,101.5,112.0,4214.23614778075,277.9,66.85592378543863,0.0,101.14,101.0,115.0,4189.7449052310385,277.3,110.957630256648,0.05,71.69,70.0,86.30000000000003,2150.9897483385753,233.2,56.11825744600278,0.0,94.25,94.0,109.0,3825.2814932205856,263.55,66.87481206698881,0.03,2024-01-16,5.0,conditioned,111,498,degrade,97,2
81.0,5024.0,205.0,14.0,35.92,32.0,60.0,1371.6044364569589,203.45,32.61284528641366,0.0,36.31,32.0,59.0,1379.683552447534,202.25,33.01957615337898,0.0,20.93,19.0,32.10000000000001,670.0289638658161,166.1,13.822395619031004,0.0,31.4,28.5,47.10000000000001,1281.141768205312,193.35,15.047553488928418,0.0,2024-01-16,15.0,unconditional,111,498,degrade,97,5
81.0,5024.0,205.0,14.0,55.13,54.5,63.0,2672.8980500304547,227.65,34.85683120937591,0.0,54.8,54.0,65.0,2650.741729571206,216.45,50.80675103283465,0.0,28.99,28.5,42.0,1239.0921737179053,159.45,39.136029256170744,0.0,47.12,46.0,62.10000000000001,2530.1511283206073,197.4,39.79978967404758,0.0,2024-01-16,15.0,conditioned,111,498,degrade,97,5
143.0,8602.0,324.0,3.0,109.88,109.5,124.0,2964.7371121844485,304.95,14.345228982766617,0.0,109.58,109.5,127.10000000000001,2963.897020792585,310.35,13.065480315457563,0.02,91.2,91.5,111.20000000000002,1786.9421738245399,280.25,3.9247608000030425,0.0,113.77,113.0,130.0,3246.6495447916623,316.1,3.9590272006932365,0.02,2024-01-19,5.0,unconditional,115,625,degrade,101,0
143.0,8602.0,324.0,3.0,123.86,123.0,133.20000000000002,5268.21985182907,325.3,26.29499585994348,0.01,123.39,123.0,139.10000000000002,5250.6775414780295,325.6,33.91077948253316,0.06,87.97,88.0,104.30000000000003,2821.8323142142267,264.2,5.577817166002427,0.0,124.69,125.5,141.20000000000002,5717.224822818765,314.5,38.827817166002426,0.1,2024-01-19,5.0,conditioned,115,625,degrade,101,0
101.0,6804.0,257.0,3.0,47.7,44.0,73.0,1742.6448323078741,198.4,14.345228982766617,0.0,47.46,44.0,73.10000000000001,1744.0234564281698,203.8,13.18142984783998,0.0,29.71,28.0,44.10000000000001,873.4525549091882,155.5,7.274640875847746,0.0,49.03,46.0,73.0,1999.4711682153488,196.65,7.424640875847746,0.0,2024-01-19,15.0,unconditional,115,625,degrade,101,5
101.0,6804.0,257.0,3.0,75.15,74.0,83.0,3765.4650769031537,244.95,26.29499585994348,0.0,75.29,75.0,86.0,3755.363740715788,245.2,33.91077948253316,0.02,43.45,43.0,58.20000000000002,1826.8589092844954,181.65,13.482214952549345,0.0,76.97,76.0,95.10000000000001,4244.951737158215,236.05,13.482214952549345,0.04,2024-01-19,15.0,conditioned,115,625,degrade,101,5
132.0,4318.0,334.0,0.0,109.91,109.0,124.10000000000001,3036.1446759702403,310.8,19.51641522068428,0.04,110.2,108.0,127.10000000000001,3039.8637015455756,301.5,19.31641522068428,0.06,91.85,90.0,109.30000000000003,1876.7043540023803,267.95,11.8,0.0,114.54,114.5,128.50000000000006,3342.272359287243,311.35,11.912336006387966,0.1,2024-01-22,5.0,unconditional,116,621,normal,102,0
132.0,4318.0,334.0,0.0,106.75,107.0,117.10000000000001,2451.1206401827203,309.6,9.87043555998377,0.0,106.69,107.0,123.0,2442.9449374405435,306.85,11.474508074106216,0.02,90.62,89.0,105.10000000000001,1560.552398631643,263.9,0.7359964817362084,0.0,110.97,110.5,125.0,2781.607064419516,307.1,0.891496481736192,0.0,2024-01-22,5.0,conditioned,116,621,normal,102,0
62.0,2436.0,226.0,0.0,46.98,42.0,75.0,1746.287192717238,212.1,12.549902929021812,0.21,47.06,43.0,72.10000000000001,1745.360217615095,212.05,12.942045379957744,0.18,29.6,28.0,43.50000000000004,885.5871603040425,165.7,11.8,0.02,48.41,44.0,76.20000000000002,2043.3035212593416,204.45,11.912336006387966,0.2,2024-01-22,15.0,unconditional,116,621,normal,102,4
62.0,2436.0,226.0,0.0,39.88,40.0,47.0,1255.437376898345,200.2,9.87043555998377,0.0,39.76,40.0,49.20000000000002,1252.0523991246203,201.55,11.474508074106216,0.0,26.34,25.0,36.0,659.7981768437099,161.75,0.7359964817362084,0.0,42.82,42.0,57.10000000000001,1600.9868083184972,202.6,3.645310642473402,0.06,2024-01-22,15.0,conditioned,116,621,normal,102,4
141.0,6210.0,341.0,1.0,115.16,115.0,127.0,3077.8827729401464,329.3,11.714952798492282,0.02,114.21,113.5,129.10000000000002,3080.317879313504,327.55,11.749667174522642,0.02,95.46,94.0,113.40000000000003,1869.7732794542617,291.05,7.3233777854502025,0.0,119.5,117.5,135.3,3372.998623778985,330.55,25.436118041643358,0.07,2024-01-25,5.0,unconditional,114,619,degrade,100,4
141.0,6210.0,341.0,1.0,126.91,128.0,137.10000000000002,5356.164053168542,338.05,27.540526863094165,0.07,127.42,126.5,141.10000000000002,5367.518930995237,339.55,39.32743360720265,0.13,92.54,91.5,112.0,2737.5032115669046,272.6,7.273653603657181,0.0,127.52,129.5,143.0,5476.008385905651,319.45,21.76832665131773,0.16,2024-01-25,5.0,conditioned,114,619,degrade,100,4
79.0,3794.0,286.0,1.0,46.82,41.5,72.10000000000001,1718.020537224692,250.3,13.249433913578258,0.03,46.98,41.0,77.10000000000001,1721.2951216826468,256.95,14.813648438506629,0.09,29.47,28.0,42.300000000000026,851.5641150756022,209.35,7.3233777854502025,0.0,48.43,45.5,76.10000000000001,2005.2987612003608,252.7,23.15838429280411,0.07,2024-01-25,15.0,unconditional,114,619,degrade,100,17
79.0,3794.0,286.0,1.0,73.72,74.0,83.10000000000001,3609.5193563162657,279.4,31.354989888833376,0.3,73.59,74.0,84.0,3623.89550264233,278.35,47.23456562340363,0.28,40.22,39.0,55.10000000000001,1645.3511635435937,207.2,2.1068814568390053,0.01,70.55,71.0,87.10000000000001,3798.041749987898,253.15,19.935226790225148,0.31,2024-01-25,15.0,conditioned,114,619,degrade,100,17
134.0,3491.0,311.0,0.0,116.82,115.0,133.0,3144.3040376935137,323.15,28.61846227542903,0.09,117.97,117.0,135.10000000000002,3180.1998797617034,317.2,28.61846227542903,0.15,99.72,98.0,117.0,2030.1882788282344,291.65,4.0890054561058715,0.03,123.73,122.0,143.20000000000002,3662.56778699869,327.5,18.07364924726637,0.18,2024-01-28,5.0,unconditional,112,632,normal,98,1
134.0,3491.0,311.0,0.0,112.39,112.0,122.0,2500.308048352634,313.55,65.6816599403583,0.01,112.71,112.5,124.20000000000002,2501.1608917313747,309.7,6.628793417273982,0.02,97.26,96.5,113.0,1637.1928428117853,284.65,31.21342224669927,0.01,118.59,119.0,132.20000000000002,2980.7673230498053,320.5,62.32011468893055,0.1,2024-01-28,5.0,conditioned,112,632,normal,98,1
51.0,1610.0,232.0,0.0,47.23,41.0,74.30000000000003,1782.945025953563,221.4,29.43559922919069,0.24,48.35,43.0,76.10000000000001,1802.8288815597386,224.95,29.543557678105504,0.28,31.84,28.5,53.10000000000001,1010.2712632807825,191.75,4.0890054561058715,0.11,52.13,47.0,83.20000000000002,2230.8560464664984,238.45,18.50848096022661,0.43,2024-01-28,15.0,unconditional,112,632,normal,98,8
51.0,1610.0,232.0,0.0,40.77,41.0,48.10000000000001,1284.2789995466758,212.05,6.660046953209149,0.06,40.52,41.0,49.0,1287.1658236645824,209.65,6.628793417273982,0.07,26.1,25.0,36.10000000000001,663.8319251436162,181.8,2.534730813968781,0.01,44.15,43.0,59.10000000000001,1661.49881980056,220.95,4.141423256200062,0.23,2024-01-28,15.0,conditioned,112,632,normal,98,8
120.0,3613.0,308.0,0.0,110.01,109.0,121.20000000000002,2841.530842194097,297.9,0.0,0.17,109.14,109.0,122.0,2815.556901129358,297.5,0.0,0.19,90.03,89.0,107.0,1710.6296419031705,255.7,0.0,0.01,114.35,114.0,126.10000000000001,3344.064183921763,298.35,0.05,0.27,2024-01-31,5.0,unconditional,121,630,normal,106,0
120.0,3613.0,308.0,0.0,107.54,107.0,116.0,2437.0058277701683,301.9,0.0,0.07,107.15,108.0,123.0,2431.8399593645336,305.65,0.0,0.16,90.07,89.5,108.30000000000003,1546.8351431021586,270.05,0.0,0.02,111.36,111.0,126.10000000000001,2838.8763613419533,306.8,0.0,0.25,2024-01-31,5.0,conditioned,121,630,normal,106,0
46.0,2081.0,178.0,76.0,45.33,41.0,69.20000000000002,1610.4337710271157,193.45,8.25432702625115,0.31,45.19,42.0,63.10000000000001,1596.2395188914356,195.2,8.25432702625115,0.34,27.58,27.0,39.0,794.25166311679,136.8,2.3071044430889684,0.05,47.56,45.0,68.10000000000001,2054.7355993236056,186.55,2.3071044430889684,0.46,2024-01-31,15.0,unconditional,121,630,normal,106,4
46.0,2081.0,178.0,76.0,39.92,40.0,47.0,1241.7104654119892,185.9,10.33424297704355,0.16,39.86,39.5,47.0,1235.9358855412195,187.8,10.215153019260544,0.16,25.31,25.0,35.0,630.7403511615871,146.5,2.6158370233925665,0.03,42.84,42.0,57.10000000000001,1612.8108595780361,181.0,2.7271763314869704,0.26,2024-01-31,15.0,conditioned,121,630,normal,106,4
130.0,5111.0,315.0,8.0,105.31,105.0,118.10000000000001,2892.731591295197,282.6,0.06144251913721064,0.03,104.64,103.0,123.0,2882.8353691324814,284.8,0.7237125225258467,0.03,85.14,85.5,101.0,1711.4615236309226,253.85,0.0,0.0,109.04,108.0,124.10000000000001,3295.526908112095,293.75,0.1,0.05,2024-02-03,5.0,unconditional,118,602,normal,103,0
130.0,5111.0,315.0,8.0,101.53,102.0,110.10000000000001,2335.9650303161848,283.1,0.10707109642006571,0.0,101.63,101.0,115.10000000000001,2338.151120516194,283.0,1.297193625445783,0.0,87.3,89.0,101.10000000000001,1475.9185628776804,247.1,0.8088931459335583,0.0,107.14,107.0,120.10000000000001,2706.876295103267,288.0,1.8177449857649264,0.0,2024-02-03,5.0,conditioned,118,602,normal,103,0
66.0,3701.0,239.0,8.0,45.82,40.0,73.10000000000001,1757.4551951594674,197.5,2.4677554968743154,0.21,45.34,39.5,74.10000000000001,1753.1023987238545,197.4,3.1300255002629513,0.17,27.36,26.0,40.10000000000001,844.5557540207108,159.2,0.0,0.01,48.15,45.0,69.10000000000001,2107.9474442843625,197.25,0.15364626495637027,0.15,2024-02-03,15.0,unconditional,118,602,normal,103,5
66.0,3701.0,239.0,8.0,37.38,37.0,45.0,1245.2068674121388,187.8,0.10707109642006571,0.0,37.56,37.0,46.10000000000001,1247.0169127741867,189.9,1.297193625445783,0.0,23.53,24.0,32.10000000000001,588.4342203847027,141.0,0.8088931459335583,0.0,39.82,39.0,53.0,1505.2105949111467,183.75,1.8177449857649264,0.01,2024-02-03,15.0,conditioned,118,602,normal,103,5
114.0,2865.0,284.0,19.0,99.78,100.0,114.0,2626.74159226139,273.0,0.0,0.11,101.46,101.0,115.20000000000002,2646.684642011867,276.45,0.0,0.13,85.12,84.0,101.0,1674.7296383361347,248.3,0.0,0.0,104.22,104.0,118.10000000000001,2824.931208010006,275.75,2.320177101741291,0.19,2024-02-06,5.0,unconditional,123,532,normal,108,0
114.0,2865.0,284.0,19.0,97.4,96.0,109.20000000000002,2241.810070405168,262.85,0.0,0.06,96.15,95.0,111.20000000000002,2215.7665906613825,264.9,0.0,0.09,84.52,84.5,97.20000000000002,1448.093202532222,247.7,0.0,0.02,101.96,102.0,117.0,2464.258186593102,271.6,3.081426813535103,0.11,2024-02-06,5.0,conditioned,123,532,normal,108,0
52.0,1855.0,212.0,19.0,37.38,34.5,57.10000000000001,1363.5249632328937,172.1,0.0,0.17,37.88,35.0,59.10000000000001,1376.4394545177781,172.85,0.0,0.17,23.39,22.0,36.0,714.2842476404121,141.15,0.0,0.01,37.82,34.0,58.0,1567.49540860932,170.7,2.320177101741291,0.16,2024-02-06,15.0,unconditional,123,532,normal,108,2
52.0,1855.0,212.0,19.0,32.39,32.0,39.0,1054.6946945867871,161.65,0.0,0.02,32.3,31.0,40.0,1049.1366621516,158.8,0.0,0.03,20.41,20.0,30.0,518.5191815930852,133.6,0.0,0.0,33.69,33.0,46.0,1223.9726036806562,165.85,0.0,0.02,2024-02-06,15.0,conditioned,123,532,normal,108,2
128.0,3741.0,305.0,130.0,115.28,115.0,126.20000000000002,3066.051648510653,317.55,100.4681128584047,0.1,115.59,114.0,136.10000000000002,3080.3164889698555,312.1,51.88733512682368,0.18,95.87,94.0,112.0,1813.2633552086406,281.15,97.55810764728821,0.02,119.55,120.0,134.10000000000002,3393.318853871777,316.55,99.13884194717731,0.21,2024-02-09,5.0,unconditional,116,636,normal,102,1
128.0,3741.0,305.0,130.0,113.4,113.0,123.0,2531.652652004126,309.1,35.161493394998345,0.05,113.06,112.5,129.0,2535.1930602587004,306.85,44.25669229864671,0.14,98.72,98.0,118.0,1727.2656460190574,285.35,60.33987702939398,0.02,120.86,121.5,133.10000000000002,3123.818115179481,317.25,64.28408238612009,0.27,2024-02-09,5.0,conditioned,116,636,normal,102,1
48.0,2133.0,203.0,130.0,47.29,42.5,72.10000000000001,1721.359557209556,215.65,81.93987750148044,0.31,47.3,43.0,74.10000000000001,1727.1656317092752,221.4,20.059099769899422,0.33,29.46,28.0,41.400000000000034,808.8919130323941,177.15,97.55810764728821,0.07,49.6,47.5,70.10000000000001,2018.8757535675325,218.45,99.13884194717731,0.5,2024-02-09,15.0,unconditional,116,636,normal,102,4
48.0,2133.0,203.0,130.0,40.99,41.0,48.0,1276.3039197059206,208.2,26.39750202698653,0.12,41.0,40.0,49.0,1275.4777319049444,205.15,44.25669229864671,0.14,27.69,26.0,39.0,723.2776260015556,174.1,26.489877029393977,0.02,45.24,44.0,59.10000000000001,1775.6943898190762,214.75,30.43408238612009,0.35,2024-02-09,15.0,conditioned,116,636,normal,102,4
107.0,4595.0,301.0,0.0,109.55,108.0,125.30000000000003,3011.3102366259845,306.85,0.0,0.58,108.19,108.0,124.10000000000001,2977.5438798794785,311.15,0.0,0.55,87.6,86.5,102.0,1773.8785291254615,270.55,0.0,0.03,112.74,112.0,127.10000000000001,3471.440874812462,308.8,0.0,0.68,2024-02-12,5.0,unconditional,119,630,normal,104,0
107.0,4595.0,301.0,0.0,104.81,105.0,113.10000000000001,2427.805392473328,303.05,0.0,0.41,105.05,105.0,119.0,2431.691268899238,306.1,0.0,0.44,88.26,89.0,104.0,1544.639216761772,269.4,0.0,0.06,109.31,109.0,120.0,2809.2460110822813,301.8,0.0,0.61,2024-02-12,5.0,conditioned,119,630,normal,104,0
57.0,2924.0,202.0,0.0,46.96,42.5,73.10000000000001,1784.3155476982388,202.65,0.019140777909854023,0.23,46.49,42.0,74.0,1763.186228361386,203.75,0.14801540015320142,0.24,28.08,27.0,41.0,837.0635115323391,157.4,0.33094731446773834,0.01,48.88,46.0,74.20000000000002,2139.559239284257,194.0,0.33094731446773834,0.26,2024-02-12,15.0,unconditional,119,630,normal,104,2
57.0,2924.0,202.0,0.0,39.92,41.0,48.0,1225.5279038123563,191.65,0.07775423698783471,0.01,39.96,41.0,49.10000000000001,1228.739461679492,191.9,0.1,0.01,25.29,24.0,35.0,644.1464159336102,143.2,0.0,0.0,42.32,42.0,54.10000000000001,1586.708410603823,190.35,0.26566229718638396,0.05,2024-02-12,15.0,conditioned,119,630,normal,104,2
117.0,2857.0,315.0,0.0,111.17,111.0,125.0,3081.8498663339556,316.1,0.0,0.24,111.37,111.0,126.10000000000001,3112.2886894535122,316.25,0.0,0.33,91.07,92.5,108.10000000000001,1796.4307510874905,274.8,0.0,0.03,117.02,117.0,135.0,3403.901766130684,314.25,0.0,0.51,2024-02-15,5.0,unconditional,124,644,normal,109,0
117.0,2857.0,315.0,0.0,108.78,109.0,120.10000000000001,2529.9960925001815,306.75,0.0,0.21,108.89,109.0,124.20000000000002,2530.757550079065,308.2,0.0,0.27,90.42,90.0,104.0,1483.3225503799235,272.2,0.0,0.01,112.78,113.5,126.0,2759.815246127774,313.25,0.0,0.38,2024-02-15,5.0,conditioned,124,644,normal,109,0
45.0,1178.0,180.0,0.0,46.74,42.5,72.0,1788.7344030816726,191.85,0.0,0.44,47.48,45.0,71.0,1797.4184657782002,200.9,0.0,0.51,28.4,27.0,41.20000000000002,826.3766152851914,145.05,0.0,0.07,49.06,45.0,71.10000000000001,2034.766034135191,199.7,3.7066018872009296,0.52,2024-02-15,15.0,unconditional,124,644,normal,109,2
45.0,1178.0,180.0,0.0,39.19,39.0,46.10000000000001,1282.7968771078579,183.25,0.0,0.21,39.61,39.5,48.0,1285.519886259708,189.75,0.0,0.19,24.01,24.0,33.0,573.9082017887853,134.9,0.0,0.0,41.25,41.0,52.0,1501.210661498294,185.65,0.0,0.35,2024-02-15,15.0,conditioned,124,644,normal,109,2
112.0,3338.0,273.0,0.0,112.54,111.0,128.10000000000002,3222.5441327669414,300.1,0.0,0.49,112.23,111.0,134.0,3251.502746865567,302.2,0.0,0.44,90.23,89.5,112.0,1803.8309919709823,266.85,0.0,0.11,115.25,113.0,133.0,3546.9851411624386,305.75,0.0,0.57,2024-02-18,5.0,unconditional,127,632,normal,111,0
112.0,3338.0,273.0,0.0,108.88,108.0,119.0,2518.6514136027968,290.5,0.0,0.37,107.32,107.5,121.0,2499.2617617723595,290.9,0.0,0.37,91.14,90.0,108.10000000000001,1548.1101945801752,266.45,0.0,0.08,111.79,113.0,126.0,2788.00678713196,301.5,0.0,0.53,2024-02-18,5.0,conditioned,127,632,normal,111,0
52.0,2644.0,207.0,0.0,48.2,42.0,73.0,1876.4773676440852,200.75,0.0,0.28,48.73,41.5,79.10000000000001,1891.5488837938674,209.6,1.1,0.28,28.15,26.0,41.0,841.0253503132617,167.85,4.171679284842634,0.04,49.54,45.0,71.30000000000003,2175.5626937977563,212.6,10.898479129408765,0.34,2024-02-18,15.0,unconditional,127,632,normal,111,3
52.0,2644.0,207.0,0.0,39.62,40.0,47.0,1265.9060952430643,189.25,2.8,0.03,39.79,40.0,47.10000000000001,1256.9987185663608,191.55,10.706545460420068,0.04,24.32,24.0,35.0,591.0105453232935,155.15,0.0,0.0,40.59,41.0,51.10000000000001,1518.1874174076768,202.5,0.0,0.1,2024-02-18,15.0,conditioned,127,632,normal,111,3
129.0,4312.0,329.0,6.0,110.52,108.0,129.0,2953.057717824433,301.4,2.2584267805161176,0.11,110.19,110.0,128.10000000000002,2941.1174601289804,304.3,7.486843668366487,0.1,93.19,93.0,111.0,1794.205759020645,270.8,0.0,0.01,117.07,117.0,134.0,3330.4927298086627,309.0,0.0,0.18,2024-02-21,5.0,unconditional,123,626,normal,108,0
129.0,4312.0,329.0,6.0,109.74,110.0,119.10000000000001,2480.175306150157,305.0,0.06274183494009548,0.01,110.28,111.0,124.10000000000001,2486.331328183629,304.25,0.0,0.04,93.85,92.0,112.30000000000003,1601.4937964029582,272.65,0.0,0.0,115.4,115.0,130.20000000000002,2892.516837861853,313.9,0.0,0.14,2024-02-21,5.0,conditioned,123,626,normal,108,0
50.0,2784.0,218.0,6.0,44.13,38.5,71.20000000000002,1626.8450650585212,213.05,2.2584267805161176,0.18,44.05,38.5,75.0,1630.204836852356,214.65,7.486843668366487,0.19,27.28,25.0,41.0,792.8334462066891,171.2,0.0,0.05,46.75,43.5,69.10000000000001,1972.515638243952,216.2,0.0,0.32,2024-02-21,15.0,unconditional,123,626,normal,108,2
50.0,2784.0,218.0,6.0,38.77,38.0,48.10000000000001,1214.7942825410732,211.4,0.06274183494009548,0.06,38.62,37.0,48.0,1216.542452617932,219.1,0.0,0.03,25.43,25.0,35.0,632.7389552512927,178.9,0.0,0.0,43.3,43.0,57.0,1591.9019841837292,219.65,0.0,0.3,2024-02-21,15.0,conditioned,123,626,normal,108,2
130.0,4404.0,322.0,0.0,109.6,109.0,122.10000000000001,3083.9853409083603,307.5,0.0,0.07,108.99,107.5,126.20000000000002,3056.6232225223275,303.6,0.0,0.08,88.16,88.5,106.10000000000001,1739.5688911438567,264.4,0.0,0.0,113.59,112.5,127.0,3443.0806869158077,303.05,0.0,0.09,2024-02-24,5.0,unconditional,133,620,normal,117,0
130.0,4404.0,322.0,0.0,107.61,108.0,117.0,2455.874093435227,304.15,0.0,0.0,106.69,107.0,120.0,2435.7748097519425,298.35,0.0,0.0,90.76,90.0,105.10000000000001,1487.319000110701,264.25,0.0,0.0,112.1,112.0,124.0,2725.7350554701598,301.25,0.0,0.05,2024-02-24,5.0,conditioned,133,620,normal,117,0
59.0,3088.0,233.0,0.0,45.3,39.0,71.20000000000002,1741.994139305302,204.05,3.16437245526173,0.21,44.51,39.0,69.20000000000002,1728.7570509630323,201.05,3.2771153186695074,0.2,27.67,25.5,42.10000000000001,785.6422906988068,160.55,0.649157926162502,0.0,47.71,43.0,70.10000000000001,2013.485667287683,204.3,0.649157926162502,0.21,2024-02-24,15.0,unconditional,133,620,normal,117,1
59.0,3088.0,233.0,0.0,38.11,38.0,44.0,1216.8677951537777,192.75,2.2093468570726715,0.0,38.09,38.0,46.10000000000001,1208.9160744934563,197.3,1.9675241384752327,0.0,23.92,23.0,33.0,567.347174964419,151.95,1.8814057197255125,0.0,39.69,39.0,53.0,1433.5467496859346,197.6,1.8814057197255125,0.03,2024-02-24,15.0,conditioned,133,620,normal,117,1
114.0,4163.0,297.0,53.0,108.76,107.0,124.0,3158.3142185888837,310.5,1.6961095120009475,0.34,109.16,106.5,131.0,3168.503848153985,303.8,11.051409477080517,0.39,86.74,86.0,102.20000000000002,1836.9675350304935,265.55,0.0,0.02,112.41,110.0,131.10000000000002,3592.9641675935773,309.7,1.9,0.42,2024-02-27,5.0,unconditional,118,605,normal,103,0
114.0,4163.0,297.0,53.0,103.37,103.5,113.0,2420.954315313838,295.3,2.8274159454368943,0.09,103.97,103.5,117.10000000000001,2428.203677904665,296.75,4.447150017879721,0.19,86.66,87.0,104.20000000000002,1475.8376920301669,264.4,1.9799898913641072,0.01,107.63,108.0,123.0,2730.170861847611,301.4,0.5265279257732345,0.29,2024-02-27,5.0,conditioned,118,605,normal,103,0
47.0,3021.0,208.0,53.0,46.17,41.5,67.10000000000001,1769.0479428364224,214.25,4.200911651669031,0.34,46.32,40.5,71.0,1788.3558650875705,217.65,13.406211616748601,0.31,27.45,25.0,41.0,866.0284622873104,171.05,0.0,0.08,48.42,42.0,81.0,2212.7545511826575,209.3,2.6496661900672054,0.32,2024-02-27,15.0,unconditional,118,605,normal,103,10
47.0,3021.0,208.0,53.0,37.53,36.0,46.0,1174.5574676728718,206.45,3.226864417325197,0.09,37.78,37.5,48.0,1175.5365951385438,210.15,2.6312682078142644,0.15,23.81,24.0,31.200000000000017,568.7456664781391,171.55,2.729989891364107,0.0,40.01,39.0,51.10000000000001,1445.320631374664,204.35,3.1691489627765295,0.23,2024-02-27,15.0,conditioned,118,605,normal,103,10
122.0,4341.0,353.0,0.0,113.86,112.0,131.0,3055.6091623244074,315.9,0.0,0.24,113.9,112.0,134.10000000000002,3053.350874851601,322.55,0.0,0.25,91.76,91.5,107.0,1842.7883205725893,282.05,0.0,0.02,117.11,115.0,134.10000000000002,3563.2745328248147,320.3,0.0,0.34,2024-03-01,5.0,unconditional,124,640,normal,109,0
122.0,4341.0,353.0,0.0,109.58,110.0,120.0,2482.2391165490185,305.7,0.0,0.06,109.58,108.0,125.0,2490.9814674121512,306.65,0.0,0.19,93.89,93.5,110.0,1568.3328652801738,272.1,0.0,0.03,115.3,113.5,128.10000000000002,2860.459796985961,311.3,0.0,0.27,2024-03-01,5.0,conditioned,124,640,normal,109,0
48.0,2437.0,198.0,0.0,46.34,41.0,73.20000000000002,1714.9833176081117,191.65,0.0,0.25,46.21,41.0,77.10000000000001,1726.3899906997303,197.85,0.0,0.26,28.71,26.0,43.0,858.6795043680568,146.9,0.0,0.06,49.75,45.5,73.0,2154.604443189809,193.6,0.0,0.45,2024-03-01,15.0,unconditional,124,640,normal,109,2
48.0,2437.0,198.0,0.0,39.46,39.0,48.10000000000001,1211.3082340512462,174.0,0.0,0.11,39.77,39.0,49.0,1212.6608160771855,177.05,0.0,0.14,25.68,26.0,36.0,616.1762767708929,128.8,0.0,0.01,42.78,43.0,54.10000000000001,1545.287352655959,182.95,0.0,0.3,2024-03-01,15.0,conditioned,124,640,normal,109,2
107.0,2564.0,291.0,0.0,116.56,116.0,129.10000000000002,3127.280527471831,313.95,1.7191440089277932,0.83,117.02,117.0,134.0,3125.4369654478105,315.15,3.3680021520580623,0.82,96.19,95.0,113.0,1909.1203627090947,283.55,15.699912565514712,0.19,120.35,119.5,135.10000000000002,3498.0235871089853,322.25,68.12858984202677,0.9,2024-03-04,5.0,unconditional,121,639,normal,106,0
107.0,2564.0,291.0,0.0,112.95,113.0,123.0,2537.8855841084815,312.4,27.626513830232188,0.78,112.69,111.5,127.10000000000001,2533.1652815749608,305.55,28.904344420750043,0.69,95.39,95.0,111.0,1643.3535385175614,267.55,2.0,0.2,116.15,116.0,131.0,2891.677044074435,307.15,25.511797757425832,0.82,2024-03-04,5.0,conditioned,121,639,normal,106,0
54.0,1793.0,245.0,0.0,46.88,42.0,75.0,1704.7513066035788,197.35,0.1442919621376973,0.24,47.12,42.0,74.0,1700.4173397208517,203.05,0.026356518040995525,0.25,28.7,27.0,43.10000000000001,846.2451657541412,174.2,0.41292328203982154,0.04,49.47,45.5,74.0,2055.8149333349447,217.15,3.55007510901043,0.29,2024-03-04,15.0,unconditional,121,639,normal,106,4
54.0,1793.0,245.0,0.0,39.54,39.0,49.0,1215.0720939636683,202.2,1.8,0.0,39.55,39.0,48.0,1212.7853161893156,199.65,3.002604272018277,0.02,26.37,26.0,37.0,662.3244745074918,165.35,2.0,0.01,44.14,43.0,57.10000000000001,1595.3918969042932,210.75,2.35,0.14,2024-03-04,15.0,conditioned,121,639,normal,106,4
121.0,4710.0,294.0,0.0,118.74,119.0,132.0,3319.40328703216,317.1,1.9038477456147178,0.39,118.3,118.5,135.0,3315.930749972752,310.5,0.0,0.43,95.16,96.0,113.10000000000001,1901.9215865743786,277.95,0.0,0.02,122.03,122.0,142.10000000000002,3711.4063465312356,323.5,0.0,0.55,2024-03-07,5.0,unconditional,124,645,normal,109,0
121.0,4710.0,294.0,0.0,112.98,113.5,125.10000000000001,2572.0086046674255,307.6,19.95,0.18,112.93,113.0,127.0,2578.3468887365784,296.8,20.81386402646097,0.25,97.14,96.0,115.10000000000001,1680.6566005834136,267.4,0.017835643481475927,0.07,120.38,120.0,137.0,3085.5791668283123,305.25,0.35585856741860766,0.47,2024-03-07,5.0,conditioned,124,645,normal,109,0
54.0,3372.0,239.0,0.0,50.55,46.0,77.0,1934.200858693442,233.45,3.1317623183283105,0.26,50.37,46.0,76.0,1939.0648214289058,234.1,0.7922179187629581,0.27,29.57,27.0,43.20000000000002,881.7634817602874,197.3,2.8202093990740877,0.05,52.28,47.0,79.20000000000002,2323.5755829963387,237.85,19.12020939907409,0.39,2024-03-07,15.0,unconditional,124,645,normal,109,5
54.0,3372.0,239.0,0.0,40.81,40.5,49.0,1268.2757478734165,231.1,2.3333876206860737,0.03,40.62,40.0,49.0,1271.595058613239,226.3,21.28142602035994,0.04,27.09,26.0,38.20000000000002,679.4843913846287,187.95,0.8774018119324183,0.01,45.77,44.0,58.300000000000026,1752.0897826368923,226.8,0.35585856741860766,0.15,2024-03-07,15.0,conditioned,124,645,normal,109,5
150.0,7094.0,360.0,14.0,124.59,123.5,139.0,3443.5657696706157,333.0,58.446932764403414,0.02,125.48,124.5,143.0,3468.0578022078307,331.15,78.04312656093926,0.07,101.16,101.0,122.0,1944.4892617451956,287.0,12.568701039103576,0.0,128.28,127.5,143.0,3803.9354380018613,331.85,24.818701039103576,0.02,2024-03-10,5.0,unconditional,120,651,normal,105,0
150.0,7094.0,360.0,14.0,120.64,120.0,134.10000000000002,2766.532474706056,333.35,37.16485055153596,0.0,120.58,120.5,134.10000000000002,2762.875792140846,328.0,38.47552285664357,0.0,101.38,103.0,115.0,1742.150401450078,293.95,27.862634739044477,0.0,125.09,125.5,141.0,3188.733807656191,336.6,26.132385958976585,0.0,2024-03-10,5.0,conditioned,120,651,normal,105,0
86.0,5032.0,275.0,14.0,51.18,44.0,81.0,1954.2702054737229,240.05,0.48318238570628863,0.03,50.98,44.0,82.0,1954.541942760199,235.1,15.952372136228451,0.05,30.64,30.0,43.10000000000001,879.0567857097485,175.45,0.0,0.0,52.19,50.0,81.10000000000001,2236.0766898898087,224.65,0.0,0.08,2024-03-10,15.0,unconditional,120,651,normal,105,6
86.0,5032.0,275.0,14.0,42.58,42.0,52.0,1336.8786728842927,217.55,16.901500376459232,0.0,42.79,43.0,52.0,1337.6499522855406,223.25,17.64478148306865,0.0,27.38,25.0,39.0,675.6750743539304,173.9,0.05,0.0,46.44,44.5,61.0,1737.056834428328,217.8,0.5541545100564406,0.0,2024-03-10,15.0,conditioned,120,651,normal,105,6
141.0,4729.0,306.0,0.0,112.35,111.5,126.10000000000001,3186.840295915403,311.2,0.0,0.01,112.36,111.5,128.10000000000002,3183.049436072557,305.95,0.0,0.03,89.78,91.0,104.10000000000001,1751.3920119557706,268.15,0.0,0.0,116.05,114.0,133.20000000000002,3476.8324802827437,306.95,0.0,0.03,2024-03-13,5.0,unconditional,121,637,normal,106,0
141.0,4729.0,306.0,0.0,108.06,108.5,116.0,2558.6415030517196,298.05,0.0,0.0,108.05,107.5,121.0,2554.208088198183,300.85,0.0,0.0,91.57,91.0,106.0,1574.957271823854,263.6,0.0,0.0,114.94,114.0,127.0,3008.656629834999,302.6,0.0,0.0,2024-03-13,5.0,conditioned,121,637,normal,106,0
42.0,3050.0,198.0,0.0,47.27,42.0,74.10000000000001,1857.8219428915463,181.65,0.0,0.51,46.91,42.0,71.10000000000001,1844.457493757634,182.45,0.0,0.54,26.41,25.0,38.20000000000002,783.7624880262225,129.75,0.0,0.09,48.57,46.0,71.20000000000002,2110.7161437899035,187.1,0.0,0.6,2024-03-13,15.0,unconditional,121,637,normal,106,1
42.0,3050.0,198.0,0.0,39.82,40.0,48.0,1277.0617649862002,174.55,0.0,0.33,39.57,39.0,47.0,1275.9472191122459,174.7,0.0,0.38,25.29,25.0,33.10000000000001,640.5650702488524,131.8,0.0,0.01,43.48,43.0,55.20000000000002,1701.12088317724,176.85,0.0,0.58,2024-03-13,15.0,conditioned,121,637,normal,106,1
131.0,4074.0,334.0,0.0,116.23,116.0,130.20000000000002,3044.275566295236,314.25,20.4,0.1,115.71,114.0,135.0,3060.4657934933225,313.55,2.675774223430966,0.14,96.81,95.5,114.20000000000002,1892.4611347669554,278.1,0.75,0.01,121.24,121.0,137.20000000000002,3359.4780323384957,314.45,2.7,0.23,2024-03-16,5.0,unconditional,123,624,normal,108,0
131.0,4074.0,334.0,0.0,111.69,111.0,120.0,2541.5864981867985,310.75,17.066487588841802,0.02,112.19,112.5,126.10000000000001,2560.4356998513013,310.45,15.404092897930799,0.06,95.53,95.0,112.10000000000001,1582.6518591736324,288.45,18.25,0.0,117.32,116.0,130.0,2750.9560008815542,328.5,18.566886109213783,0.07,2024-03-16,5.0,conditioned,123,624,normal,108,0
57.0,2591.0,305.0,0.0,45.89,41.0,69.0,1678.1257093345841,219.1,1.85,0.19,45.73,42.0,70.20000000000002,1687.4707744520178,214.45,3.6118766858316294,0.2,28.74,28.0,39.0,835.1015265870191,163.1,0.65,0.0,47.64,46.0,69.0,1919.5656884448408,210.05,2.05,0.22,2024-03-16,15.0,unconditional,123,624,normal,108,5
57.0,2591.0,305.0,0.0,39.43,39.0,47.0,1243.1544109120582,217.45,3.166487588841801,0.0,39.61,39.5,48.0,1252.1478609070152,217.25,3.054092897930798,0.0,25.39,25.0,34.10000000000001,614.4447493934683,177.8,0.0,0.0,41.37,41.5,52.10000000000001,1446.0583768172428,219.55,0.06688610921378313,0.05,2024-03-16,15.0,conditioned,123,624,normal,108,5
138.0,4882.0,334.0,0.0,112.34,111.0,124.50000000000004,3100.106405773481,305.15,0.04348158984424799,0.04,112.24,111.0,128.20000000000002,3105.411835317991,307.6,0.15389526989571323,0.05,91.24,90.0,108.10000000000001,1793.9067620231688,263.5,0.0,0.0,116.47,115.0,134.10000000000002,3438.034367520478,307.0,0.15330544967411014,0.06,2024-03-19,5.0,unconditional,123,634,normal,108,1
138.0,4882.0,334.0,0.0,107.87,107.0,118.10000000000001,2526.535144968811,305.9,1.2570526835407236,0.0,107.36,107.0,122.0,2523.2162186154324,310.45,2.5341642616805986,0.0,91.75,91.0,107.20000000000002,1604.6600110624452,276.8,0.003167356184428627,0.0,113.53,114.0,126.10000000000001,2900.166508578174,316.85,0.1689372009408771,0.01,2024-03-19,5.0,conditioned,123,634,normal,108,1
61.0,2802.0,234.0,0.0,46.48,40.5,72.10000000000001,1755.804042709855,176.35,0.04348158984424799,0.2,46.79,42.0,72.0,1762.963172527484,179.95,0.15389526989571323,0.18,28.13,27.0,41.10000000000001,825.8253279981403,133.4,0.0,0.0,48.81,44.5,71.50000000000004,2093.9785749390417,190.5,0.15330544967411014,0.2,2024-03-19,15.0,unconditional,123,634,normal,108,2
61.0,2802.0,234.0,0.0,39.61,39.0,47.0,1274.0728469963017,165.9,1.2570526835407236,0.0,39.2,39.0,46.0,1270.5419009257184,167.35,2.5341642616805986,0.0,26.11,25.0,34.10000000000001,659.4990610774813,129.35,0.003167356184428627,0.0,43.55,43.0,57.0,1617.3946243058538,173.35,0.1689372009408771,0.04,2024-03-19,15.0,conditioned,123,634,normal,108,2
106.0,2806.0,319.0,0.0,115.96,114.0,132.10000000000002,3185.502728984463,310.75,26.12916805086697,0.83,114.68,113.0,132.10000000000002,3166.1220401034348,311.35,19.899589408832288,0.76,92.68,94.0,110.10000000000001,1803.5067521004673,272.9,20.630244385662763,0.14,119.61,118.5,142.0,3578.1391764992004,311.9,16.643015683649498,0.86,2024-03-22,5.0,unconditional,121,645,normal,106,0
106.0,2806.0,319.0,0.0,112.64,113.0,122.0,2586.738621101572,306.55,0.0,0.86,111.7,112.0,126.0,2560.39459796859,304.45,0.0,0.69,94.16,94.5,109.0,1584.2386598496707,267.65,1.05,0.17,116.59,117.0,129.0,2992.465013556421,312.65,3.2155806005989063,0.82,2024-03-22,5.0,conditioned,121,645,normal,106,0
44.0,1523.0,197.0,0.0,49.97,44.0,76.0,1849.2086217640658,227.85,29.222923363602284,0.55,49.66,44.0,77.0,1841.2567539103488,223.9,14.67114303287168,0.54,30.06,27.0,47.0,861.3964900418624,177.45,5.713999999999942,0.16,51.9,46.0,82.30000000000003,2201.1107321758714,227.0,17.980683746628053,0.57,2024-03-22,15.0,unconditional,121,645,normal,106,5
44.0,1523.0,197.0,0.0,42.17,42.0,50.10000000000001,1291.1915576448187,217.2,8.236731977487244,0.42,41.56,42.0,50.10000000000001,1278.0925200340666,217.85,8.236731977487244,0.41,26.46,26.0,35.10000000000001,636.0481874508646,170.4,15.75,0.01,44.76,45.0,54.10000000000001,1669.130658453909,217.75,18.25,0.56,2024-03-22,15.0,conditioned,121,645,normal,106,5
123.0,4281.0,374.0,0.0,122.16,119.5,140.0,3399.6971320355433,316.45,1.1,0.42,121.66,121.0,139.10000000000002,3387.006349229922,316.9,0.7,0.46,99.0,99.0,117.10000000000001,1930.075444619607,277.7,13.85,0.06,126.47,124.0,140.10000000000002,3781.6993229692034,318.9,13.85,0.56,2024-03-25,5.0,unconditional,119,646,normal,104,0
123.0,4281.0,374.0,0.0,117.14,117.0,126.10000000000001,2732.1778149526635,315.2,0.0,0.2,116.54,116.0,133.0,2704.558773006084,316.15,0.0,0.27,99.03,99.0,115.0,1679.2577701457103,285.35,0.09860712028068974,0.04,122.99,122.0,136.10000000000002,3138.3296739708067,324.1,2.8486071202806897,0.49,2024-03-25,5.0,conditioned,119,646,normal,104,0
63.0,2755.0,296.0,33.0,50.78,46.0,77.0,1958.3560119513122,215.2,5.656052424411837,0.2,50.39,45.0,75.20000000000002,1955.4644102199838,215.25,3.286682520814736,0.2,30.14,28.0,43.0,877.8777098068966,158.85,24.733237892359927,0.01,53.56,50.0,76.0,2277.835201817709,213.75,28.119289462408318,0.25,2024-03-25,15.0,unconditional,119,646,normal,104,3
63.0,2755.0,296.0,33.0,42.86,43.0,50.0,1396.4518237180496,210.35,2.3010195841053247,0.0,42.11,42.0,49.10000000000001,1385.4690927558383,215.95,20.402643460805315,0.0,27.9,27.0,40.0,690.7416900196963,173.85,5.9668739701079065,0.0,47.3,46.5,61.0,1775.6498183802,222.4,26.528127685835823,0.07,2024-03-25,15.0,conditioned,119,646,normal,104,3
146.0,5302.0,331.0,0.0,117.44,117.0,129.10000000000002,3206.884960448972,319.35,0.0,0.0,117.46,117.0,134.10000000000002,3213.1539604274203,323.8,0.0,0.03,96.92,98.0,113.10000000000001,1813.386090511184,276.95,0.0,0.0,122.66,123.0,139.20000000000002,3461.4936620024073,319.15,0.0,0.02,2024-03-28,5.0,unconditional,121,650,normal,106,0
146.0,5302.0,331.0,0.0,112.56,113.0,123.0,2597.7950836688005,306.45,0.0,0.0,113.49,113.0,125.10000000000001,2620.881280013499,311.6,0.0,0.0,98.01,99.0,115.10000000000001,1649.848953053242,273.8,0.0,0.0,120.21,119.5,137.0,2972.226917497969,314.9,0.0,0.02,2024-03-28,5.0,conditioned,121,650,normal,106,0
75.0,3655.0,239.0,0.0,47.39,42.0,76.10000000000001,1793.2310176738652,200.35,0.34100141850448723,0.12,47.39,42.0,74.0,1795.0199092946757,203.8,0.34100141850448723,0.09,28.46,27.0,40.10000000000001,807.6828484374719,153.05,4.937448083466757,0.0,48.28,44.0,75.0,2000.5869772103774,196.75,4.937448083466757,0.11,2024-03-28,15.0,unconditional,121,650,normal,106,3
75.0,3655.0,239.0,0.0,40.65,40.5,48.0,1298.9217830762216,188.35,18.916999999999824,0.0,40.92,41.0,48.10000000000001,1301.7102511697467,194.05,18.916999999999824,0.0,26.09,26.0,35.0,626.0544490478105,140.7,0.0,0.0,43.21,42.5,55.0,1571.6996293898874,183.9,0.0,0.0,2024-03-28,15.0,conditioned,121,650,normal,106,3
154.0,4409.0,357.0,0.0,125.99,125.0,141.10000000000002,3481.5497169272303,328.75,0.0,0.01,126.4,125.5,145.10000000000002,3498.692467311928,328.4,0.0,0.03,103.98,103.5,124.0,1992.0633466127156,279.8,0.0,0.0,131.28,132.0,148.20000000000002,3740.246297109134,319.85,0.04618496783059527,0.08,2024-03-31,5.0,unconditional,124,650,normal,109,0
154.0,4409.0,357.0,0.0,121.72,122.0,133.0,2760.6551050268395,334.6,0.0,0.0,121.69,122.0,138.20000000000002,2767.2123816575822,332.8,0.0,0.03,106.26,104.5,125.20000000000002,1764.7480579809824,295.45,0.0,0.0,129.65,129.0,145.10000000000002,3141.755865654301,333.3,0.0,0.01,2024-03-31,5.0,conditioned,124,650,normal,109,0
67.0,2516.0,252.0,15.0,49.95,45.0,74.10000000000001,1903.5682729052305,193.7,0.0,0.21,50.29,45.0,76.0,1915.2554107482458,190.65,0.0,0.2,29.93,27.0,47.20000000000002,873.038473642288,130.8,0.0,0.0,51.77,48.0,77.10000000000001,2101.7947416619563,180.75,0.04618496783059527,0.21,2024-03-31,15.0,unconditional,124,650,normal,109,0
67.0,2516.0,252.0,15.0,41.34,42.0,49.10000000000001,1326.9149836163335,181.9,0.0,0.0,41.93,41.0,52.10000000000001,1330.4020020039252,183.35,0.0,0.0,26.38,26.0,34.20000000000002,639.403101614308,124.85,0.0,0.0,44.05,43.0,54.10000000000001,1614.7722116209718,173.35,0.0,0.0,2024-03-31,15.0,conditioned,124,650,normal,109,0
113.0,5894.0,315.0,0.0,101.54,99.0,119.10000000000001,2881.8161138402547,288.15,0.10474903032334168,0.18,100.69,99.5,117.0,2863.680358730328,284.75,0.22551169931680307,0.2,81.81,83.0,98.20000000000002,1711.1432386642937,263.25,0.0,0.0,102.7,102.0,119.10000000000001,3060.1492780892213,293.0,0.29824756853658985,0.23,2024-04-03,5.0,unconditional,122,602,degrade,107,0
113.0,5894.0,315.0,0.0,113.71,113.5,123.0,4695.880644825247,302.4,0.0,0.54,114.15,113.0,132.10000000000002,4705.303234997597,294.65,0.11737711139430189,0.53,80.15,80.0,96.10000000000001,2368.3348627655264,246.15,0.0,0.0,111.12,111.0,129.0,4768.439615975191,286.45,0.0,0.41,2024-04-03,5.0,conditioned,122,602,degrade,107,0
77.0,4549.0,267.0,0.0,43.93,38.5,68.0,1666.3764229693652,193.05,0.10474903032334168,0.02,43.47,38.0,68.0,1654.6534265874327,190.25,0.22551169931680307,0.03,26.59,25.0,40.10000000000001,817.3323449422601,156.15,0.0,0.0,43.92,39.5,69.0,1894.1804587478625,195.05,0.29824756853658985,0.03,2024-04-03,15.0,unconditional,122,602,degrade,107,3
77.0,4549.0,267.0,0.0,66.53,66.0,77.10000000000001,3234.4673448167946,227.85,0.01542517055903545,0.13,66.41,65.5,79.0,3235.8949836089687,223.65,0.13280228195333735,0.14,36.46,36.0,49.10000000000001,1450.8920976737409,157.8,0.0,0.0,63.87,63.5,83.0,3452.6626808686983,205.95,0.0,0.13,2024-04-03,15.0,conditioned,122,602,degrade,107,3
129.0,3996.0,371.0,0.0,119.75,118.0,138.10000000000002,3372.8286264033522,334.25,0.0,0.21,119.8,119.5,140.20000000000002,3357.4881718827423,329.6,0.0,0.26,98.03,100.0,114.0,2028.5690291106478,284.1,0.0,0.01,125.95,125.0,142.10000000000002,3904.384141687131,333.4,0.0,0.39,2024-04-06,5.0,unconditional,132,668,normal,116,0
129.0,3996.0,371.0,0.0,116.14,117.0,127.10000000000001,2655.205491628516,328.85,0.0,0.09,114.24,113.5,131.0,2606.148245065155,322.45,0.0,0.13,96.79,96.5,117.0,1686.4599437755016,276.2,0.0,0.02,120.28,119.0,137.10000000000002,3069.331711247886,319.75,0.0,0.26,2024-04-06,5.0,conditioned,132,668,normal,116,0
46.0,2277.0,202.0,0.0,48.86,43.0,75.10000000000001,1840.30576362703,202.95,0.0,0.41,48.74,44.5,75.0,1832.1712186376628,200.1,0.0,0.39,31.61,30.0,48.0,961.1583440743453,151.7,0.0,0.14,53.8,48.5,81.20000000000002,2348.8613626304314,201.8,0.0,0.61,2024-04-06,15.0,unconditional,132,668,normal,116,1
46.0,2277.0,202.0,0.0,41.37,41.0,50.10000000000001,1273.770342236218,195.5,0.0,0.29,40.68,41.0,50.0,1253.6824312531755,193.4,0.0,0.29,25.7,25.0,37.0,636.0795542559088,134.2,0.0,0.02,44.26,43.0,57.10000000000001,1642.1349225708836,182.1,0.0,0.4,2024-04-06,15.0,conditioned,132,668,normal,116,1
115.0,4832.0,312.0,0.0,116.02,115.0,130.10000000000002,3222.331760943408,323.25,0.0,0.52,117.5,118.5,134.0,3240.2492330081177,332.7,0.0,0.61,97.81,96.0,115.10000000000001,1942.0853587763722,295.75,0.0,0.11,121.31,121.5,136.0,3496.5036933415877,330.7,0.3688515646200301,0.75,2024-04-09,5.0,unconditional,124,632,normal,109,0
115.0,4832.0,312.0,0.0,113.55,112.5,126.0,2519.401922565437,314.7,0.0,0.44,114.91,113.0,132.10000000000002,2546.274953513222,319.7,0.0,0.45,97.97,98.0,116.10000000000001,1662.1537903321428,288.95,0.0,0.11,117.93,118.0,132.10000000000002,2892.549543293418,329.05,0.0,0.69,2024-04-09,5.0,conditioned,124,632,normal,109,0
55.0,3472.0,228.0,0.0,49.3,43.0,76.10000000000001,1832.5545877357276,223.55,0.0,0.27,49.25,43.0,76.0,1841.0711681736866,228.95,0.0,0.27,30.77,29.0,44.0,914.4743402625909,185.0,0.0,0.03,50.13,44.5,75.10000000000001,2081.4086482392454,228.05,0.3688515646200301,0.32,2024-04-09,15.0,unconditional,124,632,normal,109,2
55.0,3472.0,228.0,0.0,40.78,41.0,49.10000000000001,1263.443290865498,193.65,0.0,0.01,41.62,41.0,50.10000000000001,1275.9723610809847,198.55,0.0,0.04,26.92,26.0,38.0,634.5107158110242,160.05,0.0,0.0,43.27,43.0,55.20000000000002,1512.933445269051,203.9,0.0,0.12,2024-04-09,15.0,conditioned,124,632,normal,109,2
178.0,8789.0,370.0,0.0,133.62,132.5,151.20000000000002,3647.7030538198574,363.7,0.0,0.0,133.09,133.5,154.0,3648.753893134178,369.75,0.0,0.0,108.77,109.5,130.0,2156.932790623747,316.25,0.5546034243589532,0.0,140.74,139.0,162.0,4264.4832549541925,373.8,1.6546034243589531,0.02,2024-04-12,5.0,unconditional,128,711,degrade,112,0
178.0,8789.0,370.0,0.0,149.47,149.0,162.10000000000002,6372.724022524295,387.6,0.0,0.01,150.06,150.0,170.10000000000002,6397.481473601711,396.1,0.0,0.03,107.23,108.0,128.0,3293.4346660352167,315.0,0.0,0.0,154.5,153.0,175.20000000000002,6903.765430279558,375.65,0.0,0.09,2024-04-12,5.0,conditioned,128,711,degrade,112,0
96.0,5974.0,272.0,0.0,54.69,48.0,83.20000000000002,2011.7091695044955,229.55,0.0,0.02,54.62,49.5,84.20000000000002,2006.9394069448254,227.65,0.12723269156005584,0.05,33.27,31.0,51.10000000000001,985.5256894350539,173.65,0.5546034243589532,0.0,59.77,55.5,94.20000000000002,2567.81520393965,229.65,1.6546034243589531,0.1,2024-04-12,15.0,unconditional,128,711,degrade,112,1
96.0,5974.0,272.0,0.0,86.42,86.5,98.0,4208.74949367166,277.8,0.0,0.16,86.79,86.0,103.0,4243.05831427844,288.0,0.0,0.23,48.43,46.5,65.0,2007.0145867263968,189.2,0.0,0.0,90.13,91.0,111.0,4903.234537136591,259.7,0.0,0.36,2024-04-12,15.0,conditioned,128,711,degrade,112,1
141.0,5071.0,361.0,0.0,135.21,133.5,154.0,3797.202321688179,367.6,0.0,0.3,135.59,134.0,154.10000000000002,3785.3619919678526,367.25,0.0,0.38,108.78,109.0,127.0,2092.4611747576696,316.5,0.0,0.02,140.33,138.0,156.20000000000002,4105.111339393772,370.7,0.0,0.44,2024-04-15,5.0,unconditional,127,719,normal,111,0
141.0,5071.0,361.0,0.0,130.48,131.0,141.10000000000002,2988.410409847981,358.9,0.0,0.14,131.67,132.5,149.10000000000002,3003.0051907648317,358.85,0.0,0.21,110.68,112.0,129.10000000000002,1909.5160610571725,316.2,0.0,0.05,137.52,137.5,153.10000000000002,3517.0328795790424,365.75,0.0,0.38,2024-04-15,5.0,conditioned,127,719,normal,111,0
67.0,3415.0,222.0,0.0,58.76,52.0,90.20000000000002,2176.625337055675,214.45,0.0,0.25,58.64,52.0,89.0,2172.7765501673653,225.75,0.0,0.26,33.01,31.0,46.20000000000002,945.4711600533092,162.2,0.0,0.0,59.37,55.0,89.10000000000001,2458.5055962113,213.5,0.0,0.26,2024-04-15,15.0,unconditional,127,719,normal,111,0
67.0,3415.0,222.0,0.0,48.17,48.0,58.0,1479.648319362546,203.55,0.0,0.0,48.77,49.0,58.0,1489.7013904524854,205.05,0.0,0.0,30.87,29.5,42.0,775.6138999323312,145.75,0.0,0.01,52.63,51.0,69.10000000000001,1936.2941233550578,202.75,0.0,0.15,2024-04-15,15.0,conditioned,127,719,normal,111,0
186.0,7622.0,396.0,0.0,140.32,138.0,156.10000000000002,3907.3266976327445,377.7,0.2,0.0,140.47,137.0,163.20000000000002,3913.3876821209274,374.75,0.2,0.01,112.64,113.0,132.0,2282.698597197779,323.35,0.0,0.0,146.01,145.5,164.20000000000002,4465.207688882107,374.6,0.0,0.01,2024-04-18,5.0,unconditional,121,717,normal,106,0
186.0,7622.0,396.0,0.0,135.34,134.5,148.0,3109.90169446698,360.85,0.0,0.0,135.63,135.0,151.10000000000002,3100.610484328245,363.25,0.0,0.0,117.61,118.0,137.10000000000002,2041.4778433249428,342.4,0.0,0.0,145.78,146.5,161.10000000000002,3719.3176869860167,386.15,0.0,0.0,2024-04-18,5.0,conditioned,121,717,normal,106,0
72.0,5272.0,268.0,0.0,58.48,51.0,90.10000000000001,2201.139815790384,236.05,0.2,0.24,58.88,50.0,90.10000000000001,2201.9510782694983,240.6,0.2,0.23,35.1,34.0,52.10000000000001,1062.4330034927882,167.55,0.0,0.01,62.45,56.0,93.10000000000001,2727.4515531115967,232.05,0.0,0.28,2024-04-18,15.0,unconditional,121,717,normal,106,8
72.0,5272.0,268.0,0.0,49.17,50.0,58.0,1532.0490857074008,223.4,0.0,0.0,49.22,50.0,57.0,1530.1857929153518,225.6,0.0,0.0,32.57,31.5,44.0,812.8029112491625,181.4,0.0,0.0,55.08,54.0,69.0,2062.10991702111,241.25,0.0,0.07,2024-04-18,15.0,conditioned,121,717,normal,106,8
182.0,7889.0,425.0,0.0,141.34,138.5,157.10000000000002,4279.817025997878,386.55,0.0,0.0,141.51,140.5,162.0,4268.629551039245,382.0,0.0,0.01,112.01,111.0,130.20000000000002,2338.1924341303693,324.85,0.0,0.0,145.8,143.5,165.10000000000002,4530.419024909769,376.6,0.0,0.03,2024-04-21,5.0,unconditional,136,727,degrade,119,0
182.0,7889.0,425.0,0.0,153.88,152.5,167.20000000000002,6702.345965284655,398.2,0.0,0.0,156.7,155.5,175.20000000000002,6784.677099645542,402.65,0.3706825437181237,0.08,112.74,113.0,135.10000000000002,3503.8749347549765,325.4,0.0,0.0,159.94,159.0,181.0,7137.731765035238,385.4,0.0,0.09,2024-04-21,5.0,conditioned,136,727,degrade,119,0
122.0,5842.0,329.0,0.0,61.61,53.0,94.10000000000001,2540.6437967752045,244.65,0.0,0.0,61.44,52.0,93.0,2529.544127807676,245.4,0.0,0.0,36.5,34.5,53.0,1135.5228152748011,173.3,0.0,0.0,63.29,56.0,95.0,2796.145410932409,228.3,0.0,0.01,2024-04-21,15.0,unconditional,136,727,degrade,119,0
122.0,5842.0,329.0,0.0,91.17,92.0,101.0,4669.991132037543,288.45,0.0,0.0,92.07,92.0,103.10000000000001,4715.35008729101,289.95,0.9961828136428152,0.0,50.98,51.0,72.0,2152.5817716376296,195.5,0.0,0.0,92.02,92.0,113.20000000000002,5031.429738367575,261.75,0.0,0.06,2024-04-21,15.0,conditioned,136,727,degrade,119,0
121.0,4072.0,304.0,0.0,129.75,128.0,142.10000000000002,3447.6350710550864,340.5,0.0,0.81,130.1,130.0,146.10000000000002,3444.3026653076518,350.0,0.0,0.73,107.46,106.5,127.10000000000001,2019.6364293822885,317.65,0.0,0.22,137.68,136.0,157.10000000000002,4021.0302679228,364.4,0.0,0.89,2024-04-24,5.0,unconditional,125,696,normal,110,0
121.0,4072.0,304.0,0.0,126.86,127.0,138.0,2948.7804849753948,342.7,0.0,0.81,127.1,126.5,140.3,2935.902656815869,334.65,0.0,0.69,108.88,109.0,127.0,1865.9641785959293,306.15,0.0,0.2,135.63,135.0,147.20000000000002,3486.5938123860196,343.7,0.0,0.88,2024-04-24,5.0,conditioned,125,696,normal,110,0
42.0,2756.0,181.0,0.0,51.55,47.0,80.10000000000001,1880.680300632294,192.75,0.0,0.76,50.98,46.0,80.0,1871.72057670775,195.2,0.0,0.72,30.77,29.0,44.10000000000001,851.768637323554,151.5,0.0,0.16,55.24,52.0,78.10000000000001,2319.870163623893,199.35,0.0,0.84,2024-04-24,15.0,unconditional,125,696,normal,110,0
42.0,2756.0,181.0,0.0,44.97,44.5,52.10000000000001,1425.8336733085096,182.25,0.0,0.71,44.42,43.5,54.0,1418.7446781381982,175.75,0.0,0.64,28.65,27.0,39.10000000000001,707.4628526593332,130.7,0.0,0.09,49.9,49.0,62.0,1848.882048894167,181.45,0.0,0.79,2024-04-24,15.0,conditioned,125,696,normal,110,0
118.0,3051.0,299.0,0.0,119.87,120.0,138.0,3190.621892397299,324.65,0.0,0.57,121.13,119.5,141.10000000000002,3206.9811708136735,332.8,0.0,0.55,99.98,100.5,120.0,1987.38245631923,289.1,0.0,0.13,127.4,125.5,145.10000000000002,3660.1764618148313,334.95,0.0,0.78,2024-04-27,5.0,unconditional,132,679,normal,116,0
118.0,3051.0,299.0,0.0,116.7,117.0,126.10000000000001,2688.7947934471954,320.65,0.0,0.45,116.25,115.5,131.20000000000002,2677.9837286798283,322.35,0.0,0.45,97.54,98.0,112.0,1685.0736054871848,281.2,0.0,0.05,121.7,123.0,135.0,3052.2130044063756,327.65,0.0,0.65,2024-04-27,5.0,conditioned,132,679,normal,116,0
37.0,1481.0,199.0,0.0,47.45,43.0,78.10000000000001,1738.2058498802705,200.95,0.0,0.82,48.09,44.0,74.10000000000001,1752.4780295145692,201.0,0.0,0.79,30.1,28.0,43.20000000000002,897.0022412341884,144.3,0.0,0.26,50.83,48.0,74.10000000000001,2140.74485730352,193.65,0.0,0.87,2024-04-27,15.0,unconditional,132,679,normal,116,0
37.0,1481.0,199.0,0.0,41.31,42.0,48.0,1338.8666100731107,177.5,0.0,0.79,41.21,41.0,49.10000000000001,1334.303783979409,180.35,0.0,0.78,26.31,25.0,36.0,656.1935414627385,133.5,0.0,0.09,44.48,43.0,59.10000000000001,1677.7407567011317,185.7,0.0,0.77,2024-04-27,15.0,conditioned,132,679,normal,116,0
103.0,3047.0,281.0,0.0,114.42,114.5,125.20000000000002,3083.3283233559637,319.9,0.0,0.92,114.28,113.5,132.0,3081.211806235521,323.1,0.0,0.8,93.47,92.0,115.10000000000001,1789.8558226772643,287.4,0.0,0.24,118.97,116.5,134.0,3416.8172430603113,331.2,0.0,0.93,2024-04-30,5.0,unconditional,124,632,normal,109,0
103.0,3047.0,281.0,0.0,110.64,110.0,120.20000000000002,2569.164453731607,319.35,0.0,0.84,111.14,112.0,128.0,2579.7416441205783,318.55,0.0,0.76,95.61,96.0,113.0,1616.6859477242201,289.85,0.0,0.33,116.61,117.0,129.10000000000002,2787.2788625016456,328.65,0.0,0.92,2024-04-30,5.0,conditioned,124,632,normal,109,0
31.0,1890.0,176.0,0.0,45.17,41.0,71.0,1682.6448724385618,197.0,0.0,0.92,45.51,41.0,70.10000000000001,1687.6481049131273,197.75,0.0,0.95,27.25,25.5,40.0,793.3526699961096,145.2,0.0,0.31,47.21,42.5,67.70000000000006,1993.3832830206004,193.2,0.0,0.9,2024-04-30,15.0,unconditional,124,632,normal,109,0
31.0,1890.0,176.0,0.0,38.91,39.0,46.0,1238.2488168279433,182.85,0.0,0.92,39.38,39.5,49.0,1243.1288082973024,185.2,0.0,0.88,25.04,22.5,35.0,607.2297027367049,141.25,0.0,0.24,41.45,40.0,54.10000000000001,1445.0526399537264,190.9,0.0,0.87,2024-04-30,15.0,conditioned,124,632,normal,109,0
147.0,5129.0,355.0,0.0,131.43,130.0,151.10000000000002,3496.0443434589206,359.1,0.15,0.12,131.62,130.5,151.10000000000002,3511.454949727247,353.8,0.5598891735617542,0.15,106.75,105.0,124.0,2012.4486407277727,307.3,0.0,0.01,135.25,133.5,151.0,3865.982689426334,351.7,0.0,0.2,2024-05-03,5.0,unconditional,130,713,normal,114,0
147.0,5129.0,355.0,0.0,127.61,128.0,137.10000000000002,2949.01530929635,347.55,0.0,0.02,127.82,128.0,145.0,2950.113764462744,349.1,0.0,0.09,107.31,109.0,124.10000000000001,1770.0399310836222,305.55,0.0,0.01,132.73,132.0,148.0,3273.6554719343217,342.25,0.0,0.13,2024-05-03,5.0,conditioned,130,713,normal,114,0
70.0,2843.0,217.0,0.0,53.13,46.0,84.0,1946.9445775677873,216.4,0.15,0.17,53.21,48.0,87.0,1964.0824190769972,209.3,0.5598891735617542,0.17,31.11,29.5,45.300000000000026,894.9966429467983,147.7,0.0,0.0,55.37,52.0,79.20000000000002,2328.2813628903486,205.1,0.0,0.2,2024-05-03,15.0,unconditional,130,713,normal,114,0
70.0,2843.0,217.0,0.0,46.51,47.0,54.0,1490.8466454527972,207.1,0.0,0.0,46.55,46.0,55.10000000000001,1491.6287004213716,199.95,0.0,0.0,29.44,29.0,39.10000000000001,674.3730534804083,142.45,0.0,0.0,50.2,50.0,66.10000000000001,1792.1508227540153,196.4,0.0,0.04,2024-05-03,15.0,conditioned,130,713,normal,114,0
141.0,4883.0,392.0,0.0,141.62,140.0,157.10000000000002,4098.234092915383,382.15,0.0,0.47,140.78,140.0,160.10000000000002,4060.341375895271,380.1,0.0,0.48,113.2,112.5,133.10000000000002,2359.4051925176987,334.3,0.0,0.05,146.01,143.5,168.0,4586.578983006713,389.3,0.0,0.57,2024-05-06,5.0,unconditional,124,714,degrade,109,0
141.0,4883.0,392.0,0.0,156.43,155.0,171.0,6617.637315178983,407.5,0.0,0.98,154.49,154.0,176.10000000000002,6556.257309022365,415.5,0.0,0.83,112.45,113.0,135.20000000000002,3451.708689724931,333.95,0.0,0.06,159.51,157.0,179.20000000000002,7154.789159897117,399.4,0.0,0.9,2024-05-06,5.0,conditioned,124,714,degrade,109,0
83.0,3040.0,275.0,0.0,60.18,53.0,91.20000000000002,2329.605230748776,236.05,0.0,0.21,59.41,51.5,91.10000000000001,2318.195136448775,218.95,0.0,0.17,34.89,31.5,53.400000000000034,1129.3349296675826,166.65,0.0,0.0,62.19,56.0,96.20000000000002,2841.5311139008027,225.25,0.0,0.2,2024-05-06,15.0,unconditional,124,714,degrade,109,2
83.0,3040.0,275.0,0.0,90.9,90.0,102.0,4526.250605033927,283.05,0.0,0.82,89.61,88.0,101.10000000000001,4476.307934659953,288.05,0.0,0.77,49.3,48.0,67.20000000000002,2090.6714328726266,182.7,0.0,0.01,91.78,93.0,111.10000000000001,5048.923888577694,248.4,0.0,0.74,2024-05-06,15.0,conditioned,124,714,degrade,109,2
178.0,8330.0,436.0,0.0,137.06,135.5,155.10000000000002,3983.3362223131808,371.45,0.0,0.0,137.73,136.0,161.0,3987.0586649211846,380.1,0.0,0.01,111.02,109.5,130.40000000000003,2367.204062382173,324.4,0.0,0.0,142.28,141.0,163.0,4417.686632552463,377.4,0.0,0.0,2024-05-09,5.0,unconditional,130,714,degrade,114,0
178.0,8330.0,436.0,0.0,152.78,153.0,165.10000000000002,6520.672322842217,395.2,0.0,0.0,150.43,152.0,170.10000000000002,6444.341880860405,384.55,3.2670119366693937,0.05,108.6,109.0,129.10000000000002,3410.212124679919,309.25,0.0,0.0,153.83,152.0,172.0,7046.853912388615,370.2,0.0,0.05,2024-05-09,5.0,conditioned,130,714,degrade,114,0
112.0,6685.0,317.0,0.0,59.7,53.0,89.20000000000002,2345.0343262758925,230.5,0.0,0.01,59.7,53.5,89.0,2348.1914329205147,234.95,0.0,0.01,36.7,35.0,51.10000000000001,1161.0201287082177,169.1,0.0,0.0,62.7,57.5,96.50000000000004,2743.5436858703993,218.65,0.0,0.05,2024-05-09,15.0,unconditional,130,714,degrade,114,3
112.0,6685.0,317.0,0.0,89.36,88.0,99.0,4472.13395205594,286.45,0.0,0.02,88.38,87.0,100.20000000000002,4416.911583766964,280.25,3.2670119366693937,0.03,49.46,49.0,64.0,2138.4426503704385,176.25,0.0,0.0,89.55,88.5,109.10000000000001,5021.254816791674,247.25,0.0,0.09,2024-05-09,15.0,conditioned,130,714,degrade,114,3
156.0,4403.0,376.0,0.0,139.48,139.0,159.0,3958.372797182584,368.5,0.0,0.15,139.54,136.0,162.40000000000003,3956.089981464025,363.5,0.0,0.18,111.58,111.0,131.10000000000002,2157.660839057419,306.0,0.0,0.0,142.1,141.5,159.10000000000002,4218.356373441076,357.5,0.0,0.18,2024-05-12,5.0,unconditional,124,716,normal,109,0
156.0,4403.0,376.0,0.0,134.23,135.0,146.10000000000002,3149.7948507505316,360.1,0.0,0.02,134.14,135.0,150.0,3142.9395664735384,366.15,0.0,0.06,113.26,110.5,135.10000000000002,1964.0151264515198,330.9,0.0,0.0,140.59,140.5,156.10000000000002,3588.7763409005374,374.4,0.0,0.11,2024-05-12,5.0,conditioned,124,716,normal,109,0
81.0,2972.0,249.0,0.0,61.23,54.5,96.20000000000002,2305.450505555936,234.6,0.0,0.22,60.82,54.0,96.30000000000003,2310.3569306880545,220.55,0.0,0.2,34.49,32.0,52.10000000000001,1026.0374869805112,152.15,0.0,0.0,60.64,54.5,89.10000000000001,2586.4067199407,210.5,0.2914984845185643,0.18,2024-05-12,15.0,unconditional,124,716,normal,109,1
81.0,2972.0,249.0,0.0,50.07,49.5,58.0,1663.4925909752085,203.6,0.0,0.0,50.2,50.0,61.0,1659.5758367263816,203.9,0.0,0.0,31.3,29.5,42.10000000000001,786.6181429028918,154.9,0.45,0.0,52.98,50.0,70.0,1969.0664254401624,210.5,0.45,0.04,2024-05-12,15.0,conditioned,124,716,normal,109,1
156.0,12882.0,303.0,118.0,103.8,103.5,114.10000000000001,2669.72570435478,311.3,0.0,0.0,103.17,103.0,116.10000000000001,2650.367165208879,314.9,0.0,0.0,84.75,86.0,100.10000000000001,1568.0180509499176,274.05,0.0,0.0,106.58,106.0,118.10000000000001,2854.2998418165107,318.25,0.0,0.0,2024-05-15,5.0,unconditional,115,583,degrade,101,0
156.0,12882.0,303.0,118.0,116.74,117.0,127.0,4797.4489845948565,321.3,0.0,0.0,117.79,117.5,132.10000000000002,4799.883172775091,325.65,0.15,0.0,82.71,82.0,101.10000000000001,2320.932226902375,260.4,0.0,0.0,114.65,114.0,127.0,4622.246911522358,309.9,0.0,0.0,2024-05-15,5.0,conditioned,115,583,degrade,101,0
122.0,10867.0,257.0,4.0,41.73,38.0,63.0,1479.4611758922647,205.45,0.0,0.0,41.2,38.0,58.20000000000002,1464.498659268292,196.05,0.0,0.0,25.65,24.0,37.0,696.8202944007062,159.05,0.0,0.0,42.46,40.0,64.10000000000001,1673.612627948687,198.5,0.0,0.0,2024-05-15,15.0,unconditional,115,583,degrade,101,4
122.0,10867.0,257.0,4.0,68.03,68.0,79.0,3278.1698117841856,241.85,0.0,0.0,67.56,67.5,80.0,3290.071920415647,242.2,0.15,0.0,35.86,33.0,50.10000000000001,1422.8211137617336,170.85,0.0,0.0,62.67,63.5,78.10000000000001,3225.7843498752572,220.25,0.0,0.0,2024-05-15,15.0,conditioned,115,583,degrade,101,4
128.0,6225.0,326.0,0.0,123.07,122.0,138.10000000000002,3249.4814069838158,339.1,0.0,0.29,122.11,123.0,138.10000000000002,3243.420246618958,337.05,0.15,0.34,102.41,102.0,120.20000000000002,1901.4275806761837,291.85,0.0,0.05,126.37,126.5,143.0,3468.4367787372526,333.8,0.04463255305799407,0.45,2024-05-18,5.0,unconditional,141,674,degrade,124,0
128.0,6225.0,326.0,0.0,140.44,139.5,153.20000000000002,5992.163735571234,356.15,0.0,0.91,139.95,140.0,158.0,5964.621529966174,368.6,0.05,0.82,100.74,100.0,120.10000000000001,3049.429561713213,277.95,0.0,0.03,138.54,138.0,156.3,6114.024155956643,332.3,0.0,0.77,2024-05-18,5.0,conditioned,141,674,degrade,124,0
73.0,4302.0,243.0,0.0,50.26,46.0,73.20000000000002,1788.5038048518147,231.15,0.0,0.12,49.98,46.5,72.60000000000005,1776.4123588640664,228.4,0.15,0.1,30.72,29.0,45.0,832.947552257268,172.2,0.0,0.01,50.25,46.0,74.10000000000001,2021.2844111173822,217.5,0.04463255305799407,0.11,2024-05-18,15.0,unconditional,141,674,degrade,124,2
73.0,4302.0,243.0,0.0,82.47,82.0,92.10000000000001,4136.455078866375,269.85,0.0,0.9,81.85,82.0,96.0,4123.750935109539,274.15,0.05,0.82,46.63,46.0,62.0,1913.7927892635118,184.2,0.0,0.01,81.19,80.5,99.0,4405.322733648696,247.0,0.0,0.69,2024-05-18,15.0,conditioned,141,674,degrade,124,2
147.0,5009.0,372.0,0.0,136.14,136.0,157.0,3867.7982179174023,356.1,2.6498954439095828,0.19,135.73,133.0,160.0,3845.062434809362,355.3,0.0,0.26,108.56,108.5,128.20000000000002,2173.168960485962,304.25,0.0,0.01,138.57,138.0,156.0,4090.9402716648615,345.2,0.2,0.29,2024-05-21,5.0,unconditional,124,692,normal,109,0
147.0,5009.0,372.0,0.0,133.01,133.0,144.0,3109.406081087563,358.8,0.1219413484719439,0.05,133.82,132.0,154.0,3124.106655115137,364.55,0.6444947164628388,0.2,111.04,107.0,134.3,1897.280933815698,327.85,1.1,0.01,136.38,133.0,153.0,3339.9364684841044,363.5,16.231547067328506,0.22,2024-05-21,5.0,conditioned,124,692,normal,109,0
68.0,2793.0,256.0,0.0,57.31,51.0,90.10000000000001,2174.5124854299115,254.9,1.9687148963054426,0.22,57.03,49.0,89.0,2172.3844539335164,245.0,0.0,0.22,33.83,32.5,49.10000000000001,980.3618867500415,184.45,0.0,0.01,57.99,53.0,89.0,2416.9105073470405,238.85,0.2,0.26,2024-05-21,15.0,unconditional,124,692,normal,109,8
68.0,2793.0,256.0,0.0,49.56,50.0,59.0,1554.20247497884,248.7,0.1219413484719439,0.0,49.81,49.5,62.0,1557.6380254901421,256.6,0.6444947164628388,0.01,30.45,30.0,41.10000000000001,735.665983912918,202.55,0.6,0.0,50.26,50.0,64.10000000000001,1787.5527645726338,243.75,0.65,0.07,2024-05-21,15.0,conditioned,124,692,normal,109,8
165.0,6226.0,376.0,0.0,146.8,148.0,162.0,3893.004813044168,389.7,0.0,0.05,147.35,146.5,168.20000000000002,3903.118246137827,390.9,0.0,0.17,122.47,123.5,142.0,2280.5043846996164,345.1,0.0,0.01,152.96,152.0,172.10000000000002,4240.402324735754,393.45,0.0,0.19,2024-05-24,5.0,unconditional,123,748,normal,108,0
165.0,6226.0,376.0,0.0,143.42,142.5,156.0,3276.5522711647836,388.5,0.0,0.0,144.61,143.0,164.0,3302.934039859699,380.9,0.0,0.09,122.74,123.0,142.10000000000002,2066.0029537982323,328.15,0.0,0.0,149.52,150.0,163.10000000000002,3718.0230666174016,380.65,0.0,0.09,2024-05-24,5.0,conditioned,123,748,normal,108,0
83.0,3925.0,266.0,0.0,59.38,55.0,92.0,2164.457577111458,249.35,0.0,0.17,59.57,54.0,93.0,2178.399597690386,257.2,0.0,0.16,35.98,33.5,52.10000000000001,991.8684966116199,194.1,0.0,0.0,61.59,56.0,89.40000000000003,2487.6148979930376,250.1,0.0,0.17,2024-05-24,15.0,unconditional,123,748,normal,108,3
83.0,3925.0,266.0,0.0,51.38,51.0,61.0,1630.6716590439123,248.95,0.0,0.0,52.28,51.5,63.0,1639.7070719611606,245.55,0.0,0.0,32.65,32.0,43.10000000000001,808.2017011900499,186.15,0.0,0.0,54.65,52.0,70.10000000000001,2010.7868162574168,243.55,1.1978093863334778,0.04,2024-05-24,15.0,conditioned,123,748,normal,108,3
147.0,6403.0,385.0,0.0,133.25,132.5,153.0,3790.020861181985,359.95,0.0,0.17,133.19,133.0,155.0,3794.4588257850987,359.9,0.0,0.2,108.48,110.0,129.20000000000002,2241.210740041579,304.15,0.0,0.01,136.35,135.5,156.10000000000002,4117.802885068752,345.3,0.0,0.24,2024-05-27,5.0,unconditional,123,666,degrade,108,0
147.0,6403.0,385.0,0.0,148.32,149.0,160.0,6375.836714928866,365.8,0.0,0.63,148.23,147.5,167.0,6364.990529582306,364.1,0.0,0.57,105.06,104.5,126.20000000000002,3338.576235905754,292.75,0.0,0.01,147.18,146.0,164.10000000000002,6706.860290682272,350.05,0.0,0.49,2024-05-27,5.0,conditioned,123,666,degrade,108,0
79.0,4887.0,273.0,0.0,57.22,49.5,90.10000000000001,2224.874188148299,235.05,0.0,0.21,57.39,50.5,93.10000000000001,2230.1756714260337,240.7,0.0,0.2,33.82,31.0,50.10000000000001,1066.9945426961922,163.0,0.0,0.0,56.88,53.0,87.0,2480.6535360392386,215.05,0.0,0.18,2024-05-27,15.0,unconditional,123,666,degrade,108,3
79.0,4887.0,273.0,0.0,86.82,87.0,99.10000000000001,4350.251740905292,255.15,0.0,0.81,86.78,86.0,102.0,4342.706935686516,252.7,0.0,0.76,49.43,50.0,64.10000000000001,2118.9054028749188,167.7,0.0,0.01,86.59,85.5,107.10000000000001,4790.9077991360855,239.3,0.0,0.72,2024-05-27,15.0,conditioned,123,666,degrade,108,3
164.0,7132.0,399.0,3.0,142.25,140.5,158.20000000000002,3932.0190856156178,385.75,31.701494209805837,0.09,141.93,141.0,160.0,3918.2915865929613,383.2,46.75693178695006,0.07,115.75,116.0,132.3,2270.2670476694607,319.85,9.585066501711111,0.0,146.58,144.5,169.10000000000002,4255.43803864858,367.55,26.25471051166132,0.14,2024-05-30,5.0,unconditional,127,714,degrade,111,1
164.0,7132.0,399.0,3.0,156.16,156.0,171.0,6514.8690957461895,398.5,59.8050905047334,0.23,155.86,155.0,173.0,6515.099716735983,400.1,48.49619834786534,0.32,113.96,115.5,135.10000000000002,3447.6826732372547,312.0,1.8222514684620705,0.0,159.13,159.5,176.0,6875.662216465287,373.8,32.11661392674137,0.4,2024-05-30,5.0,conditioned,127,714,degrade,111,1
89.0,4595.0,296.0,3.0,59.46,53.5,89.10000000000001,2239.1198076387163,276.9,23.456035765900424,0.11,59.43,53.5,88.10000000000001,2238.0963697364887,272.85,34.130733402136585,0.1,35.63,33.0,53.10000000000001,1063.1573279177878,221.15,5.619686128039996,0.0,60.88,54.0,90.40000000000003,2559.6231555082936,275.65,19.570444166485935,0.11,2024-05-30,15.0,unconditional,127,714,degrade,111,13
89.0,4595.0,296.0,3.0,90.03,91.0,99.10000000000001,4413.862369413628,316.7,33.15388521963138,0.61,89.66,89.0,102.0,4408.853738115877,317.25,47.05605136530629,0.55,51.82,50.0,70.0,2169.8306030264293,224.65,1.8222514684620705,0.01,92.41,92.0,110.20000000000002,4955.1294257189575,289.0,22.550182702454993,0.61,2024-05-30,15.0,conditioned,127,714,degrade,111,13
155.0,6201.0,376.0,0.0,139.15,138.5,152.10000000000002,3868.344011076665,377.35,0.0,0.08,139.89,140.0,156.0,3853.953037975824,381.4,0.17133148969485887,0.12,111.83,111.5,130.20000000000002,2264.0387190216015,327.9,0.0,0.01,144.48,144.0,163.0,4478.786877257263,379.1,1.7120198176491386,0.22,2024-06-02,5.0,unconditional,120,704,normal,105,0
155.0,6201.0,376.0,0.0,134.78,135.5,144.0,3181.801618122299,365.95,0.0,0.0,135.47,136.5,150.10000000000002,3193.5010012841744,367.95,0.0,0.03,114.99,114.0,132.40000000000003,2020.8449311806148,334.2,0.0,0.0,143.28,143.0,159.0,3695.4461034099054,378.75,0.0,0.16,2024-06-02,5.0,conditioned,120,704,normal,105,0
83.0,4006.0,273.0,0.0,58.84,53.0,85.20000000000002,2211.7393697717544,243.35,0.0,0.15,58.63,53.0,82.20000000000002,2202.035864457137,248.35,1.9713314896948588,0.1,35.33,34.5,50.10000000000001,1058.9147702073453,173.25,0.1443104120339626,0.0,63.62,57.0,95.10000000000001,2787.5017826471785,236.55,2.0064317335199915,0.18,2024-06-02,15.0,unconditional,120,704,normal,105,2
83.0,4006.0,273.0,0.0,50.23,50.0,58.10000000000001,1622.367223373246,219.65,0.0,0.0,50.13,50.0,59.0,1629.414194631762,217.35,0.0,0.0,32.72,31.0,46.20000000000002,810.2222677522445,169.15,0.0,0.0,55.29,54.5,71.0,2082.73113381146,230.05,0.0,0.03,2024-06-02,15.0,conditioned,120,704,normal,105,2
188.0,8145.0,410.0,0.0,129.28,126.0,150.0,3829.3454588339855,362.45,0.0,0.0,129.35,127.0,147.20000000000002,3834.1206932570904,354.55,0.0,0.0,103.44,103.0,123.0,2259.904420086178,306.55,0.0,0.0,133.35,130.5,153.0,4153.190608061857,355.0,0.0,0.0,2024-06-05,5.0,unconditional,132,671,degrade,116,0
188.0,8145.0,410.0,0.0,144.7,143.0,155.10000000000002,6204.331602033543,376.7,0.0,0.0,145.77,147.0,160.20000000000002,6243.412223544691,382.45,0.0,0.0,102.38,103.0,122.0,3274.0563958742105,301.95,0.0,0.0,144.64,145.0,159.10000000000002,6287.683057905673,355.2,0.0,0.0,2024-06-05,5.0,conditioned,132,671,degrade,116,0
108.0,5926.0,318.0,0.0,55.55,46.5,85.0,2303.4172171019854,195.75,0.0,0.0,55.37,47.0,85.20000000000002,2301.410269418629,193.85,0.0,0.0,33.17,30.0,51.10000000000001,1111.1950393288855,137.8,0.0,0.0,55.74,50.0,87.10000000000001,2552.8132244032413,185.95,0.0,0.01,2024-06-05,15.0,unconditional,132,671,degrade,116,0
108.0,5926.0,318.0,0.0,83.23,83.0,94.0,4195.1450025324275,249.95,0.0,0.0,83.99,85.0,95.0,4217.919080144783,255.8,0.0,0.0,46.28,44.0,65.10000000000001,2023.5210699440356,165.5,0.0,0.0,81.34,82.0,98.10000000000001,4390.937379286147,221.8,0.0,0.03,2024-06-05,15.0,conditioned,132,671,degrade,116,0
158.0,3710.0,367.0,0.0,126.8,124.0,144.20000000000002,3483.911262717354,326.65,0.0,0.0,127.68,126.0,146.50000000000006,3510.8879111253354,339.8,0.36811858393423336,0.02,104.8,104.0,126.0,2054.9405598717217,305.7,0.25956625100246244,0.0,133.18,131.5,154.0,3965.9321604052157,348.35,1.7822817012374117,0.07,2024-06-08,5.0,unconditional,130,677,normal,114,0
158.0,3710.0,367.0,0.0,123.37,124.0,134.0,2850.905620423461,319.85,1.3689585285807937,0.0,123.98,124.0,138.10000000000002,2856.286196895518,319.45,1.6944197599964013,0.0,103.63,104.0,121.20000000000002,1835.4977815189416,290.65,0.7023302947145339,0.0,128.41,128.0,144.0,3448.2948760473064,334.0,2.9300259983586727,0.0,2024-06-08,5.0,conditioned,130,677,normal,114,0
61.0,1860.0,233.0,0.0,50.78,44.0,84.0,1935.7752752052706,194.25,0.0,0.2,51.33,44.0,83.10000000000001,1958.8320815988784,204.8,0.36811858393423336,0.2,30.91,27.0,46.20000000000002,929.4044763835691,163.65,0.25956625100246244,0.04,53.08,46.0,84.10000000000001,2307.4813040245513,212.05,1.7822817012374117,0.26,2024-06-08,15.0,unconditional,130,677,normal,114,2
61.0,1860.0,233.0,0.0,43.5,43.0,51.10000000000001,1396.540013079298,189.2,1.3689585285807937,0.0,43.58,44.0,52.0,1394.1561557344478,185.55,1.6944197599964013,0.0,27.82,28.0,38.0,717.2730562622066,150.55,0.7023302947145339,0.0,47.96,47.0,63.0,1913.6909090838537,197.6,2.9300259983586727,0.16,2024-06-08,15.0,conditioned,130,677,normal,114,2
176.0,6288.0,397.0,0.0,133.09,130.0,154.3,3755.658075858783,362.0,0.05,0.0,133.03,130.0,157.3,3750.6892703930835,357.4,0.0,0.0,108.12,108.0,128.20000000000002,2183.6486392510537,301.6,0.0,0.0,138.66,136.0,160.10000000000002,4128.068681452372,352.3,0.0,0.02,2024-06-11,5.0,unconditional,125,708,normal,110,0
176.0,6288.0,397.0,0.0,127.42,127.0,139.10000000000002,2933.5091456371365,351.85,0.0,0.0,128.69,127.0,144.20000000000002,2942.793835339293,364.85,0.0,0.0,111.36,111.0,129.10000000000002,1855.9790708564426,325.45,0.0,0.0,136.34,135.5,150.10000000000002,3296.7337740572198,366.35,0.0,0.0,2024-06-11,5.0,conditioned,125,708,normal,110,0
80.0,3394.0,243.0,0.0,56.6,49.0,91.0,2195.0944912604177,204.9,0.05,0.22,56.52,49.0,90.10000000000001,2196.3608050953417,200.2,0.0,0.21,33.02,29.5,49.10000000000001,1064.71712936297,139.65,0.0,0.01,57.96,53.5,90.40000000000003,2569.402519199107,196.55,0.0,0.15,2024-06-11,15.0,unconditional,125,708,normal,110,0
80.0,3394.0,243.0,0.0,44.81,44.5,53.0,1445.6739288971764,186.55,0.0,0.0,44.97,44.0,55.0,1452.572558067519,197.85,0.0,0.0,28.33,28.0,39.0,692.9634657721847,148.85,0.0,0.0,48.32,47.0,60.10000000000001,1727.5075397746616,198.25,0.0,0.01,2024-06-11,15.0,conditioned,125,708,normal,110,0
157.0,6916.0,433.0,0.0,130.84,129.0,149.3,3654.6534053952187,356.85,0.0,0.06,129.76,129.5,150.10000000000002,3631.684890806614,358.0,0.0,0.06,106.08,105.0,126.10000000000001,2262.413837336764,310.55,0.0,0.0,138.25,136.0,161.0,4384.944505798101,358.6,0.0,0.14,2024-06-14,5.0,unconditional,133,713,normal,117,0
157.0,6916.0,433.0,0.0,126.45,127.0,136.0,2938.887831878455,355.3,0.0,0.0,126.18,125.0,139.20000000000002,2931.7096033398134,362.05,0.27778077356820174,0.0,107.56,107.5,125.0,1817.281772262942,312.05,0.0,0.0,133.52,133.5,147.20000000000002,3271.1630388673498,365.35,0.0,0.01,2024-06-14,5.0,conditioned,133,713,normal,117,0
90.0,4646.0,299.0,0.0,54.28,48.0,86.0,2111.238561468013,217.5,0.0,0.06,53.79,47.5,85.0,2106.5743521079276,219.0,0.0,0.04,34.42,32.0,54.400000000000034,1121.548144479469,159.3,0.0,0.0,60.42,57.5,97.10000000000001,2723.445191906137,214.5,0.0,0.12,2024-06-14,15.0,unconditional,133,713,normal,117,2
90.0,4646.0,299.0,0.0,45.03,46.0,53.0,1487.7817771303269,199.05,0.0,0.0,44.64,45.0,53.0,1482.613870825372,202.9,0.27778077356820174,0.0,28.14,27.0,39.0,695.7340994181634,147.9,0.0,0.0,48.16,45.0,66.0,1742.2676215315182,206.5,0.0,0.0,2024-06-14,15.0,conditioned,133,713,normal,117,2
175.0,4874.0,413.0,0.0,135.75,135.0,153.10000000000002,3682.1654500334175,373.05,0.0,0.0,134.75,133.5,156.10000000000002,3652.3975447731646,362.1,0.0,0.02,111.66,112.0,129.10000000000002,2269.308496225753,330.85,0.0,0.0,145.56,143.5,166.0,4459.044578346549,387.35,0.0,0.03,2024-06-17,5.0,unconditional,127,726,normal,111,0
175.0,4874.0,413.0,0.0,132.22,131.5,144.0,3012.9849664802045,369.15,0.0,0.0,133.05,134.0,150.0,3029.3411462284425,379.05,0.0,0.0,113.49,113.5,132.10000000000002,1956.0095483634816,333.4,0.0,0.0,141.61,141.0,156.0,3565.5763442990683,373.7,0.0,0.0,2024-06-17,5.0,conditioned,127,726,normal,111,0
86.0,2968.0,268.0,0.0,55.47,48.5,89.10000000000001,2055.3124427749544,215.7,0.0,0.15,54.99,48.0,89.0,2045.4060494481807,211.05,0.0,0.13,34.8,32.0,54.0,1056.3489167435625,154.45,0.0,0.0,61.9,56.0,95.0,2746.1915225009698,221.4,0.0,0.13,2024-06-17,15.0,unconditional,127,726,normal,111,0
86.0,2968.0,268.0,0.0,47.12,47.5,54.0,1459.631642152861,209.35,0.0,0.0,47.36,48.0,56.10000000000001,1470.2188589226719,219.8,0.0,0.0,30.92,30.5,41.0,771.1128289107357,166.1,0.0,0.0,52.26,51.0,63.10000000000001,1945.12449544004,214.4,0.0,0.01,2024-06-17,15.0,conditioned,127,726,normal,111,0
150.0,5030.0,380.0,0.0,132.73,131.5,147.40000000000003,3644.727525738635,366.25,0.0,0.1,132.38,131.5,151.20000000000002,3632.313615471231,370.7,0.0,0.13,106.87,107.0,121.10000000000001,2045.979360432238,309.45,0.0,0.0,138.01,138.0,156.3,3997.1574277132972,361.25,0.0,0.14,2024-06-20,5.0,unconditional,127,714,normal,111,0
150.0,5030.0,380.0,0.0,129.68,130.0,140.0,3068.6560402857126,367.2,0.0,0.01,128.23,129.0,141.0,3042.628731218849,358.65,0.0,0.0,104.69,106.0,122.0,1813.6689326563076,320.25,0.0,0.0,133.49,132.0,149.0,3493.7429712149446,370.45,0.0,0.09,2024-06-20,5.0,conditioned,127,714,normal,111,0
58.0,2773.0,254.0,0.0,55.79,51.0,84.10000000000001,2041.0034803482788,228.75,0.0,0.27,55.07,50.0,82.20000000000002,2032.6002578173807,223.85,0.0,0.29,32.28,30.0,44.10000000000001,913.8746711419398,142.7,0.0,0.04,57.35,54.5,82.10000000000001,2375.6715649228227,206.6,0.0,0.41,2024-06-20,15.0,unconditional,127,714,normal,111,0
58.0,2773.0,254.0,0.0,49.33,49.0,57.10000000000001,1608.221892254487,216.9,0.0,0.1,48.85,49.0,56.10000000000001,1596.3727014911271,214.75,0.0,0.07,29.42,29.0,41.10000000000001,729.3197764637194,154.4,0.0,0.0,52.3,52.0,65.20000000000002,2019.4041371489686,201.2,0.0,0.3,2024-06-20,15.0,conditioned,127,714,normal,111,0
169.0,7902.0,408.0,0.0,131.7,130.0,149.10000000000002,3637.823877706983,369.5,0.0,0.01,130.3,129.0,150.10000000000002,3591.994707404919,366.85,0.0,0.01,105.73,104.0,127.10000000000001,2121.695970482769,306.4,0.0,0.0,136.76,138.0,153.0,4014.94000757326,365.45,0.0,0.0,2024-06-23,5.0,unconditional,136,720,normal,119,0
169.0,7902.0,408.0,0.0,127.43,128.0,138.0,2913.7541250753115,354.8,0.0,0.0,126.62,125.0,141.10000000000002,2898.585108993033,362.05,0.0,0.01,107.43,107.0,128.10000000000002,1804.521305229501,317.25,0.0,0.0,133.95,133.0,150.10000000000002,3347.525788570093,371.85,0.0,0.0,2024-06-23,5.0,conditioned,136,720,normal,119,0
89.0,5086.0,282.0,0.0,53.43,47.0,85.10000000000001,2026.3107722894244,229.2,0.0,0.07,53.0,48.0,83.10000000000001,2007.4560714091556,224.65,0.0,0.03,32.54,31.0,47.10000000000001,997.0034322973163,157.1,0.0,0.0,56.2,52.0,91.30000000000003,2411.9523502849934,212.5,0.0,0.12,2024-06-23,15.0,unconditional,136,720,normal,119,6
89.0,5086.0,282.0,0.0,44.78,45.0,54.0,1437.940158515365,209.3,0.0,0.0,44.5,44.5,53.0,1431.4471401350008,208.55,0.0,0.0,27.94,26.0,40.0,702.7172508660485,164.65,0.0,0.0,48.2,49.0,61.10000000000001,1818.7814564821406,218.8,0.0,0.0,2024-06-23,15.0,conditioned,136,720,normal,119,6
172.0,7839.0,412.0,0.0,129.74,128.0,147.0,3551.015536432041,350.35,0.0,0.0,128.73,129.5,146.10000000000002,3526.419384120225,350.8,0.0,0.0,104.68,104.0,122.0,2176.658464839913,310.25,0.0,0.0,136.49,135.0,155.50000000000006,4304.66699887672,366.05,0.0,0.02,2024-06-26,5.0,unconditional,137,703,degrade,120,0
172.0,7839.0,412.0,0.0,145.78,145.0,158.20000000000002,6160.374280306981,373.0,0.0,0.01,146.17,146.5,166.0,6223.281257753253,375.8,0.0,0.04,104.13,103.5,125.20000000000002,3177.2309961720625,297.65,0.0,0.0,149.96,149.0,169.20000000000002,6738.37725543652,360.75,0.0,0.07,2024-06-26,5.0,conditioned,137,703,degrade,120,0
104.0,6042.0,299.0,0.0,54.71,48.5,82.10000000000001,2009.7267449994524,210.1,0.0,0.0,54.29,50.0,79.10000000000001,1984.5153125339723,210.35,0.0,0.0,33.5,32.5,48.0,1029.9539635194594,170.75,0.0,0.0,60.44,56.0,97.0,2712.897983932475,223.65,0.0,0.07,2024-06-26,15.0,unconditional,137,703,degrade,120,0
104.0,6042.0,299.0,0.0,84.64,84.0,96.10000000000001,4226.833434205773,255.65,0.0,0.02,84.85,85.0,98.20000000000002,4248.387000614175,263.1,0.0,0.03,46.45,46.0,62.0,1968.470921197728,175.9,0.0,0.0,88.26,88.5,111.0,4926.103474313864,243.4,0.0,0.19,2024-06-26,15.0,conditioned,137,703,degrade,120,0
149.0,5230.0,379.0,0.0,131.81,131.0,147.10000000000002,3755.785401035507,351.95,5.4751034399397955,0.09,132.38,131.5,154.0,3784.166063901971,353.9,5.857917409375358,0.15,106.75,107.5,127.0,2118.444894912316,307.7,1.895753432629789,0.0,135.53,137.0,151.0,3968.5404610196897,351.05,7.449032450100776,0.16,2024-06-29,5.0,unconditional,131,683,normal,115,1
149.0,5230.0,379.0,0.0,127.25,128.0,138.0,2915.896954997605,339.2,2.932527018047858,0.01,130.49,130.0,146.0,2967.1861353604622,346.45,4.823561142152476,0.05,111.79,110.5,130.10000000000002,1884.4543722304195,309.85,2.8825154072369457,0.0,134.82,135.0,150.0,3192.65365886499,347.85,4.211207582930575,0.12,2024-06-29,5.0,conditioned,131,683,normal,115,1
82.0,3420.0,253.0,0.0,51.93,44.0,83.20000000000002,2053.4849878496498,224.15,5.4751034399397955,0.11,52.12,44.0,83.0,2068.216994095907,229.05,5.857917409375358,0.13,28.94,28.0,43.10000000000001,897.0524711140304,158.9,1.895753432629789,0.0,51.66,46.5,79.10000000000001,2226.3554055834047,213.05,7.449032450100776,0.05,2024-06-29,15.0,unconditional,131,683,normal,115,4
82.0,3420.0,253.0,0.0,42.49,42.5,49.0,1383.7157583171702,201.75,2.932527018047858,0.0,43.49,43.0,52.10000000000001,1402.5814235011403,209.0,4.823561142152476,0.0,26.46,25.0,40.0,647.7883138561172,170.95,2.8825154072369457,0.0,43.53,41.5,59.0,1555.4081378664166,213.5,4.211207582930575,0.0,2024-06-29,15.0,conditioned,131,683,normal,115,4
156.0,3780.0,380.0,0.0,131.68,130.5,147.10000000000002,3648.6814763750613,365.05,0.0,0.05,131.08,130.5,148.20000000000002,3636.737645233534,367.45,0.0,0.05,106.31,107.0,124.10000000000001,2120.3096596483456,315.3,0.0,0.0,138.58,137.0,159.10000000000002,4159.656772948948,359.35,0.0,0.15,2024-07-02,5.0,unconditional,124,704,normal,109,0
156.0,3780.0,380.0,0.0,129.65,129.5,139.10000000000002,3033.764965659487,356.1,0.0,0.0,128.97,129.0,143.0,3020.9976372257074,352.7,0.0,0.01,109.37,110.0,123.0,1888.104929786715,319.65,0.0,0.0,135.7,135.0,150.0,3405.110636835361,363.9,0.0,0.03,2024-07-02,5.0,conditioned,124,704,normal,109,0
65.0,1858.0,223.0,0.0,53.04,47.0,84.10000000000001,1973.2032392758524,201.7,0.0,0.2,52.78,46.0,82.20000000000002,1966.8761016565609,203.9,0.0,0.2,32.22,29.0,47.10000000000001,968.7558915577476,144.35,0.0,0.03,57.92,51.0,89.10000000000001,2501.709440289188,190.0,0.0,0.25,2024-07-02,15.0,unconditional,124,704,normal,109,0
65.0,1858.0,223.0,0.0,46.21,46.0,55.10000000000001,1491.8342814096882,189.7,0.0,0.0,46.15,47.0,53.20000000000002,1494.9599840043652,188.1,0.0,0.0,29.09,28.0,42.0,726.9868760142766,143.9,0.0,0.0,49.08,47.0,63.10000000000001,1822.1680525970414,186.1,0.0,0.08,2024-07-02,15.0,conditioned,124,704,normal,109,0
133.0,5282.0,310.0,0.0,109.42,108.5,120.0,2987.2990712675137,299.6,0.0,0.0,109.33,108.5,123.0,2976.8917179595596,301.2,0.0,0.0,90.22,91.0,104.0,1812.394358582518,263.45,0.0,0.0,111.21,111.0,121.10000000000001,3070.4363603028028,294.3,0.0,0.01,2024-07-05,5.0,unconditional,135,590,degrade,118,0
133.0,5282.0,310.0,0.0,122.26,123.0,132.10000000000002,5116.80667852926,314.75,0.0,0.1,122.5,122.0,137.10000000000002,5131.998296875317,312.05,0.0,0.24,90.3,91.5,107.0,2841.0828689140967,257.55,0.0,0.0,120.47,121.0,136.0,5219.532737928375,300.3,0.0,0.18,2024-07-05,5.0,conditioned,135,590,degrade,118,0
65.0,3091.0,195.0,0.0,43.39,39.0,65.10000000000001,1603.9776440190085,184.1,0.0,0.11,43.65,40.0,62.20000000000002,1592.9300580342085,188.55,0.0,0.07,26.7,24.5,40.0,780.888799970061,136.1,0.0,0.0,42.47,37.5,66.10000000000001,1678.7560050209952,173.1,0.0,0.11,2024-07-05,15.0,unconditional,135,590,degrade,118,0
65.0,3091.0,195.0,0.0,67.73,68.0,77.0,3281.4992225392657,216.55,0.0,0.65,68.06,68.0,79.10000000000001,3308.882364361115,219.6,0.0,0.62,39.79,41.0,53.10000000000001,1673.9138671933063,149.7,0.0,0.01,65.45,67.0,82.0,3495.487432414685,202.3,0.0,0.55,2024-07-05,15.0,conditioned,135,590,degrade,118,0
201.0,10334.0,467.0,0.0,141.72,139.5,164.10000000000002,3913.217570350603,385.95,0.0,0.0,141.67,139.0,164.10000000000002,3925.9800356103324,386.15,0.0,0.0,117.86,118.0,138.0,2458.5208243703437,342.1,0.0,0.0,149.12,148.0,168.10000000000002,4415.497581016787,386.85,0.0,0.0,2024-07-08,5.0,unconditional,146,768,degrade,128,0
201.0,10334.0,467.0,0.0,162.62,165.0,174.10000000000002,6969.261362849901,422.8,0.0,0.0,160.24,161.0,174.10000000000002,6881.508202118862,422.95,0.0,0.0,114.99,115.0,135.0,3602.2519642361062,338.75,0.0,0.0,161.79,163.0,179.10000000000002,7286.612582836224,397.95,0.0,0.0,2024-07-08,5.0,conditioned,146,768,degrade,128,0
128.0,6651.0,372.0,0.0,56.89,50.5,87.70000000000006,2158.9508367511626,231.55,0.0,0.0,56.94,50.0,91.30000000000003,2173.422561674666,228.4,0.0,0.0,37.39,35.0,56.0,1143.7898447409852,176.5,0.0,0.0,62.01,55.0,94.20000000000002,2597.0278715037225,227.25,0.0,0.01,2024-07-08,15.0,unconditional,146,768,degrade,128,0
128.0,6651.0,372.0,0.0,94.61,94.0,105.10000000000001,4682.257320208397,300.3,0.0,0.0,92.84,94.0,105.10000000000001,4624.66256839604,296.25,0.0,0.01,51.59,52.0,67.20000000000002,2245.4402503628594,196.95,0.0,0.0,93.02,91.0,117.20000000000002,5211.178821159648,261.05,0.0,0.04,2024-07-08,15.0,conditioned,146,768,degrade,128,0
158.0,5694.0,398.0,0.0,138.71,137.0,156.20000000000002,3934.757917523573,375.55,0.0,0.1,137.59,137.0,159.10000000000002,3925.2584177445187,375.65,0.0,0.12,110.47,110.0,127.20000000000002,2215.575480854154,329.5,0.0,0.0,142.45,141.5,159.0,4294.767936662179,377.25,0.0,0.16,2024-07-11,5.0,unconditional,133,721,normal,117,0
158.0,5694.0,398.0,0.0,134.71,135.0,143.10000000000002,3197.1641863913514,369.25,0.0,0.01,134.33,133.0,152.10000000000002,3187.55409145976,367.75,0.0,0.07,110.71,110.5,127.0,1912.4209572434006,319.2,0.0,0.0,137.95,139.0,150.0,3499.0465511395387,367.95,0.0,0.03,2024-07-11,5.0,conditioned,133,721,normal,117,0
78.0,3558.0,296.0,0.0,61.53,54.5,96.0,2314.506719990119,228.85,0.0,0.22,61.3,54.0,96.10000000000001,2315.8755901334644,229.6,0.0,0.22,35.71,35.5,52.10000000000001,1023.5158816144937,171.0,0.0,0.0,62.03,60.5,85.20000000000002,2608.55420337436,227.55,0.0,0.2,2024-07-11,15.0,unconditional,133,721,normal,117,0
78.0,3558.0,296.0,0.0,49.91,50.0,57.0,1612.168565888827,222.65,0.0,0.0,49.52,49.5,58.10000000000001,1607.5509957894544,220.35,0.0,0.0,29.71,28.5,41.10000000000001,743.2985965838637,148.7,0.0,0.0,51.39,50.5,66.10000000000001,1914.6671281189576,204.35,0.0,0.05,2024-07-11,15.0,conditioned,133,721,normal,117,0
183.0,9521.0,427.0,0.0,137.21,134.5,154.0,3843.3197160621016,376.15,0.0,0.0,135.97,134.5,159.10000000000002,3799.925638957013,375.2,0.0,0.0,107.04,105.5,127.0,2120.5717694276573,324.9,0.0,0.0,139.81,140.0,157.10000000000002,4152.141802459015,371.55,0.0,0.0,2024-07-14,5.0,unconditional,138,714,degrade,121,0
183.0,9521.0,427.0,0.0,152.79,153.0,166.0,6451.354523132514,396.7,0.0,0.0,153.85,153.5,174.0,6501.153548987871,398.05,0.0,0.04,108.47,107.5,127.0,3275.1558513122995,311.05,0.0,0.0,154.98,154.0,172.0,6743.585792226891,374.6,0.0,0.03,2024-07-14,5.0,conditioned,138,714,degrade,121,0
125.0,7157.0,316.0,0.0,57.97,52.0,91.10000000000001,2251.4286403172046,233.75,0.0,0.0,57.4,50.0,94.10000000000001,2227.4405661171536,236.95,0.0,0.0,33.65,32.0,49.10000000000001,1000.0907251123988,168.9,0.0,0.0,60.85,53.5,95.10000000000001,2589.1852898122256,217.35,0.0,0.01,2024-07-14,15.0,unconditional,138,714,degrade,121,2
125.0,7157.0,316.0,0.0,90.35,90.0,103.0,4499.810701257223,285.3,0.0,0.0,90.92,90.5,105.10000000000001,4524.389771180195,291.1,0.0,0.0,49.56,48.0,70.0,2072.8045360308934,192.15,0.0,0.0,90.93,90.0,115.10000000000001,4913.342128089321,266.3,0.0,0.04,2024-07-14,15.0,conditioned,138,714,degrade,121,2
177.0,10527.0,422.0,0.0,116.46,116.0,130.20000000000002,3190.708121509726,334.4,0.0,0.0,116.7,117.0,133.0,3212.1473546177176,338.85,0.0,0.0,93.88,92.5,112.0,1813.8768531739565,292.75,0.0,0.0,120.19,120.0,136.10000000000002,3459.4522063669306,338.35,0.0,0.0,2024-07-17,5.0,unconditional,128,660,degrade,112,0
177.0,10527.0,422.0,0.0,133.93,133.0,145.20000000000002,5615.491779536943,360.55,0.0,0.0,132.12,132.0,148.10000000000002,5569.408901204754,358.55,0.0,0.0,93.87,93.0,119.0,2978.734671827379,285.05,0.0,0.0,135.24,133.0,158.0,6160.53200914852,343.4,0.0,0.0,2024-07-17,5.0,conditioned,128,660,degrade,112,0
113.0,7647.0,287.0,0.0,48.85,45.0,77.0,1798.2877478217313,195.5,0.0,0.0,48.92,45.0,76.20000000000002,1816.7854244255786,195.85,0.0,0.0,29.8,28.0,43.20000000000002,848.1204103899389,147.95,0.0,0.0,49.84,46.0,75.10000000000001,2068.386604143465,195.9,0.0,0.0,2024-07-17,15.0,unconditional,128,660,degrade,112,0
113.0,7647.0,287.0,0.0,78.21,78.0,89.0,3860.501861385135,253.65,0.0,0.0,77.0,77.0,91.0,3819.9778352117946,257.0,0.0,0.0,43.16,41.5,64.10000000000001,1827.8012442550216,174.65,0.0,0.0,79.5,77.5,102.30000000000003,4389.2682382334515,237.6,0.0,0.06,2024-07-17,15.0,conditioned,128,660,degrade,112,0
199.0,12670.0,432.0,442.0,122.5,120.0,141.0,3499.4661471249788,338.3,1.224446618014889,0.0,121.86,120.5,144.10000000000002,3495.656852646277,341.85,3.845549562209402,0.0,95.57,96.0,110.10000000000001,1871.903050572745,301.85,0.0,0.0,121.82,120.0,136.0,3494.5771928237746,343.1,0.24615083983909472,0.0,2024-07-20,5.0,unconditional,137,653,degrade,120,0
199.0,12670.0,432.0,442.0,136.79,136.5,149.0,5879.924864562077,362.1,0.0,0.0,136.32,135.5,153.10000000000002,5880.03029409657,359.45,11.740167875614475,0.0,96.28,94.0,116.0,2859.5938665954977,297.8,0.0,0.0,132.26,131.5,148.10000000000002,5599.158697533296,343.65,0.0,0.0,2024-07-20,5.0,conditioned,137,653,degrade,120,0
133.0,9868.0,354.0,442.0,51.08,44.0,83.10000000000001,1987.0532409693665,225.2,1.3486522528283502,0.0,51.16,45.0,84.20000000000002,1989.2120078917774,228.35,4.095549562209402,0.0,28.1,27.0,41.0,844.6786915968245,157.3,0.0,0.0,48.19,44.0,75.10000000000001,2030.8874466862405,204.35,0.24615083983909472,0.0,2024-07-20,15.0,unconditional,137,653,degrade,120,3
133.0,9868.0,354.0,442.0,79.7,80.0,89.0,4042.9471296662878,259.9,0.0,0.0,79.26,79.0,90.20000000000002,4043.0509968394726,263.9,1.7741072703936935,0.0,42.33,40.5,58.0,1762.5925104601263,183.2,0.02450840134230816,0.0,73.3,73.5,92.20000000000002,3979.6998054930386,234.25,0.0,0.0,2024-07-20,15.0,conditioned,137,653,degrade,120,3
172.0,12325.0,390.0,0.0,116.26,114.5,131.0,3270.6365906967876,322.85,0.0,0.0,116.96,115.0,134.10000000000002,3277.6758699525303,328.8,0.0,0.0,96.41,96.5,112.20000000000002,1869.9271288812922,289.55,0.0,0.0,120.41,122.0,135.0,3396.964967004525,332.25,0.0,0.0,2024-07-23,5.0,unconditional,122,637,degrade,107,0
172.0,12325.0,390.0,0.0,129.91,131.0,141.10000000000002,5415.95455082769,343.5,0.0,0.0,130.48,131.0,147.0,5407.956992914455,343.8,0.0,0.0,94.09,93.5,111.20000000000002,2779.5013681357104,275.8,0.0,0.0,130.39,130.0,145.0,5518.77618807529,329.65,0.0,0.0,2024-07-23,5.0,conditioned,122,637,degrade,107,0
120.0,9369.0,276.0,0.0,47.61,42.0,75.0,1796.703037410961,187.6,0.0,0.0,47.84,42.0,74.0,1803.6081486940147,192.25,0.0,0.0,28.63,27.0,41.0,838.3409949183462,151.4,0.0,0.0,47.54,45.0,67.10000000000001,2000.9876651638365,191.15,0.0,0.0,2024-07-23,15.0,unconditional,122,637,degrade,107,0
120.0,9369.0,276.0,0.0,73.02,72.0,84.0,3585.5724754413704,236.3,0.0,0.0,73.48,74.0,85.10000000000001,3587.4702977887396,233.65,0.0,0.0,40.11,39.0,54.10000000000001,1586.455561316994,156.25,0.0,0.0,71.59,71.0,89.10000000000001,3777.2541636321916,215.15,0.0,0.0,2024-07-23,15.0,conditioned,122,637,degrade,107,0
171.0,9233.0,427.0,0.0,139.39,137.0,159.10000000000002,3761.095922160174,389.15,0.0,0.04,140.21,139.0,161.10000000000002,3774.3507181944874,393.8,0.0,0.05,114.76,111.0,139.10000000000002,2237.8893107481877,335.95,0.0,0.0,144.43,142.0,167.0,4096.164572891844,385.05,0.0,0.06,2024-07-26,5.0,unconditional,141,726,degrade,124,0
171.0,9233.0,427.0,0.0,156.93,157.0,172.10000000000002,6730.608139694328,412.35,0.0,0.12,157.13,158.0,175.10000000000002,6750.594453578354,413.15,0.0,0.18,110.63,110.5,132.20000000000002,3363.442256476128,317.05,0.0,0.0,157.54,157.5,178.0,6890.426744113439,381.7,0.0,0.22,2024-07-26,5.0,conditioned,141,726,degrade,124,0
124.0,7056.0,320.0,0.0,55.42,51.0,91.0,2040.5836698715646,233.15,0.0,0.0,56.03,51.0,86.60000000000005,2054.2875762937642,237.8,0.0,0.0,34.5,32.5,49.0,980.7545760463237,174.3,0.0,0.0,58.83,55.5,85.10000000000001,2358.488774047092,235.65,0.0,0.02,2024-07-26,15.0,unconditional,141,726,degrade,124,0
124.0,7056.0,320.0,0.0,90.91,91.0,103.0,4477.404204326485,289.05,0.0,0.0,91.08,91.0,107.0,4482.80574074361,293.45,0.0,0.0,50.49,49.0,71.0,2058.261385871734,185.65,0.0,0.0,90.81,88.0,117.10000000000001,4841.771936509807,256.9,0.0,0.06,2024-07-26,15.0,conditioned,141,726,degrade,124,0
179.0,9578.0,404.0,0.0,135.7,134.0,155.20000000000002,3867.8578976402728,378.55,0.0,0.0,136.11,134.0,160.0,3870.2759545815243,374.9,0.0,0.02,110.25,109.0,126.0,2234.2314163225196,309.45,0.0,0.0,140.19,138.0,162.10000000000002,4238.995973636689,361.55,0.0,0.0,2024-07-29,5.0,unconditional,132,713,degrade,116,0
179.0,9578.0,404.0,0.0,154.25,155.0,167.10000000000002,6663.943901336029,388.4,0.0,0.0,152.32,151.0,171.0,6598.714355816255,386.7,0.0,0.04,106.77,107.0,123.20000000000002,3278.1841634086236,300.15,0.0,0.0,153.5,152.5,173.10000000000002,6965.590038244709,360.95,0.0,0.08,2024-07-29,5.0,conditioned,132,713,degrade,116,0
126.0,7743.0,324.0,0.0,57.47,51.0,90.20000000000002,2155.0661563773833,247.5,0.0,0.0,57.53,50.5,92.0,2154.2973765171046,248.95,0.0,0.0,34.46,32.5,50.0,1010.043215639126,159.8,0.0,0.0,59.17,55.0,86.10000000000001,2506.1186348718325,223.55,0.0,0.0,2024-07-29,15.0,unconditional,132,713,degrade,116,0
126.0,7743.0,324.0,0.0,91.4,92.0,101.0,4515.0320451770895,275.45,0.0,0.0,90.95,90.5,105.10000000000001,4496.7717100420605,273.4,0.0,0.0,48.27,47.0,68.0,2033.102522646819,171.7,0.0,0.0,89.06,87.0,116.0,4957.461685493524,237.7,0.0,0.04,2024-07-29,15.0,conditioned,132,713,degrade,116,0
177.0,7908.0,437.0,0.0,134.22,132.0,154.20000000000002,3742.048545021676,374.3,0.0,0.0,133.18,131.5,157.10000000000002,3714.4002990491326,371.35,0.0,0.0,108.21,109.5,128.0,2155.840822336877,318.45,0.0,0.0,139.78,137.0,157.20000000000002,4217.474702480339,373.6,0.0,0.02,2024-08-01,5.0,unconditional,127,716,normal,111,0
177.0,7908.0,437.0,0.0,128.09,127.5,141.0,3011.46685705973,372.2,0.0,0.0,127.54,127.5,145.10000000000002,2998.1739315119407,370.65,0.0,0.0,109.06,110.0,130.10000000000002,1941.3943607442895,333.1,0.0,0.0,136.96,137.0,153.20000000000002,3562.654651994701,375.4,0.0,0.0,2024-08-01,5.0,conditioned,127,716,normal,111,0
100.0,5220.0,337.0,0.0,56.9,50.5,90.10000000000001,2125.1462995695574,233.85,0.0,0.04,56.36,50.0,90.10000000000001,2106.1439716551245,225.65,0.0,0.03,34.34,31.0,49.10000000000001,988.2984827604774,165.2,0.0,0.0,59.87,55.0,90.20000000000002,2597.871178083584,229.25,0.0,0.04,2024-08-01,15.0,unconditional,127,716,normal,111,3
100.0,5220.0,337.0,0.0,49.22,50.0,57.10000000000001,1550.8822783150897,222.0,0.0,0.0,48.68,49.0,59.0,1546.2130310431269,220.35,0.0,0.0,32.45,31.0,45.0,803.7827156413623,173.95,0.0,0.0,54.07,54.0,68.20000000000002,1997.6469806620635,227.5,0.0,0.0,2024-08-01,15.0,conditioned,127,716,normal,111,3
170.0,9815.0,373.0,0.0,107.12,105.0,122.0,2923.0561437800307,311.8,0.0,0.0,107.37,107.5,123.10000000000001,2925.103438943593,310.8,0.0,0.0,87.6,87.5,102.10000000000001,1755.7118835231877,270.35,0.0,0.0,110.0,109.0,124.0,3169.898638641447,305.9,0.0,0.0,2024-08-04,5.0,unconditional,122,600,degrade,107,0
170.0,9815.0,373.0,0.0,121.04,121.0,134.10000000000002,5092.626252536666,323.0,0.0,0.0,121.12,121.0,137.20000000000002,5081.747305595872,328.5,0.0,0.0,87.03,88.0,102.0,2644.5936882981373,259.75,0.0,0.0,120.92,121.0,136.10000000000002,5150.216038803677,313.3,0.0,0.0,2024-08-04,5.0,conditioned,122,600,degrade,107,0
115.0,7353.0,317.0,0.0,44.42,40.0,72.0,1666.6420797860128,189.6,0.0,0.0,44.38,40.0,71.10000000000001,1669.4787939236153,189.65,0.0,0.0,28.22,27.0,42.0,849.4934496308765,141.1,0.0,0.0,45.44,43.0,65.0,1904.7813762173041,187.05,0.0,0.0,2024-08-04,15.0,unconditional,122,600,degrade,107,0
115.0,7353.0,317.0,0.0,71.58,71.0,82.0,3592.8455894368367,232.9,0.0,0.0,71.71,72.0,84.0,3589.5248448289512,227.5,0.0,0.0,40.35,39.0,54.10000000000001,1705.6795792240073,146.55,0.0,0.0,68.15,67.5,85.0,3635.2951658884517,208.0,0.0,0.0,2024-08-04,15.0,conditioned,122,600,degrade,107,0
131.0,5301.0,354.0,0.0,131.13,131.0,146.0,3669.769721524929,362.2,0.0,0.52,133.61,132.5,154.10000000000002,3756.6424307298703,364.15,0.0,0.56,106.12,105.5,126.30000000000003,2072.926538431774,304.55,0.0,0.07,137.58,136.0,155.10000000000002,3955.3149533687397,350.7,0.0,0.72,2024-08-07,5.0,unconditional,118,707,degrade,103,0
131.0,5301.0,354.0,0.0,150.01,150.0,162.20000000000002,6550.7356911268325,386.75,0.0,0.99,149.25,149.0,169.10000000000002,6537.902467848919,384.35,0.0,0.88,101.98,100.5,121.0,3125.709482338934,286.9,0.0,0.04,151.22,151.5,168.10000000000002,6861.117338448322,353.75,0.0,0.91,2024-08-07,5.0,conditioned,118,707,degrade,103,0
67.0,3148.0,223.0,39.0,55.79,51.0,86.20000000000002,2086.853873821319,221.3,0.0,0.2,56.93,52.0,88.20000000000002,2142.5339697324125,221.85,0.0,0.21,32.72,31.0,48.10000000000001,965.8971271691756,156.2,0.0,0.02,56.49,52.0,82.30000000000003,2375.96444983437,210.95,0.0,0.21,2024-08-07,15.0,unconditional,118,707,degrade,103,7
67.0,3148.0,223.0,39.0,88.08,88.0,100.0,4378.528519759085,274.85,0.0,0.99,88.04,86.5,104.20000000000002,4374.387560878391,280.25,0.0,0.96,45.75,44.0,61.0,1887.844952345859,171.15,0.0,0.05,87.9,87.0,106.0,4779.773592740081,239.4,0.0,0.93,2024-08-07,15.0,conditioned,118,707,degrade,103,7
170.0,7266.0,404.0,0.0,136.78,134.0,156.10000000000002,3902.405598187661,373.35,0.0,0.01,137.73,135.5,157.10000000000002,3916.5690277100284,372.2,0.0,0.02,109.81,109.0,132.10000000000002,2160.1634689069983,309.25,0.0,0.0,139.26,139.0,156.0,4107.095518349521,354.8,0.0,0.01,2024-08-10,5.0,unconditional,135,697,normal,118,0
170.0,7266.0,404.0,0.0,132.71,132.0,144.0,3068.823192287484,367.6,0.0,0.0,134.9,134.0,149.0,3120.2975077282226,373.1,0.0,0.0,113.41,113.5,129.0,1867.9416525432614,330.0,0.0,0.0,136.56,137.0,148.20000000000002,3160.8033891018104,369.3,0.0,0.0,2024-08-10,5.0,conditioned,135,697,normal,118,0
104.0,5149.0,297.0,0.0,59.32,52.0,92.10000000000001,2304.46380912426,232.75,5.103118259793854,0.0,59.45,52.0,94.0,2314.9646368084937,234.0,3.0212571771633234,0.03,35.03,34.5,48.10000000000001,1031.4851445174543,165.15,0.8535102015806387,0.0,59.61,53.5,91.10000000000001,2533.7284985001966,221.95,1.6009193890857545,0.05,2024-08-10,15.0,unconditional,135,697,normal,118,1
104.0,5149.0,297.0,0.0,50.11,49.5,60.0,1589.3152325621259,217.85,0.06895802679308645,0.0,50.69,51.0,62.0,1612.6456233154668,218.8,0.06895802679308645,0.0,31.24,32.0,41.20000000000002,702.4180469199085,170.05,0.0,0.0,48.88,47.5,61.10000000000001,1625.5222843381443,215.2,0.0,0.0,2024-08-10,15.0,conditioned,135,697,normal,118,1
129.0,5624.0,357.0,0.0,130.09,128.0,145.0,3714.902235023281,353.7,0.0,0.49,130.6,131.0,149.10000000000002,3722.6002921120075,351.55,0.0,0.62,106.62,106.5,122.10000000000001,2181.851308055186,304.0,0.0,0.06,137.18,137.0,158.0,4250.024880616267,350.75,0.0,0.7,2024-08-13,5.0,unconditional,123,704,normal,108,0
129.0,5624.0,357.0,0.0,125.69,124.5,137.0,2920.7361403901346,344.5,0.0,0.33,125.46,125.5,139.0,2929.6952286601722,344.6,0.0,0.41,107.31,105.0,127.0,1884.688960162662,301.6,0.0,0.08,133.13,132.0,146.10000000000002,3466.9708758249662,348.25,0.0,0.67,2024-08-13,5.0,conditioned,123,704,normal,108,0
52.0,3704.0,230.0,0.0,58.0,52.0,87.0,2204.0249922887,222.55,0.0,0.52,58.23,53.5,88.20000000000002,2199.4067175640052,218.4,0.0,0.51,34.86,34.0,49.0,1008.2568015368918,160.3,0.0,0.07,60.12,54.0,93.20000000000002,2621.5396052950878,215.35,0.0,0.58,2024-08-13,15.0,unconditional,123,704,normal,108,7
52.0,3704.0,230.0,0.0,47.74,48.0,56.0,1467.2245475004895,200.55,0.0,0.32,47.71,48.0,57.10000000000001,1469.4529753681331,209.65,0.0,0.34,31.75,32.0,43.0,761.9725259928324,165.85,0.0,0.03,52.81,52.0,67.10000000000001,1967.4049443788306,211.35,0.0,0.56,2024-08-13,15.0,conditioned,123,704,normal,108,7
158.0,5737.0,382.0,0.0,148.46,146.0,167.0,4055.222460045981,395.35,0.0,0.23,147.73,146.5,170.20000000000002,4046.0783628963395,399.2,0.0,0.21,119.43,119.5,139.0,2392.879556202729,326.65,0.0,0.02,155.41,154.5,173.0,4740.591278295699,385.35,0.0,0.42,2024-08-16,5.0,unconditional,124,733,normal,109,0
158.0,5737.0,382.0,0.0,143.39,143.0,153.0,3318.170456202054,391.65,0.0,0.02,141.64,141.5,157.0,3278.5170919577954,385.85,0.0,0.09,120.34,120.0,138.10000000000002,2033.6290448577847,340.5,0.0,0.02,151.45,150.5,167.0,3813.1969850601677,390.5,0.0,0.31,2024-08-16,5.0,conditioned,124,733,normal,109,0
74.0,3224.0,236.0,0.0,59.04,53.0,91.20000000000002,2170.226220565976,235.15,0.0,0.21,58.99,52.0,90.60000000000005,2173.877771281239,239.7,0.0,0.22,35.92,35.0,50.0,1089.5140138044458,166.1,0.0,0.01,64.59,61.5,88.10000000000001,2827.97135168721,225.85,0.0,0.29,2024-08-16,15.0,unconditional,124,733,normal,109,1
74.0,3224.0,236.0,0.0,49.99,49.0,58.10000000000001,1615.7846388730186,219.8,0.0,0.01,49.12,49.0,58.0,1604.0610736538924,213.5,0.0,0.01,31.1,29.0,45.10000000000001,774.901818507919,152.9,0.0,0.0,54.76,53.0,73.10000000000001,2056.881866782345,205.2,0.0,0.1,2024-08-16,15.0,conditioned,124,733,normal,109,1
182.0,9775.0,416.0,0.0,143.18,139.0,163.10000000000002,3943.6801283341833,402.1,0.0,0.02,144.68,142.5,169.50000000000006,3978.216188876634,407.25,0.0,0.06,117.5,116.5,140.0,2307.9930566682146,349.05,0.0,0.0,147.73,147.5,168.10000000000002,4182.121933479539,396.75,0.0,0.02,2024-08-19,5.0,unconditional,140,733,degrade,123,0
182.0,9775.0,416.0,0.0,159.69,159.5,170.10000000000002,6793.785443559296,416.85,0.0,0.02,159.95,161.0,178.10000000000002,6819.226295055701,428.15,0.0,0.08,115.33,114.0,138.0,3522.1572559948727,328.55,0.0,0.0,162.5,161.0,181.0,7155.547000786761,391.35,0.0,0.09,2024-08-19,5.0,conditioned,140,733,degrade,123,0
114.0,7109.0,301.0,0.0,57.9,52.0,92.10000000000001,2134.770416898689,235.6,0.0,0.0,58.48,51.0,90.20000000000002,2155.875734773808,246.0,0.0,0.02,34.25,33.0,47.20000000000002,988.2780552253461,167.15,0.0,0.0,58.21,53.0,88.40000000000003,2381.7648752902596,217.75,0.0,0.0,2024-08-19,15.0,unconditional,140,733,degrade,123,0
114.0,7109.0,301.0,0.0,91.07,90.5,103.0,4434.554443728074,281.4,0.0,0.0,90.58,90.0,105.0,4449.454313942206,288.5,0.08449007805384098,0.03,50.0,49.0,66.10000000000001,2099.0781796043266,182.35,0.0,0.0,91.18,89.0,114.30000000000003,4904.800242925783,248.75,0.0,0.11,2024-08-19,15.0,conditioned,140,733,degrade,123,0
176.0,6855.0,417.0,0.0,147.5,146.0,164.10000000000002,3913.349139652694,392.2,0.0,0.02,148.27,149.0,171.10000000000002,3946.0406014390464,394.75,8.55530395090853,0.07,123.39,125.0,146.0,2402.8709706418454,354.8,0.0,0.0,157.39,157.0,175.10000000000002,4472.341946581161,404.15,0.0,0.1,2024-08-22,5.0,unconditional,127,731,normal,111,0
176.0,6855.0,417.0,0.0,144.41,145.0,156.10000000000002,3383.5776852024283,390.95,0.0,0.0,144.17,145.0,160.0,3375.7485049778297,392.4,0.2669758786980026,0.0,124.06,124.0,143.10000000000002,2059.008796110233,368.95,0.029652366007275076,0.0,154.25,153.5,170.10000000000002,3764.5676656435353,420.75,0.1296523660072751,0.03,2024-08-22,5.0,conditioned,127,731,normal,111,0
81.0,3652.0,302.0,0.0,55.92,51.0,84.0,2041.2118780314206,249.5,0.0,0.12,56.67,51.5,88.10000000000001,2068.394222854194,252.75,8.55530395090853,0.13,35.15,33.0,50.10000000000001,1006.84788375768,191.55,0.0,0.01,60.59,56.0,85.10000000000001,2513.156541649247,242.1,0.0,0.13,2024-08-22,15.0,unconditional,127,731,normal,111,14
81.0,3652.0,302.0,0.0,50.31,49.0,59.10000000000001,1639.8336400031963,235.65,0.0,0.0,50.14,51.0,60.10000000000001,1634.8321165409902,239.95,0.2669758786980026,0.0,31.43,30.0,45.0,743.6723309191638,199.6,0.029652366007275076,0.0,54.37,51.5,70.0,1962.4157813260163,256.6,0.1296523660072751,0.03,2024-08-22,15.0,conditioned,127,731,normal,111,14
167.0,5636.0,420.0,0.0,140.91,139.5,157.20000000000002,3810.191316457717,368.3,0.0,0.04,140.88,142.0,158.0,3813.514829028117,372.8,0.03194690381072292,0.05,116.36,118.0,132.10000000000002,2213.4217685241783,336.75,0.0,0.0,151.83,151.0,169.20000000000002,4532.637644488586,388.65,0.0,0.12,2024-08-25,5.0,unconditional,119,727,normal,104,0
167.0,5636.0,420.0,0.0,135.88,136.0,146.10000000000002,3144.2405560729358,371.3,0.0,0.0,137.64,136.0,155.0,3171.9686627126703,364.65,0.0,0.02,115.95,116.0,134.0,1940.2517462972312,331.25,0.0,0.0,147.82,148.0,162.10000000000002,3750.542129829968,386.7,0.0,0.05,2024-08-25,5.0,conditioned,119,727,normal,104,0
67.0,3336.0,260.0,0.0,57.03,51.0,92.10000000000001,2111.0288969845024,230.6,0.0,0.2,57.09,50.0,89.10000000000001,2106.5193138384093,226.5,0.03194690381072292,0.2,33.9,32.0,49.10000000000001,994.9640187542022,173.6,0.0,0.01,62.72,55.0,99.10000000000001,2706.4038149861876,234.6,0.0,0.32,2024-08-25,15.0,unconditional,119,727,normal,104,6
67.0,3336.0,260.0,0.0,49.67,49.5,59.10000000000001,1565.6700514165977,214.8,0.0,0.02,50.13,50.0,60.10000000000001,1574.7908104359528,212.3,0.0,0.03,30.9,29.0,43.10000000000001,749.5838411781542,161.6,0.0,0.0,54.73,53.0,69.0,2073.669474347033,220.7,0.0,0.17,2024-08-25,15.0,conditioned,119,727,normal,104,6
160.0,4585.0,344.0,0.0,119.39,120.0,134.10000000000002,3277.895126455804,325.1,0.0,0.0,119.25,119.5,134.0,3267.2268540208456,325.75,0.0,0.0,98.62,99.0,115.50000000000004,1978.4615095748795,280.4,0.0,0.0,124.95,125.0,139.10000000000002,3648.8597019855456,325.3,0.0,0.02,2024-08-28,5.0,unconditional,130,616,normal,114,0
160.0,4585.0,344.0,0.0,117.09,117.0,128.0,2662.7042788403382,316.4,0.0,0.0,116.94,117.0,130.0,2655.9362380138255,315.6,0.0,0.0,99.16,98.5,119.0,1675.3832229425057,286.05,0.0,0.0,121.21,120.0,137.10000000000002,2926.2091775464546,319.6,0.0,0.0,2024-08-28,5.0,conditioned,130,616,normal,114,0
59.0,3136.0,200.0,0.0,47.9,42.5,75.10000000000001,1775.9324521904384,185.2,0.0,0.21,47.63,43.0,74.0,1764.6349038674591,190.95,0.0,0.18,30.11,29.0,42.0,915.8597783223782,135.95,0.0,0.03,50.03,46.0,79.0,2163.6970331284647,174.9,0.0,0.23,2024-08-28,15.0,unconditional,130,616,normal,114,0
59.0,3136.0,200.0,0.0,41.17,41.0,47.10000000000001,1305.9698992147623,175.6,0.0,0.0,40.86,40.0,49.0,1301.576586254103,175.05,0.0,0.0,25.95,25.0,35.10000000000001,635.4310355992925,126.15,0.0,0.0,42.44,42.0,54.20000000000002,1539.1047026334313,165.7,0.0,0.06,2024-08-28,15.0,conditioned,130,616,normal,114,0
123.0,5606.0,329.0,0.0,82.76,81.0,96.10000000000001,2358.1963106496382,240.25,0.0,0.0,82.73,82.0,97.30000000000003,2375.5448753768014,235.35,4.414852371583794,0.0,65.98,67.0,75.0,1364.8844152939316,200.2,0.0,0.0,84.25,84.0,95.0,2337.269337073998,234.95,0.0,0.0,2024-08-31,5.0,unconditional,88,466,normal,77,0
123.0,5606.0,329.0,0.0,78.92,79.0,88.0,1888.4516708830165,230.8,0.0,0.0,78.6,78.0,88.0,1878.1635266381109,225.2,0.0,0.0,66.33,66.0,77.10000000000001,1152.9604642699521,197.2,0.0,0.0,82.48,82.0,92.10000000000001,1971.618581225317,226.8,0.0,0.0,2024-08-31,5.0,conditioned,88,466,normal,77,0
72.0,3711.0,230.0,0.0,33.13,29.5,51.10000000000001,1302.2808704484971,152.5,0.104864060841237,0.0,33.33,30.0,53.0,1309.7998707256243,151.75,5.216428713302497,0.0,20.41,20.0,31.0,631.5942436935225,113.95,0.0,0.0,32.2,30.0,48.10000000000001,1314.292189321231,146.4,0.0,0.01,2024-08-31,15.0,unconditional,88,466,normal,77,7
72.0,3711.0,230.0,0.0,28.07,27.5,34.10000000000001,936.7351542141012,129.05,0.0,0.0,27.79,27.0,34.0,931.3887541724067,126.15,0.0,0.0,17.79,16.5,25.0,456.45273543534745,106.05,0.0,0.0,27.79,27.0,38.10000000000001,1010.6914916183275,133.2,0.0,0.0,2024-08-31,15.0,conditioned,88,466,normal,77,7
144.0,4234.0,358.0,0.0,132.67,131.0,153.10000000000002,3826.036342518176,350.1,0.0,0.19,133.94,131.5,160.0,3845.434854161393,346.65,0.0,0.32,108.54,107.0,128.20000000000002,2202.437305985697,298.45,0.0,0.02,139.89,137.5,164.10000000000002,4383.325034928975,351.75,0.0,0.3,2024-09-03,5.0,unconditional,121,702,normal,106,0
144.0,4234.0,358.0,0.0,127.01,127.0,140.10000000000002,3011.1990293514345,347.8,0.0,0.06,126.49,125.0,144.0,2996.8225542989653,345.85,0.0,0.11,107.88,106.0,128.0,1893.7621393387628,316.45,0.0,0.0,134.33,135.0,149.20000000000002,3450.6972071542555,363.95,0.0,0.19,2024-09-03,5.0,conditioned,121,702,normal,106,0
59.0,2290.0,229.0,0.0,56.95,49.0,92.10000000000001,2180.9818180468965,201.2,0.0,0.25,57.19,49.0,96.0,2199.4703665223337,198.7,0.0,0.27,34.11,31.0,49.20000000000002,1021.6206717831955,145.65,0.0,0.04,61.44,56.5,100.10000000000001,2692.5722295916494,197.1,0.0,0.46,2024-09-03,15.0,unconditional,121,702,normal,106,1
59.0,2290.0,229.0,0.0,47.11,47.5,54.10000000000001,1520.9379847780033,192.4,0.0,0.01,46.78,47.0,54.0,1510.7670021093988,193.65,0.0,0.01,31.24,30.5,42.0,767.2787050041865,164.45,0.0,0.0,52.67,52.5,66.0,1916.7581297666654,209.95,0.0,0.31,2024-09-03,15.0,conditioned,121,702,normal,106,1
154.0,3996.0,370.0,0.0,150.89,148.0,170.10000000000002,4298.393178245253,391.15,0.0,0.35,150.46,150.0,170.10000000000002,4254.52935533158,402.7,0.0,0.4,120.92,121.0,145.20000000000002,2463.7237659627017,345.1,0.0,0.04,156.77,157.0,180.0,4976.672131447453,396.5,0.0,0.55,2024-09-06,5.0,unconditional,129,770,normal,113,0
154.0,3996.0,370.0,0.0,145.95,145.0,158.0,3403.0688168237416,384.15,0.0,0.21,145.63,146.5,165.10000000000002,3418.1142678828323,386.55,0.0,0.29,121.6,119.5,146.10000000000002,2010.8423365005847,330.35,0.0,0.03,150.99,150.0,167.20000000000002,3834.654089410294,380.3,0.0,0.37,2024-09-06,5.0,conditioned,129,770,normal,113,0
55.0,2753.0,210.0,0.0,67.66,61.0,103.10000000000001,2541.726206390126,241.0,0.0,0.72,66.86,61.0,102.0,2516.187316266142,250.6,0.0,0.71,39.68,35.5,57.10000000000001,1208.572760898872,176.95,0.0,0.17,71.75,63.0,102.50000000000004,3215.447809589725,234.45,0.0,0.73,2024-09-06,15.0,unconditional,129,770,normal,113,0
55.0,2753.0,210.0,0.0,57.28,57.0,66.0,1787.9161980308354,235.45,0.0,0.65,57.28,56.5,68.10000000000001,1794.36780178826,236.7,0.0,0.62,34.01,33.0,46.0,790.6361942759207,154.0,0.0,0.02,59.53,58.5,74.30000000000003,2173.689658470059,213.9,0.0,0.64,2024-09-06,15.0,conditioned,129,770,normal,113,0
177.0,6605.0,485.0,0.0,156.97,155.5,180.0,4359.620418876666,416.85,0.0,0.12,158.81,156.0,185.3,4392.677571000504,425.75,0.0,0.16,130.95,132.0,149.0,2571.3166128231455,373.4,0.0,0.0,166.81,166.0,189.10000000000002,4946.348788717265,420.35,0.0,0.22,2024-09-09,5.0,unconditional,131,780,normal,115,0
177.0,6605.0,485.0,0.0,152.85,154.0,161.10000000000002,3581.003543285333,407.1,0.0,0.01,154.1,154.0,172.3,3610.6982981383912,411.45,0.0,0.06,131.63,132.0,151.20000000000002,2327.152626576573,365.45,0.0,0.0,162.86,164.0,178.10000000000002,4188.452483225823,417.9,0.0,0.13,2024-09-09,5.0,conditioned,131,780,normal,115,0
90.0,4125.0,319.0,0.0,65.71,58.0,102.20000000000002,2454.67048196499,247.5,0.0,0.2,66.5,60.5,106.10000000000001,2474.6775793168285,256.95,0.0,0.19,39.48,37.0,56.10000000000001,1176.9620624471938,183.7,0.0,0.0,70.11,65.0,101.30000000000003,2951.917855488016,248.0,0.0,0.16,2024-09-09,15.0,unconditional,131,780,normal,115,2
90.0,4125.0,319.0,0.0,56.76,57.0,65.0,1810.0525234981237,232.9,0.0,0.0,57.59,58.0,67.0,1825.6791651947642,234.05,0.0,0.0,37.61,37.5,53.0,931.423958225818,174.2,0.0,0.0,62.66,62.0,84.0,2265.4402126954283,236.05,0.0,0.03,2024-09-09,15.0,conditioned,131,780,normal,115,2
173.0,5426.0,430.0,0.0,154.68,153.5,176.0,4414.283991725234,407.7,0.0,0.14,153.99,152.0,180.10000000000002,4416.02612599046,411.75,0.0,0.17,123.75,123.0,146.10000000000002,2432.5599530110003,349.15,0.0,0.01,159.16,157.5,181.0,4797.00524576729,405.2,0.0,0.17,2024-09-12,5.0,unconditional,133,773,normal,117,0
173.0,5426.0,430.0,0.0,147.47,146.5,162.0,3402.026492432773,401.15,0.0,0.0,148.37,146.0,167.0,3429.9253540847276,405.7,0.0,0.06,126.57,129.0,148.0,2191.4068961215626,352.1,0.0,0.0,156.19,156.0,171.10000000000002,3970.377705646903,399.3,0.0,0.08,2024-09-12,5.0,conditioned,133,773,normal,117,0
73.0,3441.0,231.0,0.0,66.56,57.5,104.10000000000001,2571.702302268641,245.95,0.0,0.25,66.34,59.0,106.30000000000003,2569.0417946658104,249.8,0.0,0.27,38.29,37.0,57.0,1150.4520993976878,179.1,0.0,0.02,68.98,64.0,101.20000000000002,2931.2265484789405,243.2,0.0,0.31,2024-09-12,15.0,unconditional,133,773,normal,117,0
73.0,3441.0,231.0,0.0,53.34,53.0,61.10000000000001,1720.7798684046252,229.25,0.0,0.0,53.9,54.5,63.300000000000026,1735.6543858420334,233.9,0.0,0.0,34.67,33.0,46.20000000000002,844.9744042767171,155.3,0.0,0.0,58.53,57.0,75.10000000000001,2143.2980138024345,208.35,0.0,0.12,2024-09-12,15.0,conditioned,133,773,normal,117,0
138.0,4705.0,386.0,0.0,149.63,147.5,166.10000000000002,4193.471405023442,408.15,0.0,0.88,149.76,149.0,171.10000000000002,4210.649786997621,414.55,0.0,0.78,121.03,122.5,141.20000000000002,2430.502449972809,345.0,0.0,0.14,155.64,153.0,177.0,4764.448609527622,403.35,0.0,0.95,2024-09-15,5.0,unconditional,135,777,normal,118,0
138.0,4705.0,386.0,0.0,146.4,145.0,158.10000000000002,3424.824081618401,400.15,0.0,0.86,145.34,145.0,163.0,3398.5478786582,414.75,0.0,0.73,121.57,122.5,140.0,2058.8414303411305,361.2,0.0,0.17,152.31,152.5,169.20000000000002,3967.841623732421,413.7,0.0,0.91,2024-09-15,5.0,conditioned,135,777,normal,118,0
64.0,3453.0,228.0,0.0,66.3,59.0,101.10000000000001,2447.458646879973,255.4,0.0,0.36,65.95,58.0,103.0,2461.5865895023044,260.2,0.0,0.36,39.22,38.5,56.10000000000001,1205.838541798886,191.2,0.0,0.06,68.18,62.5,97.20000000000002,2937.8015403008576,246.2,0.0,0.46,2024-09-15,15.0,unconditional,135,777,normal,118,2
64.0,3453.0,228.0,0.0,56.55,56.0,65.20000000000002,1798.4082345410143,235.6,0.0,0.17,56.21,57.0,66.10000000000001,1793.6164297930684,240.55,0.0,0.2,34.46,33.5,46.10000000000001,831.0477081077377,184.65,0.0,0.0,59.78,59.0,73.10000000000001,2243.183134063702,232.25,0.0,0.4,2024-09-15,15.0,conditioned,135,777,normal,118,2
94.0,1846.0,260.0,0.0,114.43,113.0,131.0,3289.4249829917267,309.15,0.0,0.99,114.57,113.5,133.10000000000002,3314.1294182465563,308.0,0.0,0.96,92.39,92.0,110.10000000000001,1888.4074345720935,258.3,0.0,0.47,118.48,117.0,135.3,3639.724100401981,298.3,0.0,0.99,2024-09-18,5.0,unconditional,121,610,normal,106,0
94.0,1846.0,260.0,0.0,111.57,112.0,121.10000000000001,2566.1945797959233,299.5,0.0,0.99,113.08,111.5,125.10000000000001,2596.3821360971783,305.2,0.0,0.99,96.79,96.0,116.0,1652.5170283159148,265.5,0.0,0.59,116.81,115.0,133.20000000000002,2845.5817848925244,294.25,0.0,0.98,2024-09-18,5.0,conditioned,121,610,normal,106,0
21.0,795.0,112.0,0.0,47.37,41.0,72.0,1805.7955092468976,193.3,0.0,1.0,47.57,42.0,72.0,1824.5978465131886,185.6,0.0,1.0,28.93,27.0,41.0,886.5263525602239,134.5,0.0,0.81,49.61,47.0,73.10000000000001,2192.873476730348,173.2,0.0,0.99,2024-09-18,15.0,unconditional,121,610,normal,106,3
21.0,795.0,112.0,0.0,39.24,39.5,48.10000000000001,1236.3707346249498,171.25,0.0,1.0,39.8,39.0,49.10000000000001,1246.3588688371694,174.8,0.0,1.0,25.29,24.0,36.0,620.9015187027055,122.15,0.0,0.68,40.5,38.0,54.10000000000001,1442.202912625359,161.1,0.0,1.0,2024-09-18,15.0,conditioned,121,610,normal,106,3
120.0,2928.0,333.0,0.0,119.13,119.0,134.10000000000002,3080.608027060254,315.4,0.0,0.45,118.37,117.0,139.0,3065.190862666726,315.35,0.0,0.43,98.38,98.5,117.0,1842.06288520385,277.85,0.0,0.07,121.0,120.5,139.10000000000002,3165.5717910008807,315.9,0.0,0.52,2024-09-21,5.0,unconditional,129,606,normal,113,0
120.0,2928.0,333.0,0.0,115.69,116.5,126.0,2656.2649074570295,315.2,0.0,0.34,115.71,116.0,131.10000000000002,2655.8484880855103,320.4,0.0,0.36,97.18,95.0,115.40000000000003,1666.9297667110613,284.4,0.0,0.09,118.63,116.0,136.0,2882.0130212976587,317.7,0.0,0.42,2024-09-21,5.0,conditioned,129,606,normal,113,0
44.0,1736.0,145.0,0.0,47.31,44.0,70.10000000000001,1639.5410465427556,180.1,0.0,0.54,47.26,44.0,71.0,1631.718834074628,183.35,0.0,0.53,29.02,27.0,42.0,814.6672946090448,128.05,0.0,0.09,46.18,41.5,67.20000000000002,1751.8321032460185,168.8,0.0,0.43,2024-09-21,15.0,unconditional,129,606,normal,113,0
44.0,1736.0,145.0,0.0,43.05,42.5,51.10000000000001,1298.3216463313636,172.85,0.0,0.48,42.72,43.0,52.10000000000001,1299.4554927328181,179.15,0.0,0.46,27.16,26.0,38.0,675.0901235504944,135.8,0.0,0.04,43.81,43.0,55.0,1533.134060141702,169.4,0.0,0.49,2024-09-21,15.0,conditioned,129,606,normal,113,0
97.0,2712.0,261.0,0.0,113.66,113.5,128.10000000000002,3113.6945167625527,310.55,0.0,0.94,112.97,113.0,132.10000000000002,3100.6612751889706,299.1,0.0,0.87,90.75,89.0,106.0,1793.76552751954,247.1,0.0,0.29,114.81,115.0,129.10000000000002,3333.8546395108215,290.25,0.0,0.98,2024-09-24,5.0,unconditional,120,600,degrade,105,0
97.0,2712.0,261.0,0.0,130.69,131.0,142.0,5547.644484925437,322.8,0.0,1.0,128.52,129.0,144.10000000000002,5474.7870903246385,319.35,0.0,0.99,89.31,88.0,107.0,2858.931185344068,255.4,0.0,0.33,128.92,130.0,142.10000000000002,6002.207799816874,305.85,0.0,1.0,2024-09-24,5.0,conditioned,120,600,degrade,105,0
31.0,1402.0,119.0,0.0,44.94,41.0,71.0,1640.776213051899,181.55,0.0,0.96,44.9,41.5,69.30000000000003,1635.4011748681055,178.65,0.0,0.94,26.11,26.0,35.20000000000002,773.7870723118155,123.25,0.0,0.24,44.68,41.5,61.20000000000002,1884.94822540509,166.75,0.0,0.92,2024-09-24,15.0,unconditional,120,600,degrade,105,4
31.0,1402.0,119.0,0.0,71.67,71.0,82.0,3493.0114178041117,228.75,0.0,1.0,70.66,71.0,81.10000000000001,3458.7163807545357,228.65,0.0,1.0,38.99,39.0,53.10000000000001,1720.1972576758008,151.55,0.0,0.77,71.2,71.0,86.0,4008.9377050738526,197.05,0.0,1.0,2024-09-24,15.0,conditioned,120,600,degrade,105,4
184.0,14402.0,402.0,0.0,115.33,114.5,131.0,3374.378116562888,318.35,0.0,0.0,114.02,112.5,130.3,3357.6565561275424,320.8,0.0,0.0,94.32,93.0,112.0,2035.7460232859862,265.35,0.0,0.0,116.69,116.0,132.10000000000002,3396.0873465066857,305.8,0.0,0.0,2024-09-27,5.0,unconditional,132,590,degrade,116,0
184.0,14402.0,402.0,0.0,131.15,131.0,142.0,5784.423634817042,330.4,0.0,0.0,129.25,129.0,147.0,5730.331931189267,330.5,0.0,0.0,88.51,88.0,108.0,2904.1835299230324,246.45,0.0,0.0,120.51,120.0,137.0,5387.257897199434,293.9,0.0,0.0,2024-09-27,5.0,conditioned,132,590,degrade,116,0
155.0,10773.0,348.0,0.0,51.39,45.0,79.10000000000001,1976.0801817479896,200.75,0.0,0.0,51.28,45.0,82.10000000000001,1972.7910045366668,202.0,0.0,0.0,31.69,30.0,48.20000000000002,1015.1151515347331,135.05,0.0,0.0,49.39,43.5,73.10000000000001,2065.361387416179,178.1,0.0,0.0,2024-09-27,15.0,unconditional,132,590,degrade,116,1
155.0,10773.0,348.0,0.0,80.78,80.0,91.0,4062.5575827296416,234.2,0.0,0.0,80.17,80.5,93.0,4016.975216692594,235.15,0.0,0.0,43.17,43.0,57.0,1902.9325080390863,152.3,0.0,0.0,71.25,71.5,90.0,3936.2006835601946,196.65,0.0,0.0,2024-09-27,15.0,conditioned,132,590,degrade,116,1
173.0,7083.0,441.0,0.0,153.51,151.0,173.3,4324.067420759341,409.3,0.0,0.11,152.43,151.0,176.0,4302.803854215877,398.75,0.0,0.13,122.63,121.5,145.0,2479.1679880003912,344.05,0.0,0.0,158.6,157.0,181.20000000000002,4916.722705703366,407.65,0.0,0.19,2024-09-30,5.0,unconditional,137,764,normal,120,0
173.0,7083.0,441.0,0.0,148.0,148.0,159.10000000000002,3500.941356737506,407.05,0.0,0.0,148.85,148.0,171.10000000000002,3509.615874451285,406.55,0.0,0.06,124.04,123.0,146.10000000000002,2102.4929904516634,352.9,0.0,0.01,155.49,154.0,171.10000000000002,3969.2403747662083,404.95,0.0,0.09,2024-09-30,5.0,conditioned,137,764,normal,120,0
79.0,4575.0,258.0,0.0,67.48,59.0,106.10000000000001,2552.418081154031,251.25,0.0,0.22,67.32,59.5,106.0,2546.640974415431,241.35,0.0,0.23,39.44,37.5,61.0,1192.513991986864,170.2,0.0,0.04,70.36,62.0,110.0,3024.7236373178453,239.85,0.0,0.27,2024-09-30,15.0,unconditional,137,764,normal,120,0
79.0,4575.0,258.0,0.0,56.14,56.0,65.10000000000001,1782.8149595502487,231.45,0.0,0.0,56.28,56.0,67.0,1785.8681976384044,232.05,0.0,0.01,34.56,34.5,46.20000000000002,827.467813142172,159.05,0.0,0.0,60.34,59.0,76.20000000000002,2183.584127203538,224.7,0.0,0.08,2024-09-30,15.0,conditioned,137,764,normal,120,0
160.0,4062.0,383.0,0.0,149.64,149.0,164.0,4170.762705951823,394.8,0.0,0.2,150.59,149.5,171.10000000000002,4192.892857298446,393.1,0.0,0.28,122.39,122.0,141.10000000000002,2387.278055139401,338.3,0.0,0.02,158.4,155.5,178.0,4884.616322086066,399.3,0.0,0.42,2024-10-03,5.0,unconditional,123,764,normal,108,0
160.0,4062.0,383.0,0.0,146.27,147.0,158.0,3407.410372688102,394.15,0.0,0.06,147.02,146.0,163.20000000000002,3421.527931459084,399.0,0.0,0.18,126.5,127.0,146.10000000000002,2166.068351448873,345.0,0.0,0.01,156.52,156.0,171.20000000000002,3991.689047071734,401.0,0.0,0.4,2024-10-03,5.0,conditioned,123,764,normal,108,0
74.0,1951.0,287.0,0.0,65.22,59.0,97.0,2448.5010857034144,242.95,0.0,0.21,65.44,60.0,98.20000000000002,2458.279740884306,239.7,0.0,0.22,39.07,37.0,57.0,1139.2797622051764,162.5,0.0,0.01,71.42,66.0,108.30000000000003,3081.015562188392,230.4,0.0,0.3,2024-10-03,15.0,unconditional,123,764,normal,108,0
74.0,1951.0,287.0,0.0,57.5,58.0,66.0,1796.1162744595151,227.7,0.0,0.02,57.25,57.5,67.10000000000001,1794.8705909450464,232.1,0.0,0.01,36.53,37.0,49.0,874.1253054898276,175.35,0.0,0.0,62.45,62.0,78.10000000000001,2296.026738908486,229.7,0.0,0.18,2024-10-03,15.0,conditioned,123,764,normal,108,0
159.0,5151.0,408.0,0.0,151.52,149.0,170.0,4316.543072204182,401.5,0.0,0.28,153.31,152.0,175.10000000000002,4353.356710510297,406.25,0.0,0.34,126.9,123.5,150.40000000000003,2563.6273072896606,350.5,0.0,0.05,161.32,160.0,182.0,4866.582256771006,407.35,0.0,0.54,2024-10-06,5.0,unconditional,127,765,normal,111,0
159.0,5151.0,408.0,0.0,147.6,148.0,161.10000000000002,3392.9479143593303,389.3,0.0,0.15,148.85,149.0,167.10000000000002,3413.1821300796723,397.85,0.0,0.29,128.62,128.5,152.0,2168.1844199691927,344.65,0.0,0.06,157.84,156.0,178.10000000000002,3970.360389576955,399.85,0.0,0.4,2024-10-06,5.0,conditioned,127,765,normal,111,0
81.0,3270.0,281.0,0.0,66.23,59.0,103.10000000000001,2543.366294973282,248.65,0.0,0.24,67.04,61.0,103.20000000000002,2557.2836435074605,257.8,0.0,0.24,41.92,38.0,65.0,1243.951018325995,189.3,0.0,0.02,73.58,64.5,112.30000000000003,3099.8442324948846,254.0,0.0,0.3,2024-10-06,15.0,unconditional,127,765,normal,111,0
81.0,3270.0,281.0,0.0,56.06,56.0,64.0,1787.0843654019156,232.6,0.0,0.0,56.46,56.0,66.10000000000001,1797.3022740225765,235.95,0.0,0.0,37.46,37.0,53.0,887.9408308850906,174.35,0.0,0.0,62.57,61.5,82.0,2270.7298750409477,235.1,0.0,0.11,2024-10-06,15.0,conditioned,127,765,normal,111,0
124.0,2632.0,332.0,0.0,121.28,119.0,140.0,3489.820628079595,322.15,0.0,0.33,121.41,119.0,140.10000000000002,3491.6944385226925,327.45,0.0,0.38,98.34,99.0,112.20000000000002,1963.8770300573537,292.2,0.0,0.02,128.75,127.5,145.10000000000002,3965.3048700212426,334.2,0.0,0.64,2024-10-09,5.0,unconditional,121,688,normal,106,0
124.0,2632.0,332.0,0.0,118.55,118.0,127.0,2827.9297574996644,316.25,0.0,0.26,117.8,118.0,132.0,2806.2175266565605,311.85,0.0,0.38,97.05,98.0,113.0,1672.891424173124,278.55,0.0,0.02,123.66,122.5,139.0,3380.1415354547235,321.7,0.0,0.48,2024-10-09,5.0,conditioned,121,688,normal,106,0
38.0,1366.0,191.0,0.0,50.15,43.0,82.10000000000001,1956.8622328266665,181.45,0.0,0.78,50.28,43.0,83.40000000000003,1966.9440850726512,184.35,0.0,0.72,28.71,27.5,40.10000000000001,853.071008273759,146.65,0.0,0.15,52.49,48.0,74.60000000000005,2306.8919284825038,193.65,0.0,0.81,2024-10-09,15.0,unconditional,121,688,normal,106,0
38.0,1366.0,191.0,0.0,41.45,41.0,49.0,1349.9212274845372,175.2,0.0,0.76,41.36,41.0,50.0,1346.9261424252118,173.15,0.0,0.68,25.21,25.0,34.10000000000001,628.9549794691875,139.7,0.0,0.05,45.39,44.5,58.10000000000001,1835.9009897308547,184.3,0.0,0.75,2024-10-09,15.0,conditioned,121,688,normal,106,0
116.0,2871.0,304.0,0.0,112.26,111.0,131.10000000000002,3099.692930101791,302.6,0.0,0.29,113.0,112.5,131.0,3107.651448391882,307.8,0.0,0.38,92.59,94.0,106.0,1828.1677715030369,249.1,0.0,0.03,117.22,116.0,133.10000000000002,3448.0663567999036,294.65,0.0,0.52,2024-10-12,5.0,unconditional,124,635,normal,109,0
116.0,2871.0,304.0,0.0,107.44,108.0,117.0,2475.707528993474,294.7,0.0,0.18,106.6,106.5,122.0,2456.1403412744103,291.95,0.0,0.25,89.84,89.0,105.10000000000001,1541.62153775615,258.05,0.0,0.02,112.63,112.0,125.0,2956.5195326966827,297.15,0.0,0.38,2024-10-12,5.0,conditioned,124,635,normal,109,0
38.0,1292.0,166.0,0.0,48.04,42.5,75.20000000000002,1751.4869109215363,186.3,0.0,0.72,47.89,43.0,75.0,1750.0230723774011,186.35,0.0,0.76,29.08,27.0,43.10000000000001,848.4877659549322,132.45,0.0,0.16,49.98,43.5,75.10000000000001,2085.963520353101,173.85,0.0,0.78,2024-10-12,15.0,unconditional,124,635,normal,109,0
38.0,1292.0,166.0,0.0,39.02,38.0,47.0,1221.0736289696893,158.55,0.0,0.54,38.87,38.0,47.0,1212.8679730424083,162.6,0.0,0.53,25.2,24.5,35.0,600.8274022587185,110.9,0.0,0.07,43.93,44.0,56.10000000000001,1653.384434296401,158.1,0.0,0.72,2024-10-12,15.0,conditioned,124,635,normal,109,0
112.0,2875.0,310.0,0.0,128.78,126.5,147.10000000000002,3682.507703554393,334.55,0.0,0.97,128.1,127.0,149.20000000000002,3670.032239445512,345.7,0.0,0.85,104.27,104.0,125.20000000000002,2165.8036151675797,296.55,0.0,0.3,137.26,136.0,158.0,4587.7241250059815,338.25,0.0,0.97,2024-10-15,5.0,unconditional,123,726,normal,108,0
112.0,2875.0,310.0,0.0,124.36,125.0,135.0,2991.9011439708206,334.2,0.0,0.93,124.54,124.0,139.20000000000002,2995.5909326490246,338.95,0.0,0.81,104.45,104.0,124.0,1807.4342131882734,277.05,0.0,0.27,131.32,131.0,146.0,3511.2126675255918,331.4,0.0,0.98,2024-10-15,5.0,conditioned,123,726,normal,108,0
36.0,1808.0,185.0,0.0,53.54,46.0,87.20000000000002,2050.4931372233314,203.5,0.0,0.94,53.67,47.0,89.20000000000002,2041.332709115586,214.25,0.0,0.95,32.14,28.0,52.0,985.5230803607694,143.75,0.0,0.33,59.87,55.0,92.20000000000002,2755.339352033241,199.6,0.0,0.92,2024-10-15,15.0,unconditional,123,726,normal,108,1
36.0,1808.0,185.0,0.0,44.64,44.0,53.0,1473.8254221988384,197.65,0.0,0.96,44.78,45.0,54.0,1468.9382123064797,197.0,0.0,0.91,27.25,27.0,36.0,677.9268800560011,128.9,0.0,0.12,48.67,48.0,62.0,1881.2908422286391,184.4,0.0,0.93,2024-10-15,15.0,conditioned,123,726,normal,108,1
134.0,3865.0,344.0,0.0,141.4,139.0,164.10000000000002,4212.549023203405,376.45,0.0,0.72,143.54,141.0,166.10000000000002,4264.290621424358,379.1,0.0,0.72,116.44,114.5,134.10000000000002,2469.8623472012614,322.05,0.0,0.11,151.52,150.5,169.0,4958.534469530684,377.35,0.0,0.89,2024-10-18,5.0,unconditional,131,766,normal,115,0
134.0,3865.0,344.0,0.0,134.18,134.0,145.0,3282.6338910719774,362.25,0.0,0.53,135.32,133.0,153.10000000000002,3305.5551411587803,370.75,0.0,0.47,114.53,115.0,133.20000000000002,2017.600652915598,313.1,0.0,0.1,144.09,142.0,157.10000000000002,3831.5759582155733,369.35,0.0,0.85,2024-10-18,5.0,conditioned,131,766,normal,115,0
54.0,2383.0,171.0,0.0,59.39,51.0,96.0,2387.9081063582958,218.45,0.0,0.41,60.27,52.5,95.20000000000002,2396.3360138782305,228.4,0.0,0.49,37.88,36.0,54.10000000000001,1203.7918001867915,168.95,0.0,0.12,68.04,63.0,104.10000000000001,3052.4625421593623,230.35,0.0,0.67,2024-10-18,15.0,unconditional,131,766,normal,115,0
54.0,2383.0,171.0,0.0,48.62,49.0,57.0,1624.8815336426978,205.45,0.0,0.24,49.08,50.0,59.10000000000001,1632.856089740784,207.35,0.0,0.29,31.47,30.5,43.0,805.6291968830933,143.15,0.0,0.0,54.6,54.0,68.0,2096.48874140537,198.6,0.0,0.52,2024-10-18,15.0,conditioned,131,766,normal,115,0
137.0,4988.0,339.0,0.0,140.47,139.5,161.0,3978.862823699295,366.65,0.0,0.61,140.93,141.0,162.0,3992.3576144747676,372.85,0.0,0.57,113.53,114.5,132.0,2256.3287724074094,308.7,0.0,0.06,148.5,149.0,168.20000000000002,4493.247959725873,369.9,0.0,0.82,2024-10-21,5.0,unconditional,123,762,normal,108,0
137.0,4988.0,339.0,0.0,136.51,136.5,149.0,3281.014538596341,365.35,0.0,0.5,135.72,137.0,151.20000000000002,3263.3031657354586,364.65,0.0,0.52,114.77,113.0,135.10000000000002,1971.7275269939307,323.75,0.0,0.07,144.74,145.0,160.10000000000002,3788.6191353755958,372.95,0.0,0.77,2024-10-21,5.0,conditioned,123,762,normal,108,0
55.0,2753.0,246.0,0.0,57.92,50.0,89.0,2209.0828973573025,211.3,0.0,0.31,57.93,50.0,93.10000000000001,2214.6361984428195,213.9,0.0,0.36,33.57,31.0,52.20000000000002,986.4387024219243,144.25,0.0,0.07,61.57,56.0,90.10000000000001,2571.2471758218812,205.0,0.0,0.52,2024-10-21,15.0,unconditional,123,762,normal,108,0
55.0,2753.0,246.0,0.0,48.76,49.0,59.0,1595.0991785657245,205.9,0.0,0.19,48.37,48.0,60.0,1587.9715279530838,211.15,0.0,0.19,29.09,28.5,40.10000000000001,714.3268087858544,147.7,0.0,0.0,52.63,53.0,67.0,2003.8406567422646,205.1,0.0,0.42,2024-10-21,15.0,conditioned,123,762,normal,108,0
128.0,3689.0,367.0,0.0,141.89,140.5,163.0,3916.5834647661477,384.05,0.0,0.9,142.81,140.0,163.10000000000002,3939.236882776739,383.4,0.0,0.85,119.32,119.0,139.10000000000002,2399.117231640016,331.7,0.0,0.27,152.69,148.0,177.20000000000002,4627.577196405322,379.4,0.0,0.98,2024-10-24,5.0,unconditional,127,766,normal,111,0
128.0,3689.0,367.0,0.0,138.24,139.0,148.10000000000002,3285.44153988391,370.0,0.0,0.9,138.81,141.0,153.10000000000002,3300.371083533468,370.3,0.0,0.82,118.32,118.0,136.40000000000003,2019.4633202789323,320.7,0.0,0.23,148.15,147.0,163.10000000000002,3806.100341435401,370.5,0.0,0.96,2024-10-24,5.0,conditioned,127,766,normal,111,0
53.0,2096.0,174.0,0.0,55.65,49.0,89.30000000000003,2114.2794561506084,215.1,0.0,0.36,56.48,49.5,89.0,2130.8611429402636,212.65,0.0,0.42,34.7,31.0,56.0,1057.0564933543565,147.95,0.0,0.13,62.3,55.5,99.40000000000003,2689.7457330727134,215.85,0.0,0.56,2024-10-24,15.0,unconditional,127,766,normal,111,0
53.0,2096.0,174.0,0.0,49.8,50.0,58.10000000000001,1595.5223385387158,207.25,0.0,0.32,50.24,50.0,61.0,1601.2332438218516,210.85,0.0,0.36,30.99,30.0,42.300000000000026,750.6513656178009,151.8,0.0,0.02,54.27,54.0,65.30000000000003,2001.7235873445895,204.0,0.0,0.52,2024-10-24,15.0,conditioned,127,766,normal,111,0
132.0,4290.0,387.0,0.0,142.01,141.0,158.3,4004.6019891106985,377.05,0.0,0.75,141.27,139.0,158.10000000000002,3989.1388357687956,371.5,0.0,0.77,114.69,115.5,134.10000000000002,2292.3239081330885,320.15,0.0,0.11,149.44,147.0,171.20000000000002,4636.212515885959,383.05,0.0,0.9,2024-10-27,5.0,unconditional,125,760,normal,110,0
132.0,4290.0,387.0,0.0,135.55,136.0,145.10000000000002,3186.507262070774,378.05,0.0,0.71,134.64,135.5,151.0,3175.657799697005,368.1,0.0,0.59,114.1,115.0,131.0,1957.0218499407251,323.25,0.0,0.09,144.2,145.0,159.20000000000002,3841.346316293183,374.95,0.0,0.81,2024-10-27,5.0,conditioned,125,760,normal,110,0
52.0,2513.0,212.0,0.0,57.77,51.0,92.0,2192.439374506122,211.9,0.0,0.49,57.61,52.0,91.0,2188.6767222146764,213.6,0.0,0.52,32.61,30.0,50.10000000000001,986.1520984989678,139.6,0.0,0.09,60.73,54.0,97.20000000000002,2695.1611526816037,215.05,0.0,0.57,2024-10-27,15.0,unconditional,125,760,normal,110,0
52.0,2513.0,212.0,0.0,47.22,46.5,57.0,1508.5352903481014,202.75,0.0,0.3,47.16,47.0,57.10000000000001,1507.8446974836502,195.65,0.0,0.32,29.02,28.0,39.20000000000002,696.5187267779879,139.4,0.0,0.02,52.8,51.0,68.20000000000002,2057.199032963357,204.4,0.0,0.48,2024-10-27,15.0,conditioned,125,760,normal,110,0
123.0,3827.0,320.0,0.0,117.02,116.0,132.0,3177.86098724438,326.55,0.0,0.27,116.51,116.0,133.10000000000002,3173.375515771153,327.45,0.0,0.28,98.51,97.0,116.0,2030.3610424816413,287.8,0.0,0.06,125.01,121.0,149.0,3805.1041674948447,331.8,0.0,0.47,2024-10-30,5.0,unconditional,120,657,normal,105,0
123.0,3827.0,320.0,0.0,113.4,113.0,124.0,2627.2230769706966,319.25,0.0,0.14,112.16,113.0,125.10000000000001,2601.737302836332,319.6,0.0,0.17,95.77,95.0,115.30000000000003,1682.26173778583,277.8,0.0,0.06,120.1,119.0,136.20000000000002,3203.840954161979,322.5,0.0,0.41,2024-10-30,5.0,conditioned,120,657,normal,105,0
47.0,2650.0,159.0,0.0,46.61,44.0,70.10000000000001,1669.0005465380784,191.75,0.0,0.37,46.98,43.0,70.10000000000001,1674.7484795776027,189.4,0.0,0.37,30.74,28.5,47.10000000000001,941.9724866231948,141.45,0.0,0.11,51.73,47.0,80.10000000000001,2227.094015695195,189.4,0.0,0.54,2024-10-30,15.0,unconditional,120,657,normal,105,1
47.0,2650.0,159.0,0.0,39.98,41.0,48.0,1279.384494274743,181.9,0.0,0.15,39.72,39.0,48.10000000000001,1271.116614269344,185.8,0.0,0.17,27.27,27.0,40.0,684.4966253572666,130.65,0.0,0.06,45.88,45.0,59.10000000000001,1775.240080611331,183.35,0.0,0.45,2024-10-30,15.0,conditioned,120,657,normal,105,1
101.0,2407.0,303.0,0.0,97.76,98.0,109.20000000000002,2548.592028970505,265.95,0.0,0.4,96.43,95.5,112.10000000000001,2532.3870888018164,268.8,0.0,0.33,80.6,80.0,95.20000000000002,1501.6281141668494,231.8,0.0,0.03,100.86,100.0,115.0,2806.6246865684498,266.05,0.0,0.49,2024-11-02,5.0,unconditional,116,546,normal,102,0
101.0,2407.0,303.0,0.0,95.02,95.0,105.0,2147.298900424647,260.15,0.0,0.18,93.9,93.5,107.0,2140.497944480962,263.85,0.0,0.27,79.51,79.0,90.10000000000001,1304.106603813279,240.85,0.0,0.0,96.47,96.0,106.10000000000001,2224.949368693276,270.3,0.0,0.33,2024-11-02,5.0,conditioned,116,546,normal,102,0
40.0,1233.0,178.0,0.0,37.93,34.0,60.10000000000001,1342.2959780464616,157.4,0.0,0.29,37.44,34.0,58.10000000000001,1327.569330374734,160.7,0.0,0.3,22.63,21.0,34.0,662.5800840640429,108.9,0.0,0.05,38.93,35.0,58.20000000000002,1632.828438717482,146.5,0.0,0.4,2024-11-02,15.0,unconditional,116,546,normal,102,0
40.0,1233.0,178.0,0.0,33.15,33.0,40.10000000000001,1022.7531303255699,146.1,0.0,0.12,33.17,33.0,40.0,1024.024547359203,145.05,0.0,0.12,20.18,19.0,30.10000000000001,467.82269550041354,107.25,0.0,0.01,32.72,32.5,45.10000000000001,1117.9349444064762,147.1,0.0,0.18,2024-11-02,15.0,conditioned,116,546,normal,102,0
75.0,1284.0,222.0,0.0,87.24,87.0,98.10000000000001,2327.6830077831705,237.35,0.0,0.93,87.23,86.0,100.10000000000001,2338.4787330634076,229.6,0.0,0.9,70.72,70.5,83.0,1349.5151221482945,202.8,0.0,0.41,89.01,88.5,102.10000000000001,2550.5414944187105,231.65,0.0,0.92,2024-11-05,5.0,unconditional,118,500,normal,103,0
75.0,1284.0,222.0,0.0,85.38,85.0,94.10000000000001,1931.4169275144277,232.55,0.0,0.96,85.62,85.0,97.10000000000001,1942.398767741918,233.5,0.0,0.91,73.41,73.5,90.0,1207.0849131487191,201.1,0.0,0.47,88.24,88.0,101.10000000000001,2021.5388345983604,227.4,0.0,0.92,2024-11-05,5.0,conditioned,118,500,normal,103,0
24.0,754.0,104.0,0.0,34.85,31.5,52.20000000000002,1306.7896699047278,135.8,0.0,0.92,34.95,31.0,54.10000000000001,1309.6283781350755,134.45,0.0,0.9,20.72,19.5,30.0,626.6370251088468,99.5,0.0,0.3,34.69,32.0,52.20000000000002,1488.2113762319755,129.7,0.0,0.86,2024-11-05,15.0,unconditional,118,500,normal,103,0
24.0,754.0,104.0,0.0,29.9,30.0,36.0,972.0457150109164,130.4,0.0,0.89,30.31,30.0,36.0,977.363348568744,131.5,0.0,0.93,18.75,19.0,27.0,454.4298187050707,88.3,0.0,0.26,29.93,29.0,42.0,1060.4259315377428,120.15,0.0,0.8,2024-11-05,15.0,conditioned,118,500,normal,103,0
100.0,1956.0,251.0,0.0,113.32,112.0,130.10000000000002,3070.5558762462724,300.95,0.0,0.89,114.09,113.0,136.20000000000002,3085.03207144609,303.15,0.0,0.86,94.25,93.5,111.10000000000001,1800.234980691367,255.15,0.0,0.33,117.72,117.0,133.10000000000002,3321.381622005034,294.7,0.0,0.92,2024-11-08,5.0,unconditional,120,609,normal,105,0
100.0,1956.0,251.0,0.0,111.09,111.5,121.0,2601.0037124161936,303.4,0.0,0.9,110.9,110.0,125.10000000000001,2604.047713757355,304.1,0.0,0.85,94.64,95.0,109.0,1582.7425212378287,260.15,0.0,0.34,115.35,115.0,130.10000000000002,2804.957639424821,294.8,0.0,0.93,2024-11-08,5.0,conditioned,120,609,normal,105,0
24.0,528.0,136.0,0.0,43.82,40.0,72.30000000000003,1633.7540793519502,174.35,0.0,1.0,43.86,40.0,69.0,1637.5074310524462,181.8,0.0,1.0,26.72,25.0,36.10000000000001,777.6292839550936,122.1,0.0,0.61,44.86,42.5,68.20000000000002,1847.4791371190063,169.0,0.0,1.0,2024-11-08,15.0,unconditional,120,609,normal,105,0
24.0,528.0,136.0,0.0,39.46,39.0,48.0,1264.6440293329376,172.85,0.0,1.0,39.6,39.0,49.10000000000001,1263.776651092436,173.95,0.0,0.99,23.77,23.5,32.0,577.2666763003075,119.5,0.0,0.5,39.75,39.0,52.0,1443.904959823727,157.55,0.0,1.0,2024-11-08,15.0,conditioned,120,609,normal,105,0
143.0,4318.0,386.0,0.0,142.52,142.0,160.0,3977.0280952701914,372.95,0.0,0.49,140.79,139.0,160.10000000000002,3945.2327328046604,366.4,0.0,0.42,114.33,115.5,133.0,2256.095051317157,317.9,0.0,0.03,149.01,149.0,167.10000000000002,4515.117733234411,374.3,0.0,0.69,2024-11-11,5.0,unconditional,123,738,normal,108,0
143.0,4318.0,386.0,0.0,138.95,139.0,151.0,3210.545078524655,366.05,1.6126703269222673,0.34,141.62,141.5,161.0,3257.161030038718,383.75,0.9775498427089815,0.46,118.46,117.0,138.0,1991.17267648789,344.45,0.0,0.04,146.82,147.0,162.10000000000002,3639.93490260071,390.1,0.2,0.62,2024-11-11,5.0,conditioned,123,738,normal,108,0
46.0,2849.0,218.0,0.0,59.73,52.5,91.0,2204.58930525622,227.1,1.35,0.79,59.02,52.0,91.20000000000002,2194.492247170645,224.6,1.3,0.73,34.8,33.0,50.0,1030.9717712404827,161.05,1.55,0.18,61.7,56.0,95.20000000000002,2591.6017106927584,221.95,2.9,0.78,2024-11-11,15.0,unconditional,123,738,normal,108,3
46.0,2849.0,218.0,0.0,49.84,50.0,59.0,1583.6889179194127,212.0,1.6126703269222673,0.76,50.84,50.0,61.10000000000001,1604.44150589469,217.4,1.985351041930511,0.78,32.15,32.5,43.0,766.7673011382217,168.7,2.75,0.04,53.27,53.5,66.0,1901.190378834745,214.3,3.317727669119688,0.79,2024-11-11,15.0,conditioned,123,738,normal,108,3
116.0,3660.0,320.0,0.0,144.05,142.0,165.0,3942.5887266825907,378.3,0.0,1.0,144.64,144.0,166.3,3969.292459393853,388.95,0.0,0.98,117.62,117.5,138.0,2275.135761159874,329.9,0.0,0.55,151.11,150.0,169.10000000000002,4579.753845119938,381.9,0.0,1.0,2024-11-14,5.0,unconditional,119,736,normal,104,0
116.0,3660.0,320.0,0.0,140.5,141.0,151.10000000000002,3227.4301933870283,373.7,0.0,0.99,141.17,140.0,158.20000000000002,3234.0567058983625,372.55,0.0,0.98,120.27,119.5,144.10000000000002,2043.7331148821625,343.95,0.0,0.58,148.04,147.5,164.0,3746.2015004961186,385.8,0.0,1.0,2024-11-14,5.0,conditioned,119,736,normal,104,0
39.0,2233.0,171.0,0.0,59.46,52.0,95.0,2212.7771405285503,234.55,0.0,0.98,59.58,52.0,97.30000000000003,2230.2265324071736,234.8,0.0,0.97,35.55,34.0,50.20000000000002,1054.904993053517,169.65,0.0,0.3,63.83,57.0,92.60000000000005,2753.3163062320405,221.6,0.0,0.96,2024-11-14,15.0,unconditional,119,736,normal,104,0
39.0,2233.0,171.0,0.0,50.71,51.0,59.0,1582.7516104751658,213.35,0.0,0.98,51.04,51.0,60.0,1580.4406399644618,212.95,0.0,0.98,32.0,30.0,45.10000000000001,785.8385198497762,159.05,0.0,0.24,54.64,52.0,71.10000000000001,2016.5593570617225,216.45,0.0,0.94,2024-11-14,15.0,conditioned,119,736,normal,104,0
156.0,2811.0,392.0,24.0,143.8,143.0,158.0,3821.3813055078167,377.65,0.0,0.14,142.59,142.0,165.10000000000002,3805.6339909641865,381.2,0.0,0.13,118.02,117.0,138.0,2354.6769818621015,329.3,0.0,0.01,149.9,148.5,173.10000000000002,4496.215511399936,389.3,0.0,0.3,2024-11-17,5.0,unconditional,124,738,normal,109,0
156.0,2811.0,392.0,24.0,139.67,140.5,151.0,3268.5656640545335,371.2,0.0,0.05,139.82,140.5,157.10000000000002,3267.8232837242995,365.15,2.826809713702352,0.15,119.55,118.0,141.10000000000002,2007.8033101293265,317.9,0.0,0.01,147.09,146.0,164.10000000000002,3746.821610258229,371.25,0.0,0.3,2024-11-17,5.0,conditioned,124,738,normal,109,0
44.0,1206.0,211.0,10.0,56.65,52.0,87.20000000000002,2046.2104359475616,264.05,0.0,0.84,56.32,52.0,91.0,2051.6458515998984,269.55,0.0,0.78,35.88,35.0,51.300000000000026,1046.7497857039532,207.9,0.0,0.21,62.96,58.5,96.10000000000001,2648.263982531847,271.5,0.0,0.83,2024-11-17,15.0,unconditional,124,738,normal,109,4
44.0,1206.0,211.0,10.0,50.52,51.0,58.10000000000001,1630.9777022093813,247.2,3.05,0.89,50.91,51.0,59.0,1631.0720843782653,240.9,4.7768097137023515,0.88,32.59,34.0,44.10000000000001,766.2181500158257,191.25,0.0,0.12,55.29,53.5,71.0,2025.3235051156742,242.55,1.1,0.84,2024-11-17,15.0,conditioned,124,738,normal,109,4
83.0,3360.0,266.0,0.0,103.58,103.5,116.0,2982.368746094919,278.7,0.0,0.99,104.14,104.0,121.0,2980.1482987934487,273.3,0.0,0.97,83.09,83.0,98.0,1688.9247086739078,240.5,0.0,0.52,103.0,101.5,122.10000000000001,3080.9043562329625,268.7,0.0,0.96,2024-11-20,5.0,unconditional,128,588,normal,112,0
83.0,3360.0,266.0,0.0,99.22,98.5,111.0,2321.749538773756,266.95,0.0,1.0,98.5,97.0,113.0,2311.840133475322,266.65,0.0,0.95,82.96,84.5,97.0,1380.653922055403,227.9,0.0,0.57,99.45,100.0,111.0,2433.7141863033917,256.65,0.0,0.98,2024-11-20,5.0,conditioned,128,588,normal,112,0
34.0,2197.0,161.0,0.0,44.47,39.0,69.10000000000001,1725.9955898322112,173.6,0.0,0.79,44.19,39.0,68.10000000000001,1719.397698940222,170.6,0.0,0.8,24.68,22.0,37.20000000000002,776.0328609268164,120.1,0.0,0.16,41.5,36.5,64.0,1843.2959221382594,162.25,0.0,0.64,2024-11-20,15.0,unconditional,128,588,normal,112,0
34.0,2197.0,161.0,0.0,34.98,35.0,40.0,1126.6368923465113,157.0,0.0,0.65,35.13,35.0,41.0,1124.7803583056018,155.25,0.0,0.61,20.78,20.0,29.0,499.36593034562475,101.4,0.0,0.03,34.79,33.5,45.10000000000001,1280.9359921330754,142.65,0.0,0.5,2024-11-20,15.0,conditioned,128,588,normal,112,0
143.0,5317.0,362.0,0.0,135.37,135.0,152.10000000000002,3814.2298713944115,380.15,0.0,0.29,135.14,134.0,156.20000000000002,3805.7979522659657,384.5,0.0,0.31,112.69,112.0,133.0,2313.885839404327,328.95,0.0,0.04,144.05,143.0,164.10000000000002,4290.946594373445,375.9,0.0,0.51,2024-11-23,5.0,unconditional,135,706,normal,118,0
143.0,5317.0,362.0,0.0,132.87,133.0,145.0,3109.4735430139704,378.1,0.0,0.13,133.11,135.0,147.0,3116.9005505511873,377.5,0.0,0.28,110.8,110.0,128.0,1858.2346704510135,340.2,0.0,0.03,137.89,138.0,151.10000000000002,3366.3017001377925,384.2,0.0,0.36,2024-11-23,5.0,conditioned,135,706,normal,118,0
64.0,3209.0,266.0,0.0,55.84,50.0,88.10000000000001,2068.0403031088726,217.85,0.0,0.23,55.78,50.0,85.30000000000003,2064.3220648938286,219.95,0.0,0.22,34.8,31.5,54.0,1076.2411743999983,160.15,0.8573822391773092,0.06,59.31,51.0,93.30000000000003,2504.07630371046,216.9,0.8573822391773092,0.28,2024-11-23,15.0,unconditional,135,706,normal,118,0
64.0,3209.0,266.0,0.0,48.41,47.0,58.10000000000001,1519.9291265759268,215.8,2.933449308799436,0.02,48.52,48.5,59.0,1526.3045109698528,220.9,2.933449308799436,0.03,29.03,28.0,40.0,682.8545184710827,162.75,0.0,0.0,49.11,49.5,61.10000000000001,1735.2427736986251,213.25,0.0,0.09,2024-11-23,15.0,conditioned,135,706,normal,118,0
150.0,3844.0,378.0,0.0,142.5,141.0,163.10000000000002,4104.92572216878,383.15,0.0,0.22,140.78,140.0,164.0,4063.689321699571,389.05,0.0,0.31,115.4,116.5,134.20000000000002,2413.250316110103,335.25,0.0,0.0,150.33,148.0,169.10000000000002,4804.147297074082,384.4,0.0,0.46,2024-11-26,5.0,unconditional,122,736,normal,107,0
150.0,3844.0,378.0,0.0,137.88,138.0,150.0,3166.2853816911347,378.35,0.0,0.11,138.7,139.0,155.0,3181.2745345768826,387.25,0.0,0.17,117.9,115.0,136.10000000000002,1963.8782894477633,346.6,0.0,0.02,144.73,144.5,160.20000000000002,3520.560356123849,388.35,0.0,0.31,2024-11-26,5.0,conditioned,122,736,normal,107,0
54.0,1842.0,249.0,0.0,59.97,51.5,91.10000000000001,2297.6063981608695,232.35,0.0,0.44,59.56,51.0,92.10000000000001,2273.848954400807,231.6,0.0,0.44,37.27,35.0,54.0,1172.8988266886795,170.2,0.0,0.12,65.75,59.5,96.10000000000001,2918.8837714179263,222.5,0.0,0.66,2024-11-26,15.0,unconditional,122,736,normal,107,2
54.0,1842.0,249.0,0.0,50.13,50.0,58.0,1531.544090808368,212.75,0.0,0.3,50.35,51.0,59.0,1535.9839393918328,218.65,0.0,0.32,31.66,31.5,42.50000000000004,752.8191004070915,160.7,0.0,0.01,51.76,51.0,69.0,1840.7399897229752,208.1,0.0,0.4,2024-11-26,15.0,conditioned,122,736,normal,107,2
150.0,3350.0,374.0,0.0,138.26,137.0,154.10000000000002,3812.565916599328,375.35,0.0,0.17,139.54,138.0,159.0,3834.693269487789,376.8,0.0,0.25,117.67,119.5,138.20000000000002,2354.0414035598055,328.7,0.0,0.03,148.8,148.0,165.3,4506.633605739082,378.5,0.0,0.47,2024-11-29,5.0,unconditional,122,713,normal,107,0
150.0,3350.0,374.0,0.0,134.66,134.0,146.10000000000002,3093.803379570473,366.4,0.0,0.04,133.81,131.5,151.20000000000002,3094.533052482567,367.75,0.0,0.11,115.73,116.0,134.0,1951.1342276981713,319.95,0.0,0.02,141.62,140.0,157.10000000000002,3549.1657022690697,369.65,0.0,0.27,2024-11-29,5.0,conditioned,122,713,normal,107,0
57.0,1914.0,247.0,0.0,54.13,48.0,85.0,2035.55282544074,221.75,0.0,0.24,54.39,48.5,87.10000000000001,2037.7828846587063,220.85,0.0,0.25,34.99,32.0,49.10000000000001,1055.0646479217428,165.8,0.0,0.07,59.71,54.0,95.0,2600.002978488761,225.9,0.0,0.45,2024-11-29,15.0,unconditional,122,713,normal,107,0
57.0,1914.0,247.0,0.0,46.24,46.0,53.0,1453.6182432024011,194.2,0.0,0.01,45.69,45.0,55.0,1455.19640562084,194.2,0.0,0.07,29.42,29.0,39.0,728.8739605273882,140.05,0.0,0.0,48.66,47.0,61.10000000000001,1808.0318821741853,183.2,0.0,0.19,2024-11-29,15.0,conditioned,122,713,normal,107,0
172.0,4514.0,402.0,0.0,143.64,142.0,164.0,4061.971780983038,380.5,0.3983263228329804,0.03,145.48,145.5,167.60000000000005,4102.229906168421,387.2,2.702111855566136,0.1,118.35,117.0,139.0,2338.8429305419763,324.1,0.048805140072806806,0.01,151.35,153.0,169.3,4420.262534894761,387.6,1.0948051400728105,0.1,2024-12-02,5.0,unconditional,118,728,normal,103,0
172.0,4514.0,402.0,0.0,139.14,139.0,151.10000000000002,3125.484477498051,381.7,2.13380937212379,0.0,139.07,138.0,157.0,3128.814467978361,373.15,1.3623102657623178,0.02,120.1,120.0,143.20000000000002,2003.8047737914849,324.65,0.1,0.0,147.63,148.0,165.10000000000002,3653.0335620717883,375.1,0.9960181745346744,0.01,2024-12-02,5.0,conditioned,118,728,normal,103,0
73.0,2924.0,299.0,0.0,58.37,51.0,90.10000000000001,2211.20805541664,255.05,0.8943263228329841,0.26,59.12,51.0,93.0,2236.629042449072,254.85,1.652111855566136,0.24,35.64,33.0,56.10000000000001,1033.3632604990883,191.85,0.048805140072806806,0.0,60.2,55.0,84.0,2470.9233751860556,248.9,0.29480514007281045,0.25,2024-12-02,15.0,unconditional,118,728,normal,103,11
73.0,2924.0,299.0,0.0,48.81,48.5,58.10000000000001,1487.1893660047645,234.8,2.0981542380339646,0.0,48.78,49.0,61.0,1490.9234363802348,237.2,1.3623102657623178,0.0,29.98,29.5,41.10000000000001,733.1535216945053,184.25,0.2,0.0,51.64,50.5,66.0,1855.0920581203773,236.65,1.0960181745346744,0.05,2024-12-02,15.0,conditioned,118,728,normal,103,11
148.0,5339.0,356.0,0.0,125.18,123.0,144.40000000000003,3550.9743321626156,339.35,0.0,0.1,124.07,122.0,144.10000000000002,3529.170002559167,344.4,0.0,0.08,101.23,103.0,119.20000000000002,2086.3075484173933,287.95,0.0,0.0,130.36,128.0,152.20000000000002,3954.389680739676,331.85,0.0,0.15,2024-12-05,5.0,unconditional,129,685,normal,113,0
148.0,5339.0,356.0,0.0,122.06,122.0,134.10000000000002,2870.8046478209503,338.4,0.0,0.0,122.19,123.0,138.20000000000002,2876.50148829938,335.85,0.0,0.02,100.28,100.0,119.30000000000003,1674.9041518054148,296.05,0.0,0.0,125.27,124.0,140.3,3097.545087000814,330.85,0.0,0.05,2024-12-05,5.0,conditioned,129,685,normal,113,0
80.0,3500.0,261.0,0.0,54.95,48.0,87.0,2125.5175709403065,201.5,0.0,0.17,54.64,48.0,85.10000000000001,2117.516128108339,205.65,0.0,0.18,32.23,29.0,50.0,1007.1689188416947,144.3,0.0,0.0,55.83,50.0,88.30000000000003,2441.155219482488,195.05,0.0,0.15,2024-12-05,15.0,unconditional,129,685,normal,113,0
80.0,3500.0,261.0,0.0,45.5,45.5,54.10000000000001,1485.2799579249033,197.75,0.0,0.0,45.66,46.0,56.10000000000001,1489.86507443989,200.4,0.0,0.0,27.01,25.0,39.0,673.3281293067316,148.75,0.0,0.0,45.87,43.0,65.0,1692.7885503369157,186.7,0.0,0.01,2024-12-05,15.0,conditioned,129,685,normal,113,0
160.0,4047.0,398.0,0.0,127.89,125.0,148.0,3566.6971136208494,342.45,0.0,0.01,127.01,125.0,153.3,3560.070181777563,340.05,0.0,0.08,102.4,101.0,121.0,2040.0092567599445,288.3,0.0,0.0,133.88,134.5,147.3,4192.912812546802,343.1,0.0,0.04,2024-12-08,5.0,unconditional,116,679,normal,102,0
160.0,4047.0,398.0,0.0,125.48,126.0,137.0,2854.7489565008755,339.15,0.0,0.0,124.59,123.5,137.20000000000002,2858.1909290306426,341.55,0.0,0.0,106.85,106.0,126.20000000000002,1757.7120923086504,298.45,0.0,0.0,131.3,131.0,145.10000000000002,3244.5761617006383,336.55,0.0,0.0,2024-12-08,5.0,conditioned,116,679,normal,102,0
64.0,2006.0,270.0,0.0,54.59,48.0,88.20000000000002,2044.6264541501932,221.25,0.0,0.22,54.2,47.0,91.10000000000001,2045.455591835629,216.15,0.0,0.22,32.71,30.0,47.0,973.3110633654223,142.55,0.0,0.02,59.53,54.0,81.10000000000001,2646.7817154888166,201.3,0.0,0.34,2024-12-08,15.0,unconditional,116,679,normal,102,0
64.0,2006.0,270.0,0.0,45.45,45.0,53.0,1437.269845611053,192.6,0.0,0.0,45.42,45.0,53.10000000000001,1438.138322935824,189.7,0.0,0.0,28.24,27.0,38.0,685.4069936933141,137.05,0.0,0.0,48.45,47.5,59.0,1797.8359680149065,195.15,0.0,0.08,2024-12-08,15.0,conditioned,116,679,normal,102,0
127.0,5584.0,378.0,0.0,113.23,112.0,130.10000000000002,3311.4484252318116,313.35,0.0,0.2,112.27,112.0,133.10000000000002,3294.409782720227,315.9,0.0,0.14,90.54,90.0,106.10000000000001,1838.77901367927,259.05,0.0,0.0,114.62,113.0,129.10000000000002,3483.2109870163076,305.05,0.0,0.16,2024-12-11,5.0,unconditional,120,607,normal,105,0
127.0,5584.0,378.0,0.0,107.54,107.0,118.20000000000002,2458.4314305936887,308.4,0.0,0.01,106.82,107.5,122.0,2448.456993441864,307.45,0.0,0.05,91.22,90.5,105.10000000000001,1542.2455896900742,274.85,0.0,0.0,110.54,110.0,123.10000000000001,2658.4357315880993,311.8,0.0,0.04,2024-12-11,5.0,conditioned,120,607,normal,105,0
69.0,3388.0,259.0,0.0,47.52,41.0,77.30000000000003,1887.109341172907,195.75,13.526651833177027,0.19,47.29,40.0,75.30000000000003,1885.3555627529151,192.05,7.5151186889130255,0.19,27.37,25.0,46.0,844.8230847636,130.6,0.3725591663052569,0.01,47.09,42.0,72.10000000000001,2037.3218548279974,181.8,0.3725591663052569,0.14,2024-12-11,15.0,unconditional,120,607,normal,105,0
69.0,3388.0,259.0,0.0,38.07,38.0,44.0,1197.3287781770337,178.2,4.6045538060574245,0.0,37.97,38.0,45.0,1194.041704852775,175.2,4.699307148384418,0.0,23.81,23.0,33.20000000000002,574.444563193781,133.45,4.272999999999956,0.0,38.46,39.0,50.20000000000002,1344.397914945094,171.5,4.3119336096575465,0.0,2024-12-11,15.0,conditioned,120,607,normal,105,0
160.0,6939.0,446.0,0.0,110.63,108.0,129.10000000000002,3073.4075030192425,307.1,0.0,0.0,110.84,109.0,126.10000000000001,3074.9263650433822,312.95,0.0,0.0,90.38,91.0,105.10000000000001,1791.2130660297937,264.9,0.0,0.0,113.6,113.0,130.10000000000002,3312.449468496079,303.2,0.0,0.0,2024-12-14,5.0,unconditional,125,625,normal,110,0
160.0,6939.0,446.0,0.0,108.43,109.0,119.0,2508.1726366601347,304.4,0.0,0.0,106.51,105.5,120.0,2476.4098528802856,304.9,0.0,0.0,89.05,88.5,104.0,1557.2011493226,268.85,0.0,0.0,110.53,109.5,124.10000000000001,2824.2761235376925,305.15,0.0,0.0,2024-12-14,5.0,conditioned,125,625,normal,110,0
88.0,4670.0,356.0,0.0,45.48,41.5,76.0,1726.1938180120426,192.25,0.0,0.0,45.72,41.5,73.10000000000001,1725.771692614778,195.8,0.0,0.0,27.48,26.0,39.20000000000002,800.1947272988747,132.35,0.0,0.0,45.81,42.0,69.0,1912.2915218745586,178.85,0.0,0.01,2024-12-14,15.0,unconditional,125,625,normal,110,2
88.0,4670.0,356.0,0.0,38.71,38.5,46.10000000000001,1223.9508721009606,178.1,0.0,0.0,38.11,38.0,47.0,1209.8327913471471,175.8,0.0,0.0,24.36,23.5,35.0,626.5124866613755,137.75,0.0,0.0,40.2,39.0,56.0,1513.7720597269072,178.2,0.0,0.0,2024-12-14,15.0,conditioned,125,625,normal,110,2
106.0,2045.0,315.0,0.0,107.6,107.5,121.0,2840.007567479167,291.75,0.0,0.58,107.71,106.0,123.0,2828.9205286514393,291.3,0.0,0.57,88.61,88.0,103.10000000000001,1659.766392620536,255.55,0.0,0.06,110.64,111.0,124.0,3088.351518105972,292.6,0.0,0.64,2024-12-17,5.0,unconditional,116,603,normal,102,0
106.0,2045.0,315.0,0.0,104.91,105.0,114.10000000000001,2443.2784195569666,277.85,0.0,0.47,103.66,102.0,117.0,2428.60507094591,276.65,0.0,0.41,89.3,89.0,108.0,1510.4046262198049,245.8,0.0,0.13,109.0,108.0,123.10000000000001,2716.320068916753,281.25,0.0,0.64,2024-12-17,5.0,conditioned,116,603,normal,102,0
23.0,817.0,135.0,0.0,42.71,39.0,64.10000000000001,1564.1972282428133,168.4,0.0,1.0,42.55,40.0,63.10000000000001,1555.8362774461054,166.75,0.0,1.0,25.41,22.5,39.300000000000026,755.1441677609323,109.95,0.0,0.5,43.44,38.0,72.10000000000001,1843.1967253076466,162.65,0.0,0.99,2024-12-17,15.0,unconditional,116,603,normal,102,0
23.0,817.0,135.0,0.0,37.35,37.0,46.0,1208.4909820740174,157.5,0.0,0.99,36.66,36.0,45.10000000000001,1202.7793586420612,156.2,0.0,0.99,23.05,22.5,32.0,583.9307481011595,105.35,0.0,0.5,39.09,38.0,49.10000000000001,1462.8682970777136,150.9,0.0,0.98,2024-12-17,15.0,conditioned,116,603,normal,102,0
151.0,5251.0,384.0,0.0,130.58,129.0,150.20000000000002,3584.5810591106815,359.0,0.0,0.1,130.59,130.0,152.10000000000002,3594.6229314698367,352.5,0.0,0.13,106.02,104.0,126.20000000000002,2176.850957981645,315.55,0.0,0.0,136.88,137.0,155.20000000000002,4183.866037006929,368.25,0.0,0.13,2024-12-20,5.0,unconditional,128,703,normal,112,0
151.0,5251.0,384.0,0.0,125.79,125.0,138.0,2863.8266460851255,352.3,0.0,0.0,125.84,126.5,144.10000000000002,2858.6212789565143,354.5,0.0,0.06,105.05,103.5,123.20000000000002,1783.3790294065213,315.2,0.0,0.0,131.8,130.0,145.10000000000002,3323.9080063763518,364.3,0.0,0.07,2024-12-20,5.0,conditioned,128,703,normal,112,0
70.0,3357.0,216.0,0.0,53.76,48.0,86.0,2074.6192920094018,206.7,0.0,0.2,53.82,47.0,85.10000000000001,2075.878742599092,205.05,0.0,0.21,33.02,31.0,54.0,1052.0365748832075,148.9,0.0,0.01,56.98,51.0,90.20000000000002,2573.3205808724906,207.75,0.0,0.2,2024-12-20,15.0,unconditional,128,703,normal,112,0
70.0,3357.0,216.0,0.0,46.18,45.0,56.10000000000001,1467.768968014593,191.75,0.0,0.0,45.98,45.0,55.20000000000002,1464.3966039747224,199.6,0.0,0.0,27.99,28.5,37.10000000000001,699.6119739593045,151.5,0.0,0.0,47.3,47.0,62.0,1767.427367285558,205.3,0.0,0.01,2024-12-20,15.0,conditioned,128,703,normal,112,0
151.0,5672.0,358.0,0.0,127.94,127.5,144.10000000000002,3546.12115051373,361.4,0.0,0.02,127.21,127.0,141.10000000000002,3534.6425529769676,361.75,0.0,0.07,103.38,102.5,125.10000000000001,2003.6444904442812,312.85,0.0,0.0,133.34,132.0,154.20000000000002,3929.5686831868197,363.3,0.0,0.12,2024-12-23,5.0,unconditional,127,700,normal,111,0
151.0,5672.0,358.0,0.0,124.52,123.5,136.0,2909.708076593283,353.25,0.0,0.01,125.14,126.0,144.0,2938.1763720490826,358.4,0.0,0.02,104.78,101.5,122.10000000000001,1845.0564708516954,321.45,0.0,0.0,131.4,131.0,147.0,3440.553336031604,365.6,0.0,0.06,2024-12-23,5.0,conditioned,127,700,normal,111,0
50.0,4129.0,199.0,0.0,54.5,50.0,85.0,2017.4132457716616,208.8,0.0,0.51,54.3,49.5,83.10000000000001,2014.2566894141655,210.3,0.0,0.5,31.39,29.0,44.10000000000001,904.9207799090669,151.6,0.0,0.07,55.26,48.0,87.10000000000001,2386.6647859413365,210.55,0.0,0.47,2024-12-23,15.0,unconditional,127,700,normal,111,0
50.0,4129.0,199.0,0.0,46.36,46.0,55.0,1485.125223427065,197.15,0.0,0.33,47.04,47.0,56.10000000000001,1494.7173280960185,199.35,0.0,0.41,30.12,29.0,40.10000000000001,758.1306750101779,158.55,0.0,0.01,50.5,49.0,66.10000000000001,1910.0296800580609,205.35,0.0,0.47,2024-12-23,15.0,conditioned,127,700,normal,111,0
153.0,5050.0,400.0,0.0,127.79,127.0,146.0,3635.1906780168392,357.9,0.0,0.05,128.11,125.0,148.0,3635.231482448549,356.4,0.0,0.06,104.46,103.5,120.0,2082.0672372720433,318.35,0.0,0.0,133.74,134.0,151.0,3926.6625438217407,372.45,0.0,0.09,2024-12-26,5.0,unconditional,121,693,normal,106,0
153.0,5050.0,400.0,0.0,124.7,125.0,135.0,2924.575168167097,351.1,0.0,0.0,123.05,123.5,136.0,2890.658202097571,345.7,0.0,0.0,102.61,103.0,120.0,1728.4336569952156,302.85,0.0,0.0,128.29,127.5,144.20000000000002,3225.3414548507485,356.25,0.0,0.03,2024-12-26,5.0,conditioned,121,693,normal,106,0
65.0,3116.0,226.0,0.0,53.81,48.0,84.30000000000003,2097.258694794175,203.15,0.0,0.22,53.68,48.0,85.20000000000002,2105.6306685586715,203.2,0.0,0.22,32.03,31.0,48.0,921.6572178111232,157.3,0.0,0.02,54.63,50.0,78.40000000000003,2252.506178195443,210.2,0.0,0.23,2024-12-26,15.0,unconditional,121,693,normal,106,0
65.0,3116.0,226.0,0.0,44.39,45.5,53.10000000000001,1425.4665798028716,194.0,0.0,0.0,43.72,45.0,52.0,1413.2792490363593,188.25,0.0,0.0,26.26,25.0,37.10000000000001,658.8561440570921,141.75,0.0,0.0,45.57,45.0,58.0,1712.3776156071372,186.8,0.0,0.03,2024-12-26,15.0,conditioned,121,693,normal,106,0
189.0,11030.0,436.0,0.0,127.5,127.0,145.10000000000002,3713.9368893669603,356.7,0.0,0.0,127.53,127.0,149.20000000000002,3695.4241268256865,351.45,0.0,0.0,102.99,101.5,122.0,2155.6416236771574,314.75,0.0,0.0,134.04,131.0,153.10000000000002,4116.385678057886,363.55,0.0,0.0,2024-12-29,5.0,unconditional,123,674,degrade,108,0
189.0,11030.0,436.0,0.0,143.61,143.0,155.0,5992.172166364244,372.15,0.0,0.0,146.19,147.0,162.0,6052.55345359364,384.6,0.0,0.0,102.28,102.5,122.0,3233.8196388371293,304.7,0.0,0.0,145.88,146.0,162.10000000000002,6631.763477297582,357.6,0.0,0.02,2024-12-29,5.0,conditioned,123,674,degrade,108,0
151.0,7768.0,357.0,0.0,54.24,46.0,84.10000000000001,2143.5121974053704,203.45,0.0,0.0,54.05,47.0,83.0,2131.3602683570857,197.65,0.0,0.0,31.92,30.0,50.0,1032.512672025431,149.6,0.0,0.0,55.77,49.0,86.0,2489.172065115002,206.1,0.0,0.0,2024-12-29,15.0,unconditional,123,674,degrade,108,0
151.0,7768.0,357.0,0.0,81.93,83.0,91.0,4010.2382317071515,251.9,0.0,0.0,83.13,83.5,95.0,4053.4956198941263,263.0,0.0,0.0,47.02,47.0,61.300000000000026,2098.4669703049144,180.25,0.0,0.0,84.33,83.5,105.20000000000002,4737.750734851271,242.35,0.0,0.0,2024-12-29,15.0,conditioned,123,674,degrade,108,0
