real_conflicts,real_overlap,real_reassignments,real_waiting_minutes,independent_conflicts_mean,independent_conflicts_median,independent_conflicts_q90,independent_overlap_mean,independent_reassignments_mean,independent_waiting_minutes_mean,independent_p_ge_real,hour_region_conflicts_mean,hour_region_conflicts_median,hour_region_conflicts_q90,hour_region_overlap_mean,hour_region_reassignments_mean,hour_region_waiting_minutes_mean,hour_region_p_ge_real,proposed_noprop_conflicts_mean,proposed_noprop_conflicts_median,proposed_noprop_conflicts_q90,proposed_noprop_overlap_mean,proposed_noprop_reassignments_mean,proposed_noprop_waiting_minutes_mean,proposed_noprop_p_ge_real,proposed_conflicts_mean,proposed_conflicts_median,proposed_conflicts_q90,proposed_overlap_mean,proposed_reassignments_mean,proposed_waiting_minutes_mean,proposed_p_ge_real,date,buffer,mode,n_stands,n_rotations,regime,peak_occupancy,n_unassigned
111.0,4307.0,291.0,0.0,108.66,106.5,125.0,3383.4995627459016,301.05,0.0,0.36,108.24,105.0,131.10000000000002,3367.475783650758,302.05,0.0,0.36,85.35,86.0,100.0,1994.280424837675,258.75,0.0,0.01,107.9,107.0,124.10000000000001,3475.677558851401,289.1,0.0,0.4,2024-01-01,5.0,unconditional,120,587,normal,105,0
111.0,4307.0,291.0,0.0,103.2,102.0,113.30000000000003,2590.458715151567,290.7,0.0,0.15,103.41,103.5,118.10000000000001,2592.0176505792265,286.75,0.0,0.25,85.39,86.0,98.0,1581.5899842468984,255.35,0.0,0.01,103.33,102.5,116.20000000000002,2692.1972883263165,281.25,0.0,0.19,2024-01-01,5.0,conditioned,120,587,normal,105,0
52.0,3287.0,200.0,0.0,49.99,43.0,81.10000000000001,2057.477477072191,188.55,0.0,0.28,49.99,43.5,80.60000000000005,2047.9775804894107,189.55,0.0,0.26,29.45,28.0,43.10000000000001,1073.4352769931925,139.65,0.0,0.06,48.15,45.0,72.10000000000001,2250.10845145949,175.45,0.0,0.31,2024-01-01,15.0,unconditional,120,587,normal,105,0
52.0,3287.0,200.0,0.0,42.7,42.0,51.0,1406.121697312648,173.5,0.0,0.06,42.72,42.0,50.0,1408.6034099801313,176.4,0.0,0.07,25.94,26.0,35.0,709.3619659920705,124.25,0.0,0.01,40.73,41.5,50.10000000000001,1545.5543279139645,163.75,0.0,0.05,2024-01-01,15.0,conditioned,120,587,normal,105,0
105.0,3271.0,261.0,10.0,103.7,102.0,118.30000000000003,2947.9299037334367,281.95,37.72488675333864,0.41,104.29,104.0,123.10000000000001,2959.5407100342277,287.7,17.621176021428237,0.48,85.37,86.0,101.0,1785.3684775025424,244.6,2.2231626714141726,0.03,102.78,104.0,114.0,2942.931855057414,271.9,2.2231626714141726,0.49,2024-01-04,5.0,unconditional,115,556,normal,101,0
105.0,3271.0,261.0,10.0,100.19,99.5,110.0,2271.9382043586234,276.8,41.558210237996946,0.25,100.84,101.0,113.10000000000001,2275.155918950145,276.85,9.697998497935277,0.36,87.92,89.0,101.0,1506.114316105692,249.85,2.217571202214941,0.04,101.64,100.5,114.10000000000001,2342.8957329148757,273.25,2.6615066301915133,0.4,2024-01-04,5.0,conditioned,115,556,normal,101,0
40.0,2384.0,186.0,44.0,42.84,37.0,67.10000000000001,1651.1852025746484,192.3,11.820713444009431,0.44,43.11,39.0,66.10000000000001,1655.636328980337,190.55,11.410383796107459,0.47,26.32,25.0,38.0,840.1534662499606,142.25,2.2231626714141726,0.09,41.34,37.0,63.0,1737.897170946051,172.65,2.2231626714141726,0.43,2024-01-04,15.0,unconditional,115,556,normal,101,4
40.0,2384.0,186.0,44.0,36.13,36.0,44.0,1124.1761666663733,181.2,10.043451102749463,0.31,36.12,36.0,44.0,1123.9259137329009,181.75,9.697998497935277,0.33,23.34,22.0,34.0,587.576058319756,145.05,1.8308412638108735,0.01,34.78,33.0,47.0,1233.7843558531008,169.95,2.2747766917874457,0.27,2024-01-04,15.0,conditioned,115,556,normal,101,4
136.0,4750.0,333.0,0.0,124.72,122.0,145.10000000000002,3954.1132743938865,342.75,28.588305051279708,0.2,123.48,123.0,142.10000000000002,3921.439657306039,341.05,31.53838890616509,0.21,99.1,99.0,114.10000000000001,2314.3683165980046,277.5,15.072669406248668,0.0,125.21,124.0,144.10000000000002,4137.88411957019,323.15,15.072669406248668,0.23,2024-01-07,5.0,unconditional,113,637,normal,99,0
136.0,4750.0,333.0,0.0,119.8,120.0,131.0,2949.515058843067,318.3,8.085977812474379,0.04,120.25,120.0,134.0,2953.6420824279976,329.3,8.085977812474379,0.09,100.56,98.5,118.20000000000002,1955.5900047343544,294.95,13.49296079461385,0.01,122.0,121.0,139.0,3280.6056315534197,329.35,13.49296079461385,0.13,2024-01-07,5.0,conditioned,113,637,normal,99,0
75.0,3252.0,231.0,0.0,59.47,51.5,90.10000000000001,2501.0475555241014,235.25,28.588305051279708,0.26,58.9,51.5,90.10000000000001,2477.804809275134,235.95,31.53838890616509,0.27,36.55,34.0,53.10000000000001,1267.9696498824667,168.45,15.072669406248668,0.01,59.78,53.5,87.10000000000001,2718.9139970049514,213.15,15.072669406248668,0.23,2024-01-07,15.0,unconditional,113,637,normal,99,4
75.0,3252.0,231.0,0.0,49.34,49.0,58.0,1570.564013866397,215.6,8.085977812474379,0.0,49.46,50.0,58.10000000000001,1570.9355816365237,217.1,8.085977812474379,0.0,31.31,30.0,42.10000000000001,870.7787342045198,179.6,13.49296079461385,0.0,49.5,48.0,64.0,1898.4693849272305,215.65,13.49296079461385,0.02,2024-01-07,15.0,conditioned,113,637,normal,99,4
158.0,5281.0,321.0,0.0,122.16,120.0,140.0,3739.517809901632,330.3,0.0,0.01,121.48,120.5,139.10000000000002,3689.990911300778,331.85,0.0,0.01,98.34,97.5,116.10000000000001,2251.29303724731,282.0,0.0,0.0,122.29,121.0,137.10000000000002,3912.697096881825,320.65,0.0,0.02,2024-01-10,5.0,unconditional,122,627,normal,107,0
158.0,5281.0,321.0,0.0,117.97,117.5,130.10000000000002,2854.6962449796124,327.3,0.0,0.0,117.14,117.5,130.0,2836.331033215075,335.9,1.7351693318433206,0.0,96.99,98.0,113.0,1777.9402971107622,289.3,2.5,0.0,116.82,117.0,127.10000000000001,2990.6691240048453,322.1,4.20660692160061,0.0,2024-01-10,5.0,conditioned,122,627,normal,107,0
78.0,3321.0,237.0,0.0,54.88,49.0,85.0,2199.718118583869,244.4,8.945127509707294,0.18,54.21,48.0,84.10000000000001,2169.4292863953965,242.2,8.945127509707294,0.18,34.38,32.5,50.0,1154.395318568833,189.5,3.9584791916545496,0.01,55.04,50.0,82.10000000000001,2416.5061322706392,230.55,3.9584791916545496,0.13,2024-01-10,15.0,unconditional,122,627,normal,107,7
78.0,3321.0,237.0,0.0,46.92,46.5,55.0,1509.236953321819,221.25,1.2857306142820106,0.0,46.87,47.0,57.0,1501.949631263672,227.85,13.953161905067356,0.0,28.5,27.5,37.0,745.2309281726245,175.7,24.072355987713717,0.0,45.31,44.0,58.0,1658.7825411889082,206.95,25.778962909314327,0.01,2024-01-10,15.0,conditioned,122,627,normal,107,7
101.0,3139.0,278.0,0.0,95.53,96.0,108.0,2717.932369092616,268.15,127.75753724318545,0.36,95.29,95.5,110.0,2700.815626452245,277.0,76.19570462231111,0.35,80.06,80.0,93.10000000000001,1705.8881008140484,239.05,53.24374565366172,0.03,97.04,96.0,111.10000000000001,2814.535862244169,275.55,140.3691324647005,0.32,2024-01-13,5.0,unconditional,115,538,normal,101,1
101.0,3139.0,278.0,0.0,93.07,92.0,104.0,2166.808643866648,262.3,144.80471133029218,0.14,93.24,94.0,106.0,2172.9259011189815,264.1,126.71512025200627,0.22,77.98,77.0,90.0,1428.6902905918344,245.3,32.75527359386198,0.0,92.63,92.0,105.0,2266.2654160539187,274.45,99.49808268165665,0.16,2024-01-13,5.0,conditioned,115,538,normal,101,1
52.0,1990.0,189.0,0.0,41.22,37.0,63.10000000000001,1554.422696120118,196.5,130.39612460332305,0.2,40.97,36.5,65.10000000000001,1538.3865652933619,200.75,61.54485037520131,0.19,26.78,25.0,41.0,827.4513238692529,160.0,12.062171812539436,0.01,40.45,37.0,61.20000000000002,1643.7980912362732,192.1,101.59154916511739,0.21,2024-01-13,15.0,unconditional,115,538,normal,101,6
52.0,1990.0,189.0,0.0,35.14,35.5,43.0,1071.6176143858359,178.45,106.96765747154639,0.01,35.58,36.0,43.0,1072.8967263635916,184.7,86.13083678144801,0.01,22.72,22.0,33.0,592.2874443236586,157.95,25.230851258760516,0.0,33.49,31.0,45.10000000000001,1184.2708872544606,184.75,87.66923936399095,0.04,2024-01-13,15.0,conditioned,115,538,normal,101,6
120.0,6830.0,278.0,0.0,98.45,97.0,113.0,3103.485307498835,283.35,84.48370170835582,0.01,98.97,99.0,113.0,3119.0389188129,281.4,89.83369055524176,0.04,80.42,81.0,93.10000000000001,1860.7455692633798,247.8,54.513976231118285,0.0,96.69,97.0,110.0,2886.6942512942423,269.95,51.42972521472977,0.02,2024-01-16,5.0,unconditional,111,498,degrade,97,2
120.0,6830.0,278.0,0.0,109.22,108.0,120.0,5076.954131933713,287.65,51.40018853209551,0.11,108.92,109.0,122.20000000000002,5042.932627334695,288.15,125.98407473357854,0.11,76.26,76.0,90.0,2541.072408135497,239.0,92.48744424005847,0.0,98.48,98.5,113.0,4221.070094806259,264.85,98.72699171163606,0.04,2024-01-16,5.0,conditioned,111,498,degrade,97,2
81.0,5024.0,205.0,14.0,42.15,37.0,65.10000000000001,1732.2345585133464,213.3,42.76494652948985,0.0,42.38,38.5,63.10000000000001,1728.5513423636128,215.05,65.06540980830786,0.0,25.14,22.0,39.10000000000001,897.9961614983041,167.15,35.54649442543594,0.0,37.4,34.0,59.0,1617.3765572680122,193.3,19.59824340904739,0.01,2024-01-16,15.0,unconditional,111,498,degrade,97,5
81.0,5024.0,205.0,14.0,62.53,62.0,72.20000000000002,3370.29880342007,231.6,40.78589099036323,0.0,62.01,61.0,72.0,3339.1687482427865,230.3,58.32089561472678,0.03,32.81,32.0,44.0,1532.5096361144779,162.65,23.663416439251954,0.0,51.12,49.0,67.10000000000001,2837.1337347479644,195.2,24.420189702214934,0.01,2024-01-16,15.0,conditioned,111,498,degrade,97,5
143.0,8602.0,324.0,3.0,116.84,115.0,135.0,3565.512003138647,318.4,22.30385952196274,0.05,117.21,115.0,138.10000000000002,3563.2553905904065,319.3,22.425901973723665,0.06,95.49,95.0,110.10000000000001,2134.262548386528,284.25,14.194229779772593,0.0,117.55,116.0,133.20000000000002,3561.0927733856925,319.1,14.194229779772593,0.03,2024-01-19,5.0,unconditional,115,625,degrade,101,0
143.0,8602.0,324.0,3.0,134.44,134.0,144.20000000000002,6410.891156353948,342.5,74.5807476354351,0.13,133.95,133.5,151.10000000000002,6399.935666872339,344.6,37.62595791135811,0.24,93.26,93.0,108.10000000000001,3391.03216136035,266.9,8.58770573453442,0.0,130.16,131.0,146.0,6384.520079772727,315.2,8.58770573453442,0.17,2024-01-19,5.0,conditioned,115,625,degrade,101,0
101.0,6804.0,257.0,3.0,55.7,49.0,83.10000000000001,2205.5709667907377,213.35,22.550574431776358,0.01,55.89,50.0,86.10000000000001,2202.350493209464,214.5,22.672616883537284,0.01,34.53,33.0,50.20000000000002,1108.4312502752414,170.45,32.84669752564845,0.0,53.9,50.0,80.10000000000001,2255.9926318309563,210.1,32.84669752564845,0.01,2024-01-19,15.0,unconditional,115,625,degrade,101,5
101.0,6804.0,257.0,3.0,85.37,84.0,94.10000000000001,4736.941044015332,261.4,74.5807476354351,0.05,85.81,85.0,98.0,4728.232378316566,264.55,37.62595791135811,0.05,48.39,48.0,63.0,2295.3501195975773,188.2,12.601987287646267,0.0,82.88,82.0,105.0,4824.010046179657,239.7,12.601987287646267,0.16,2024-01-19,15.0,conditioned,115,625,degrade,101,5
132.0,4318.0,334.0,0.0,118.11,115.0,139.0,3725.0919091520623,319.95,39.65998020239756,0.17,117.8,116.0,137.10000000000002,3730.0550434322413,320.7,36.691696636487585,0.24,95.18,94.0,114.30000000000003,2139.626062463997,275.2,11.993746197351232,0.02,117.02,116.0,136.0,3579.6143539884865,312.95,12.193746197351231,0.16,2024-01-22,5.0,unconditional,116,621,normal,102,0
132.0,4318.0,334.0,0.0,113.52,113.5,125.0,2768.9546650052885,323.0,10.899749331031524,0.01,113.24,113.0,129.0,2760.6246319506,320.55,19.230464438050536,0.05,95.63,94.0,110.0,1829.7531888133358,276.05,15.29890519106608,0.0,114.95,114.5,129.0,3032.713460306366,314.85,26.60554491272253,0.06,2024-01-22,5.0,conditioned,116,621,normal,102,0
62.0,2436.0,226.0,0.0,56.05,48.0,87.10000000000001,2286.7652261288517,231.4,28.799586549322356,0.28,56.06,48.0,87.20000000000002,2285.416421057853,232.4,13.62713041138204,0.29,32.09,29.5,50.0,1060.6621991458198,176.35,11.993746197351232,0.02,51.76,48.0,78.10000000000001,2220.099916291835,217.1,12.75693691801257,0.26,2024-01-22,15.0,unconditional,116,621,normal,102,4
62.0,2436.0,226.0,0.0,46.09,46.5,55.0,1457.7433915275665,219.55,10.899749331031524,0.01,46.31,46.0,57.10000000000001,1455.6013394957356,215.0,19.230464438050536,0.0,30.7,29.0,44.0,840.8416182761295,174.0,19.16782165986582,0.01,47.11,46.0,63.10000000000001,1783.2501012616233,207.7,28.631449192406375,0.14,2024-01-22,15.0,conditioned,116,621,normal,102,4
141.0,6210.0,341.0,1.0,122.26,120.0,138.20000000000002,3715.3893336715323,341.6,19.386265524683147,0.08,123.42,123.0,141.10000000000002,3745.0707249038715,345.9,31.4060459816232,0.11,100.94,100.5,116.0,2248.455635893661,308.45,6.245304819112851,0.0,123.5,122.0,139.0,3772.4593004007997,337.85,14.800209442609845,0.08,2024-01-25,5.0,unconditional,114,619,degrade,100,4
141.0,6210.0,341.0,1.0,136.63,139.0,148.0,6470.241655156562,351.6,32.20856294770249,0.42,137.47,138.5,151.10000000000002,6482.514784290876,354.9,53.089013237767446,0.43,98.78,98.5,115.20000000000002,3244.3054895728687,283.65,3.0851907683887076,0.0,133.46,134.0,150.0,6002.886540859866,325.05,13.14977178144564,0.28,2024-01-25,5.0,conditioned,114,619,degrade,100,4
79.0,3794.0,286.0,1.0,54.9,48.0,86.10000000000001,2196.3075205116347,260.9,24.372064047877302,0.18,55.51,49.0,86.0,2209.7883790831816,264.75,35.70244830522257,0.19,33.79,32.0,48.0,1104.792464099123,214.5,6.245304819112851,0.0,53.3,48.5,79.0,2300.4093188220313,251.0,16.995685517870534,0.12,2024-01-25,15.0,unconditional,114,619,degrade,100,17
79.0,3794.0,286.0,1.0,83.26,84.0,93.10000000000001,4539.601585208248,292.25,34.43697024863137,0.71,83.56,84.5,95.0,4557.310671561164,289.3,50.91532399568564,0.72,45.48,44.0,60.0,2045.5797502244611,210.85,2.8428578471415107,0.01,76.11,76.0,96.30000000000003,4237.2648428980265,257.7,12.274582163792303,0.41,2024-01-25,15.0,conditioned,114,619,degrade,100,17
134.0,3491.0,311.0,0.0,125.75,125.0,140.10000000000002,3876.109573868803,330.4,44.47326106389714,0.24,124.87,124.0,146.3,3857.0125628868964,332.0,46.59516827971722,0.27,101.21,102.0,116.40000000000003,2266.57986821054,294.85,4.394224355824832,0.0,126.08,124.0,144.10000000000002,3987.271955261469,326.15,4.444224355824832,0.3,2024-01-28,5.0,unconditional,112,632,normal,98,1
134.0,3491.0,311.0,0.0,119.24,119.0,129.0,2813.690701289942,322.9,66.93399227676777,0.05,118.74,119.0,133.10000000000002,2813.4262058736344,324.1,7.742129967636873,0.1,102.02,102.0,119.20000000000002,1892.756035045921,298.35,21.710049378284218,0.01,122.01,121.0,138.0,3230.7920711031966,330.05,52.4878548421256,0.15,2024-01-28,5.0,conditioned,112,632,normal,98,1
51.0,1610.0,232.0,0.0,57.84,49.5,87.10000000000001,2382.385198870139,241.4,44.47326106389714,0.44,57.23,49.0,90.10000000000001,2374.600229641321,247.0,39.19516827971722,0.41,34.66,33.0,50.0,1190.2371121468082,202.0,4.394224355824832,0.08,56.7,52.0,81.20000000000002,2507.4692642576283,241.85,4.444224355824832,0.56,2024-01-28,15.0,unconditional,112,632,normal,98,8
51.0,1610.0,232.0,0.0,46.69,47.0,54.20000000000002,1487.9762292267426,218.9,8.07360598567359,0.26,46.5,46.0,54.10000000000001,1490.3480413146667,224.8,8.123605985673588,0.28,30.07,27.5,42.0,822.127730200527,192.15,4.056889932949815,0.02,47.86,46.0,66.0,1832.9424416483514,224.8,5.284695396791193,0.38,2024-01-28,15.0,conditioned,112,632,normal,98,8
120.0,3613.0,308.0,0.0,119.59,117.0,140.0,3506.5827457968103,320.7,0.0,0.39,118.32,116.5,137.3,3471.3486311261872,324.1,0.0,0.43,94.6,94.0,115.10000000000001,2150.9824683923375,266.9,0.0,0.06,119.54,119.0,138.10000000000002,3908.1856930359295,310.35,0.0,0.49,2024-01-31,5.0,unconditional,121,630,normal,106,0
120.0,3613.0,308.0,0.0,114.77,115.0,125.0,2752.9475411606572,314.9,0.0,0.25,114.47,115.0,129.10000000000002,2745.8930176342833,320.05,0.0,0.34,95.55,96.0,116.10000000000001,1814.0845345338814,278.15,0.0,0.05,115.82,114.5,131.10000000000002,3103.52299915437,315.95,0.0,0.35,2024-01-31,5.0,conditioned,121,630,normal,106,0
46.0,2081.0,178.0,76.0,54.87,47.0,87.10000000000001,2132.4917163717137,216.15,9.485843445692655,0.66,54.77,48.0,88.10000000000001,2116.271103678985,217.75,8.432807800173322,0.66,33.91,32.5,52.10000000000001,1149.6564611338956,150.65,4.935771861114228,0.18,55.59,49.5,86.20000000000002,2496.3896678016645,198.4,6.416050929168563,0.64,2024-01-31,15.0,unconditional,121,630,normal,106,4
46.0,2081.0,178.0,76.0,46.09,45.5,53.10000000000001,1445.1023552238094,197.2,14.355737914919564,0.5,46.32,46.0,54.0,1437.7151535450632,199.55,14.14677881282762,0.55,29.77,29.0,40.10000000000001,802.2303417154452,157.7,3.348321983032838,0.07,47.49,45.5,65.10000000000001,1792.504383882331,198.0,4.669095538838155,0.5,2024-01-31,15.0,conditioned,121,630,normal,106,4
130.0,5111.0,315.0,8.0,113.35,110.0,128.3,3543.9462429541823,301.2,0.1530443195306077,0.1,113.88,112.0,130.40000000000003,3565.107643159514,304.0,3.506283495169447,0.12,90.91,91.0,105.0,2166.998126657588,263.55,0.0,0.0,113.81,112.0,131.0,3849.7363303889924,300.05,0.0,0.13,2024-02-03,5.0,unconditional,118,602,normal,103,0
130.0,5111.0,315.0,8.0,108.44,109.0,118.0,2624.6846729804192,293.35,0.4023518722765516,0.0,108.79,108.5,124.10000000000001,2626.0657648849387,296.8,1.8338865488343459,0.03,92.58,93.0,106.0,1722.2679974618486,261.55,0.6430399498331895,0.0,111.36,110.5,126.0,2953.578685810861,292.25,1.6930399498331894,0.04,2024-02-03,5.0,conditioned,118,602,normal,103,0
66.0,3701.0,239.0,8.0,54.31,46.0,82.20000000000002,2324.8663600099435,213.15,4.530301122049707,0.29,54.67,47.0,83.10000000000001,2318.7317849007586,221.1,7.883540297688546,0.27,33.85,32.0,51.10000000000001,1202.8607293934829,171.15,0.0,0.01,54.67,48.0,82.10000000000001,2522.3326300890303,215.6,0.3546688807542523,0.25,2024-02-03,15.0,unconditional,118,602,normal,103,5
66.0,3701.0,239.0,8.0,43.49,43.0,52.0,1429.993975615168,200.8,0.4023518722765516,0.0,43.6,43.0,53.0,1431.6734532637815,200.3,1.8338865488343459,0.0,27.99,27.0,39.0,750.5867500384178,155.65,0.6430399498331895,0.0,44.51,43.0,60.0,1677.3053844196816,192.35,1.6930399498331894,0.06,2024-02-03,15.0,conditioned,118,602,normal,103,5
114.0,2865.0,284.0,19.0,107.4,108.0,116.20000000000002,3199.261369724163,269.05,0.0,0.25,109.17,110.0,124.0,3239.1575553885014,276.05,0.0,0.38,91.23,90.0,106.0,2012.7696935391293,235.35,0.0,0.05,109.26,109.0,125.10000000000001,3196.802756297045,263.4,0.0,0.36,2024-02-06,5.0,unconditional,123,532,normal,108,0
114.0,2865.0,284.0,19.0,103.52,102.5,114.10000000000001,2492.6962505533274,278.7,0.0,0.11,101.97,101.5,117.20000000000002,2461.903027960356,277.4,0.0,0.15,89.34,90.0,102.10000000000001,1658.3537032570953,254.95,0.0,0.02,105.72,106.5,119.20000000000002,2680.5791241138136,280.2,4.831041645406776,0.23,2024-02-06,5.0,conditioned,123,532,normal,108,0
52.0,1855.0,212.0,19.0,45.03,41.0,67.0,1784.105079890312,177.9,0.0,0.24,45.69,42.0,69.10000000000001,1801.8788174909353,180.4,0.0,0.25,27.97,27.0,43.0,947.89615359633,132.45,0.0,0.04,42.33,38.5,62.20000000000002,1820.5572075959044,165.5,0.0,0.26,2024-02-06,15.0,unconditional,123,532,normal,108,2
52.0,1855.0,212.0,19.0,36.96,36.0,43.10000000000001,1189.9207705601998,171.9,0.0,0.04,36.78,36.0,46.0,1181.5885708770418,165.75,0.0,0.05,23.87,23.0,34.0,640.5356167377257,138.6,0.0,0.0,37.04,35.0,50.0,1362.713636526332,170.35,0.0,0.07,2024-02-06,15.0,conditioned,123,532,normal,108,2
128.0,3741.0,305.0,130.0,124.4,123.5,139.40000000000003,3817.829217310766,330.75,30.36131156217221,0.34,125.66,125.0,143.3,3844.0671688443995,329.8,44.45649358304972,0.38,102.66,102.0,121.10000000000001,2412.5051925600683,279.15,9.38850925369024,0.05,128.18,126.5,147.10000000000002,4296.917720109113,319.95,9.63850925369024,0.43,2024-02-09,5.0,unconditional,116,636,normal,102,1
128.0,3741.0,305.0,130.0,120.23,120.5,131.0,2849.034256350035,317.3,26.849282201572883,0.2,119.98,120.0,140.0,2852.22381339614,317.35,43.460502796511236,0.29,104.17,103.5,123.10000000000001,2016.4478716428246,294.6,93.49453263988497,0.07,125.3,125.5,139.3,3417.5976385625004,323.45,94.70796811657243,0.45,2024-02-09,5.0,conditioned,116,636,normal,102,1
48.0,2133.0,203.0,130.0,57.13,50.0,87.10000000000001,2352.9469098005457,237.65,30.36131156217221,0.6,57.87,51.0,90.0,2370.612502004098,243.35,44.45649358304972,0.65,36.38,33.0,51.60000000000005,1241.0509650692263,186.6,9.38850925369024,0.23,59.4,53.5,97.0,2753.1111927949614,229.95,9.63850925369024,0.62,2024-02-09,15.0,unconditional,116,636,normal,102,4
48.0,2133.0,203.0,130.0,47.32,48.0,55.10000000000001,1474.9626518621264,215.4,26.849282201572883,0.52,47.16,47.0,55.10000000000001,1473.3461954748493,217.6,43.460502796511236,0.47,32.8,31.0,47.10000000000001,919.21322021217,183.85,32.344532639884974,0.1,50.32,49.0,68.10000000000001,1985.6859527988552,220.8,33.25796811657243,0.54,2024-02-09,15.0,conditioned,116,636,normal,102,4
107.0,4595.0,301.0,0.0,119.53,118.0,138.0,3719.570810290132,316.7,3.8335234815839727,0.87,119.57,117.0,140.10000000000002,3710.8481011664435,323.15,2.6213392654570953,0.85,95.47,96.0,115.20000000000002,2243.2010630677914,282.35,0.0,0.22,119.84,118.5,136.0,4062.406284286291,317.25,0.11710726302466128,0.86,2024-02-12,5.0,unconditional,119,630,normal,104,0
107.0,4595.0,301.0,0.0,112.14,112.0,122.0,2735.216452642277,318.35,0.0,0.75,112.86,112.0,130.10000000000002,2743.248230275358,316.5,0.0,0.65,94.01,94.0,109.0,1809.4109580268412,281.45,0.0,0.14,113.75,113.0,124.30000000000003,3056.0179387658213,313.85,0.0,0.78,2024-02-12,5.0,conditioned,119,630,normal,104,0
57.0,2924.0,202.0,0.0,55.92,49.5,86.10000000000001,2283.067300987928,211.65,0.06685170259152073,0.31,55.74,48.0,87.10000000000001,2281.3511990670204,212.85,0.06685170259152073,0.31,34.67,32.5,47.400000000000034,1187.6931328973665,167.5,0.053322678256552083,0.06,56.76,50.0,87.40000000000003,2643.7763849952385,207.1,0.9380174956145197,0.38,2024-02-12,15.0,unconditional,119,630,normal,104,2
57.0,2924.0,202.0,0.0,45.96,46.5,54.10000000000001,1426.210369259569,204.1,0.2777542369878347,0.06,46.27,46.0,56.10000000000001,1430.8144292395684,203.85,0.3,0.1,29.69,28.0,41.20000000000002,819.3650853689902,157.0,0.0,0.01,46.49,46.0,60.10000000000001,1767.2605197097714,199.8,0.0,0.17,2024-02-12,15.0,conditioned,119,630,normal,104,2
117.0,2857.0,315.0,0.0,120.31,117.0,139.20000000000002,3852.053404563556,325.95,0.0,0.52,119.68,119.0,138.10000000000002,3835.3393404155026,320.45,0.0,0.57,95.68,94.5,112.10000000000001,2255.1421647646794,280.3,0.0,0.07,121.66,121.0,138.0,4006.94305368236,317.85,0.0,0.68,2024-02-15,5.0,unconditional,124,644,normal,109,0
117.0,2857.0,315.0,0.0,115.83,115.0,128.0,2825.103531821156,322.95,0.0,0.45,115.6,114.5,133.10000000000002,2825.38255639659,323.9,0.0,0.43,95.25,95.5,109.10000000000001,1707.6998269704286,283.8,0.0,0.02,116.0,115.5,128.10000000000002,2954.7210692912545,320.4,0.0,0.47,2024-02-15,5.0,conditioned,124,644,normal,109,0
45.0,1178.0,180.0,0.0,56.41,50.0,85.0,2375.0544352873458,205.7,0.0,0.73,55.77,51.0,83.0,2372.0253629843246,194.85,0.0,0.68,34.46,32.0,47.10000000000001,1185.922043606625,153.0,0.0,0.18,55.31,51.5,83.0,2507.399740145455,193.0,0.0,0.64,2024-02-15,15.0,unconditional,124,644,normal,109,2
45.0,1178.0,180.0,0.0,45.64,46.0,53.0,1472.250565350856,195.0,0.0,0.56,45.42,46.0,54.10000000000001,1475.3559760637588,198.85,0.0,0.56,28.18,28.5,40.0,719.732011237048,153.6,0.0,0.03,45.29,44.0,59.0,1636.8226676151482,199.0,0.0,0.48,2024-02-15,15.0,conditioned,124,644,normal,109,2
112.0,3338.0,273.0,0.0,121.4,120.0,138.0,3943.77766801746,316.3,0.0,0.79,122.76,122.0,148.0,4017.2167833480526,314.55,0.0,0.74,98.12,97.0,118.10000000000001,2269.1398782636684,276.8,0.0,0.19,121.42,120.5,141.10000000000002,3929.138451443292,310.95,0.0,0.74,2024-02-18,5.0,unconditional,127,632,normal,111,0
112.0,3338.0,273.0,0.0,115.05,114.0,124.20000000000002,2809.9272177117014,303.7,0.0,0.69,113.9,113.5,129.10000000000002,2788.7562391150354,299.9,0.0,0.59,96.28,96.0,114.0,1769.5429452015187,272.15,1.05,0.13,116.17,117.0,131.0,2987.4533997230055,301.4,1.05,0.68,2024-02-18,5.0,conditioned,127,632,normal,111,0
52.0,2644.0,207.0,0.0,56.55,47.5,86.10000000000001,2454.382238954338,215.1,0.0,0.37,57.66,49.5,88.0,2502.356188358391,219.4,0.0,0.46,34.46,33.0,55.10000000000001,1193.202106121681,177.35,0.0,0.13,54.73,51.5,80.0,2453.457761838947,214.8,0.0,0.5,2024-02-18,15.0,unconditional,127,632,normal,111,3
52.0,2644.0,207.0,0.0,45.31,45.0,53.10000000000001,1448.1612681954957,202.6,2.8738719961132686,0.18,45.05,45.0,55.0,1436.8880220807864,200.4,13.04526512104639,0.19,27.93,27.5,39.0,722.8298540930655,164.45,0.0,0.01,43.9,43.5,57.10000000000001,1650.8726992636302,202.0,0.0,0.23,2024-02-18,15.0,conditioned,127,632,normal,111,3
129.0,4312.0,329.0,6.0,119.96,118.5,138.20000000000002,3634.242028469758,313.25,4.145968380786394,0.21,120.31,120.5,137.0,3633.047421632846,319.45,4.138308115936752,0.25,97.7,98.0,112.30000000000003,2155.5913596872515,274.3,0.0,0.01,121.16,120.0,135.20000000000002,3733.1378614481723,312.3,0.0,0.26,2024-02-21,5.0,unconditional,123,626,normal,108,0
129.0,4312.0,329.0,6.0,116.22,116.0,126.10000000000001,2770.715220623859,316.7,0.0,0.09,117.09,117.5,131.0,2778.527375297617,316.4,0.0,0.13,98.94,98.0,116.0,1840.2545741942442,286.15,0.0,0.0,119.31,118.0,134.0,3112.6776210985827,321.15,0.0,0.21,2024-02-21,5.0,conditioned,123,626,normal,108,0
50.0,2784.0,218.0,6.0,53.81,47.0,86.10000000000001,2153.491606497084,222.2,4.145968380786394,0.4,53.57,48.0,85.10000000000001,2147.7584736811677,233.25,4.138308115936752,0.4,32.4,31.0,49.0,1083.1487088387632,190.5,0.0,0.09,53.36,48.5,78.40000000000003,2312.5205878247707,229.8,0.0,0.45,2024-02-21,15.0,unconditional,123,626,normal,108,2
50.0,2784.0,218.0,6.0,44.3,44.0,53.0,1396.177672742671,219.05,0.0,0.26,44.4,44.0,54.0,1398.905356924441,227.45,0.0,0.24,29.72,29.0,41.20000000000002,787.2436833272549,191.0,0.0,0.01,47.21,46.0,61.10000000000001,1752.4284850489578,227.05,0.0,0.39,2024-02-21,15.0,conditioned,123,626,normal,108,2
130.0,4404.0,322.0,0.0,118.64,117.0,135.0,3686.1551362472264,325.45,0.0,0.18,117.13,116.0,134.3,3653.404008612502,320.6,0.0,0.19,93.99,92.0,109.0,2044.4625429081239,281.25,0.0,0.02,117.82,118.0,129.0,3675.446228178093,310.55,0.0,0.09,2024-02-24,5.0,unconditional,133,620,normal,117,0
130.0,4404.0,322.0,0.0,114.23,114.0,125.0,2743.7518145455083,316.85,0.0,0.03,113.33,113.5,126.20000000000002,2721.7623266774644,315.8,0.0,0.08,95.49,95.0,112.0,1704.841866159269,277.7,0.0,0.0,115.91,115.0,129.0,2930.1446383805846,308.85,0.0,0.08,2024-02-24,5.0,conditioned,133,620,normal,117,0
59.0,3088.0,233.0,0.0,52.93,45.0,83.10000000000001,2193.2066427708073,215.7,2.8203060199425636,0.27,52.71,45.5,82.10000000000001,2177.142819257729,214.55,3.2731470685587625,0.28,31.6,30.0,43.0,997.5524795914814,166.3,0.0,0.03,51.4,48.0,77.0,2207.2543753051623,207.8,0.669067092389912,0.25,2024-02-24,15.0,unconditional,133,620,normal,117,1
59.0,3088.0,233.0,0.0,43.53,43.0,50.0,1387.42171489882,207.4,2.3575621862220375,0.01,43.15,43.0,50.0,1376.4315954631802,205.65,2.1191597764485324,0.01,27.37,27.0,38.20000000000002,699.9753642021155,168.1,2.1,0.0,43.44,42.0,58.20000000000002,1574.2975409530115,208.65,2.1,0.1,2024-02-24,15.0,conditioned,133,620,normal,117,1
114.0,4163.0,297.0,53.0,117.52,115.0,135.10000000000002,3839.9042340414535,316.6,13.393953745476182,0.55,115.35,110.5,139.0,3801.721410738921,315.4,2.856409403994758,0.47,88.85,88.5,102.10000000000001,2181.9389554162726,263.55,0.0,0.03,115.03,114.5,133.0,4093.8289810201713,307.9,0.0,0.52,2024-02-27,5.0,unconditional,118,605,normal,103,0
114.0,4163.0,297.0,53.0,109.82,110.5,119.30000000000003,2707.628516598568,308.4,5.387678704428055,0.28,110.25,110.5,123.10000000000001,2714.761316679795,307.7,5.419353609996267,0.4,91.74,90.5,110.10000000000001,1693.2643796847303,276.4,0.8432548413997892,0.04,111.48,112.0,124.30000000000003,2928.5704185812792,308.6,3.9872396080012322,0.45,2024-02-27,5.0,conditioned,118,605,normal,103,0
47.0,3021.0,208.0,53.0,54.97,48.0,83.20000000000002,2333.8780189502136,224.65,10.77144332089362,0.53,54.32,47.0,86.0,2321.7935241051514,231.65,5.893589075777027,0.52,32.01,29.0,51.0,1163.4274503072825,175.25,0.0,0.16,55.02,48.5,84.10000000000001,2653.873297112669,214.0,0.0,0.55,2024-02-27,15.0,unconditional,118,605,normal,103,10
47.0,3021.0,208.0,53.0,43.09,43.0,54.0,1356.8242640924425,218.4,9.737678704428054,0.33,43.19,43.0,54.0,1356.8942252373558,217.1,6.627678007940449,0.31,27.64,27.0,36.10000000000001,703.2349638305725,177.35,1.1432548413997892,0.01,43.71,43.5,57.10000000000001,1581.124255029282,212.05,4.737239608001232,0.4,2024-02-27,15.0,conditioned,118,605,normal,103,10
122.0,4341.0,353.0,0.0,122.88,120.0,143.10000000000002,3802.1526760399365,334.9,0.0,0.45,121.31,119.5,140.20000000000002,3748.8462494300293,327.25,0.0,0.46,95.91,96.5,113.30000000000003,2179.1690979384985,278.4,0.0,0.04,121.52,119.5,139.10000000000002,4046.9187101174234,318.3,0.0,0.42,2024-03-01,5.0,unconditional,124,640,normal,109,0
122.0,4341.0,353.0,0.0,116.24,116.0,127.20000000000002,2776.9029497050506,322.65,0.15,0.28,116.73,116.0,133.10000000000002,2787.7533449288517,318.9,0.13657579976137413,0.34,98.81,97.5,113.0,1805.3844351298837,280.65,0.0,0.05,119.03,117.0,133.0,3069.4287447037295,315.45,0.0,0.32,2024-03-01,5.0,conditioned,124,640,normal,109,0
48.0,2437.0,198.0,0.0,55.84,47.0,85.10000000000001,2295.13084099344,213.3,0.0,0.48,55.03,48.0,84.0,2253.7425912814915,215.8,0.0,0.54,32.53,31.0,49.0,1110.844629214851,157.0,0.0,0.12,55.15,50.0,85.40000000000003,2527.774778033698,206.75,0.0,0.53,2024-03-01,15.0,unconditional,124,640,normal,109,2
48.0,2437.0,198.0,0.0,45.23,45.0,53.0,1395.0864552054265,192.15,0.15,0.37,45.58,46.0,55.0,1397.7359721285234,188.25,0.13657579976137413,0.36,29.46,30.5,40.10000000000001,766.3462088454925,140.5,0.0,0.02,46.38,45.0,59.10000000000001,1692.8710133472136,186.2,0.0,0.41,2024-03-01,15.0,conditioned,124,640,normal,109,2
107.0,2564.0,291.0,0.0,125.12,124.0,142.10000000000002,3883.280517289313,328.65,5.518434119039438,0.93,126.97,126.0,144.0,3930.901814289912,329.5,3.4383069135374855,0.95,102.3,102.0,118.0,2337.4285822092875,294.65,0.7297688197950265,0.3,125.21,125.5,144.0,3912.717505592265,326.5,0.75,0.92,2024-03-04,5.0,unconditional,121,639,normal,106,0
107.0,2564.0,291.0,0.0,119.59,120.0,128.10000000000002,2850.19094096588,321.75,27.834730525971747,0.96,119.33,119.0,134.10000000000002,2840.9145255651847,317.0,29.265510355693085,0.81,100.25,99.0,118.10000000000001,1912.2757182456671,282.2,2.05,0.3,119.98,120.0,134.10000000000002,3144.5143326100183,318.15,2.3,0.86,2024-03-04,5.0,conditioned,121,639,normal,106,0
54.0,1793.0,245.0,0.0,55.59,48.5,82.20000000000002,2233.6355923145393,220.1,3.042529700904572,0.41,56.23,49.5,84.0,2252.1254567348183,220.3,0.0,0.46,34.7,32.0,52.0,1164.9310408558026,185.65,0.0,0.09,55.02,50.0,87.10000000000001,2396.546262069511,222.7,0.0,0.39,2024-03-04,15.0,unconditional,121,639,normal,106,4
54.0,1793.0,245.0,0.0,45.62,45.0,54.10000000000001,1403.8823566573035,212.05,2.2624189309001963,0.11,45.3,45.0,55.0,1399.82783808796,208.75,3.6148132020979005,0.16,30.71,29.5,41.10000000000001,839.2720821766846,176.5,2.05,0.03,48.47,47.0,65.10000000000001,1783.73239327237,220.55,2.3,0.28,2024-03-04,15.0,conditioned,121,639,normal,106,4
121.0,4710.0,294.0,0.0,128.4,127.5,144.10000000000002,4235.181949130298,330.65,1.804578318340964,0.75,129.01,129.0,148.10000000000002,4249.95216978469,330.0,22.735418531752174,0.73,100.35,98.5,120.0,2501.158642442944,282.5,0.0,0.08,129.49,128.0,147.10000000000002,4720.368011157531,326.05,1.85,0.75,2024-03-07,5.0,unconditional,124,645,normal,109,0
121.0,4710.0,294.0,0.0,119.48,120.0,130.10000000000002,2866.7445224402495,317.45,22.67698415277136,0.47,119.4,119.5,134.3,2872.226348552407,315.55,23.91903115811393,0.49,102.54,101.5,121.10000000000001,1940.4432348691387,275.95,0.0,0.11,124.19,123.5,141.0,3315.557951568626,311.25,15.858681721147168,0.62,2024-03-07,5.0,conditioned,124,645,normal,109,0
54.0,3372.0,239.0,0.0,61.84,55.0,89.0,2683.750278876668,251.6,2.9167043991405195,0.53,61.93,55.0,90.10000000000001,2683.142102784276,252.2,32.42763645051513,0.55,36.1,34.5,52.400000000000034,1364.4507644857233,208.4,13.209868144818614,0.1,62.58,58.0,96.0,3168.7917017962227,248.7,37.309868144818616,0.56,2024-03-07,15.0,unconditional,124,645,normal,109,5
54.0,3372.0,239.0,0.0,46.45,47.0,54.0,1446.2888510526507,240.7,5.421136318223768,0.11,46.48,47.0,56.10000000000001,1450.6102623905806,233.0,38.34128957190465,0.15,31.32,29.0,45.0,855.5065140064896,193.35,16.3,0.04,49.65,48.0,64.10000000000001,1924.9767358708104,227.4,0.6086817211471669,0.31,2024-03-07,15.0,conditioned,124,645,normal,109,5
150.0,7094.0,360.0,14.0,132.21,130.0,149.10000000000002,4153.560282682224,344.25,42.465639567033364,0.1,133.88,133.0,154.0,4183.227995219263,349.65,98.14647476724542,0.15,106.35,105.5,126.20000000000002,2393.054914151639,296.35,46.10386565509321,0.0,133.32,132.5,150.10000000000002,4351.108699570121,332.85,44.672942009155534,0.12,2024-03-10,5.0,unconditional,120,651,normal,105,0
150.0,7094.0,360.0,14.0,128.17,127.0,142.0,3079.2501933518292,342.35,21.36149537969066,0.0,127.83,128.0,142.10000000000002,3074.7244501985742,343.15,40.18391329915764,0.03,106.76,109.0,118.0,2007.7551680716722,305.9,27.254155855690534,0.0,129.88,129.0,145.0,3437.4204823024,341.85,10.134499291993478,0.04,2024-03-10,5.0,conditioned,120,651,normal,105,0
86.0,5032.0,275.0,14.0,59.93,50.0,93.0,2500.846231808152,243.95,17.841930248075954,0.21,60.66,52.5,93.0,2528.659588786123,246.95,32.9437053893536,0.18,37.11,36.0,54.0,1259.7040041598932,190.35,3.9310918982854446,0.0,60.64,55.0,91.20000000000002,2725.7816618962493,233.2,4.561826618789723,0.18,2024-03-10,15.0,unconditional,120,651,normal,105,6
86.0,5032.0,275.0,14.0,48.78,49.0,58.0,1528.47000390417,228.35,20.026018544632073,0.0,49.18,50.0,58.0,1528.0349300738776,232.15,8.52807797527139,0.0,32.49,30.0,48.0,853.785052951705,184.15,0.1,0.0,51.4,49.0,70.10000000000001,1920.7512978744292,225.65,0.17094097199246222,0.02,2024-03-10,15.0,conditioned,120,651,normal,105,6
141.0,4729.0,306.0,0.0,120.95,120.0,136.10000000000002,3987.3615749037403,307.4,25.6,0.07,121.26,121.0,140.10000000000002,3972.946191248943,310.1,19.954526446507323,0.1,93.79,94.5,108.20000000000002,2266.533320211785,260.75,15.45,0.0,122.59,121.0,143.10000000000002,4322.644933903784,303.65,25.481825609360705,0.15,2024-03-13,5.0,unconditional,121,637,normal,106,0
141.0,4729.0,306.0,0.0,114.8,115.0,123.0,2837.640610537043,311.7,0.0,0.0,114.76,112.0,128.10000000000002,2833.328950640851,306.85,0.0,0.0,96.31,96.0,113.0,1806.4467494817845,275.55,0.0,0.0,118.65,117.5,131.0,3215.1041777058585,310.2,15.45,0.03,2024-03-13,5.0,conditioned,121,637,normal,106,0
42.0,3050.0,198.0,0.0,58.11,48.0,88.0,2498.5393849948377,191.85,0.1,0.84,57.83,49.5,88.10000000000001,2492.1386313035746,197.95,2.2522632232536637,0.82,33.55,30.0,53.10000000000001,1219.18484748912,140.35,0.0,0.28,58.32,52.0,95.0,2797.834855248717,186.45,2.5,0.81,2024-03-13,15.0,unconditional,121,637,normal,106,1
42.0,3050.0,198.0,0.0,45.32,45.0,53.0,1455.3471402064192,186.75,0.0,0.75,45.09,45.5,53.0,1451.8777006237856,183.65,0.0,0.68,28.95,29.0,37.0,790.1549731759965,138.45,0.0,0.07,47.24,46.0,59.10000000000001,1852.6081126699532,180.8,0.0,0.68,2024-03-13,15.0,conditioned,121,637,normal,106,1
131.0,4074.0,334.0,0.0,123.57,123.5,140.0,3624.1852849618044,329.9,0.0,0.25,123.16,122.0,141.10000000000002,3636.1672992203657,322.95,0.15,0.3,100.27,101.0,116.10000000000001,2216.923005959791,283.05,0.0,0.03,124.54,123.0,141.0,3771.1186231440684,317.1,5.603749613488668,0.31,2024-03-16,5.0,unconditional,123,624,normal,108,0
131.0,4074.0,334.0,0.0,118.54,118.0,128.0,2847.9291388869246,325.45,22.86847684917812,0.07,119.55,119.0,135.10000000000002,2869.8584302021877,323.45,19.48024965824992,0.17,101.1,100.0,116.0,1811.9857941883074,296.6,12.95,0.0,121.45,121.0,133.0,2943.951750096042,331.1,12.95,0.21,2024-03-16,5.0,conditioned,123,624,normal,108,0
57.0,2591.0,305.0,0.0,53.32,48.0,81.0,2095.209597701076,242.85,0.0,0.29,53.27,47.0,82.10000000000001,2113.8035888943978,237.3,0.15,0.26,33.67,33.0,47.10000000000001,1076.565429805734,182.85,0.5,0.02,53.48,51.5,73.80000000000007,2224.632517705115,224.25,4.902147160293469,0.35,2024-03-16,15.0,unconditional,123,624,normal,108,5
57.0,2591.0,305.0,0.0,45.15,45.0,55.0,1432.6811171363706,229.3,4.2262496772907125,0.04,45.51,46.0,55.0,1444.9654893957857,225.8,4.293418700074841,0.08,28.85,28.0,39.10000000000001,752.4114299743418,186.9,0.0,0.0,44.36,43.5,56.0,1570.8238768783333,227.0,0.0,0.08,2024-03-16,15.0,conditioned,123,624,normal,108,5
138.0,4882.0,334.0,0.0,120.31,119.0,136.20000000000002,3801.183323561988,319.55,0.3,0.1,119.59,119.0,140.10000000000002,3755.5106327264157,316.45,0.3,0.13,94.73,96.0,112.0,2201.428443039589,270.4,0.0,0.0,121.43,120.5,137.0,4064.813622676693,311.9,0.04616406829560447,0.09,2024-03-19,5.0,unconditional,123,634,normal,108,1
138.0,4882.0,334.0,0.0,114.68,114.0,124.10000000000001,2829.8064034562854,318.75,1.9413607177966015,0.0,114.66,114.0,128.3,2824.7407095654594,322.1,3.7287985786442164,0.05,96.26,96.0,111.10000000000001,1849.9135919113512,287.8,0.12888754943954836,0.0,116.99,117.0,130.10000000000002,3129.969371643261,318.75,0.12888754943954836,0.03,2024-03-19,5.0,conditioned,123,634,normal,108,1
61.0,2802.0,234.0,0.0,56.13,48.0,86.40000000000003,2300.7502180326446,199.85,0.3,0.27,55.28,48.0,88.0,2273.385468359332,193.85,0.3,0.3,32.66,30.0,48.10000000000001,1126.837819546452,143.9,0.0,0.03,55.46,51.0,84.20000000000002,2579.475800690672,189.2,0.04616406829560447,0.32,2024-03-19,15.0,unconditional,123,634,normal,108,2
61.0,2802.0,234.0,0.0,45.55,45.0,53.0,1466.7659017418746,180.2,1.9413607177966015,0.02,44.88,45.0,52.10000000000001,1460.4278126934869,182.3,3.7287985786442164,0.01,29.66,30.0,40.0,824.1160116759809,144.25,0.12888754943954836,0.0,46.92,46.0,61.10000000000001,1783.4439752362614,184.55,0.12888754943954836,0.11,2024-03-19,15.0,conditioned,123,634,normal,108,2
106.0,2806.0,319.0,0.0,124.31,121.5,143.10000000000002,3887.5844511858163,328.2,11.996595133425881,0.97,125.71,122.5,144.20000000000002,3937.748356471668,324.15,16.65,0.94,100.37,98.5,115.0,2182.2702934197905,273.4,1.5094914696606452,0.32,125.56,124.5,143.0,3919.234096040934,315.15,2.386422781671797,0.97,2024-03-22,5.0,unconditional,121,645,normal,106,0
106.0,2806.0,319.0,0.0,120.18,120.5,130.0,2875.677624082493,320.8,2.65,0.96,118.79,119.5,134.10000000000002,2842.358043066128,321.65,18.2,0.88,99.0,99.0,113.10000000000001,1816.3825051191263,286.05,1.1547161725572663,0.25,119.92,119.0,133.10000000000002,3197.6873958772403,319.25,12.183867688790054,0.92,2024-03-22,5.0,conditioned,121,645,normal,106,0
44.0,1523.0,197.0,0.0,58.94,50.5,89.10000000000001,2380.610680354686,245.6,40.02094685275101,0.85,60.15,52.5,93.0,2410.2849213326954,248.4,22.23864895059444,0.82,35.24,34.0,50.0,1138.4778099969478,185.05,25.72010440536933,0.23,56.93,51.0,87.0,2433.643940561178,229.05,27.47117061367546,0.74,2024-03-22,15.0,unconditional,121,645,normal,106,5
44.0,1523.0,197.0,0.0,48.22,48.0,57.0,1471.8269374207434,227.55,24.25790220466082,0.77,47.4,48.0,56.10000000000001,1453.3378804008944,232.7,20.202669361229074,0.66,30.15,29.0,40.0,781.6185760645031,179.7,15.911624351953446,0.06,48.28,48.0,60.10000000000001,1814.4729621529596,220.05,18.555965454749195,0.63,2024-03-22,15.0,conditioned,121,645,normal,106,5
123.0,4281.0,374.0,0.0,130.3,130.0,147.10000000000002,4025.939377106855,334.7,14.2,0.67,128.02,128.0,149.0,3949.889320171344,335.55,0.0,0.6,101.91,102.0,120.20000000000002,2315.6873045858597,296.45,6.3,0.07,129.05,128.0,146.20000000000002,4311.167298575908,334.8,6.4,0.69,2024-03-25,5.0,unconditional,119,646,normal,104,0
123.0,4281.0,374.0,0.0,124.27,125.0,134.0,3045.9116259369953,324.85,5.9,0.58,123.09,122.0,139.40000000000003,3015.6978182786756,329.7,0.0,0.48,104.41,104.5,120.20000000000002,1940.7611706003895,290.65,18.4,0.08,126.58,125.0,141.0,3360.3409954183544,330.95,32.10889438363955,0.6,2024-03-25,5.0,conditioned,119,646,normal,104,0
63.0,2755.0,296.0,33.0,59.84,55.0,87.0,2444.3165844189743,242.8,5.216988897382839,0.29,58.29,52.0,83.10000000000001,2392.513149902099,233.25,2.8414891368259645,0.29,35.78,34.5,51.0,1223.3722546164768,188.15,1.1878036045320983,0.03,60.27,56.0,88.20000000000002,2780.064596491821,235.65,1.1878036045320983,0.37,2024-03-25,15.0,unconditional,119,646,normal,104,3
63.0,2755.0,296.0,33.0,49.08,49.0,58.0,1592.8666384089415,223.95,10.397417142463166,0.02,48.24,49.0,56.10000000000001,1577.7380361117114,226.15,3.023032920847663,0.02,32.56,31.5,46.10000000000001,866.377708517738,184.25,21.31275992001024,0.0,51.38,51.0,66.10000000000001,1940.7402163916624,235.1,35.348704966086714,0.16,2024-03-25,15.0,conditioned,119,646,normal,104,3
146.0,5302.0,331.0,0.0,126.26,125.0,140.20000000000002,3859.7920571465766,329.25,0.0,0.05,125.39,124.0,141.20000000000002,3835.6814099203016,325.95,0.0,0.07,100.57,99.0,118.10000000000001,2226.27899379823,271.2,0.0,0.0,127.05,128.0,141.0,4038.9234729633263,313.85,1.1,0.06,2024-03-28,5.0,unconditional,121,650,normal,106,0
146.0,5302.0,331.0,0.0,119.86,120.0,129.0,2896.288975655193,314.75,0.0,0.0,121.04,121.0,133.10000000000002,2922.35037782301,324.7,0.0,0.01,103.07,103.0,119.10000000000001,1887.377045102323,283.7,0.0,0.0,123.85,124.0,138.0,3164.2323166732117,313.15,0.0,0.04,2024-03-28,5.0,conditioned,121,650,normal,106,0
75.0,3655.0,239.0,0.0,57.01,49.0,90.0,2301.284532365188,219.65,0.6222612167486943,0.24,56.87,50.0,88.0,2279.763667226168,213.45,0.6222612167486943,0.22,33.32,33.5,48.0,1137.730866131574,152.6,20.893045162520696,0.01,54.7,49.0,81.10000000000001,2530.1638443673564,196.95,21.543045162520695,0.14,2024-03-28,15.0,unconditional,121,650,normal,106,3
75.0,3655.0,239.0,0.0,46.46,46.0,54.10000000000001,1482.0857414991578,200.25,18.652000000000044,0.0,46.73,46.0,55.0,1486.1723620000475,208.2,18.652000000000044,0.0,29.68,30.0,40.0,765.1127789773623,154.15,0.0,0.0,46.66,47.0,58.300000000000026,1700.213003257732,190.5,0.0,0.01,2024-03-28,15.0,conditioned,121,650,normal,106,3
154.0,4409.0,357.0,0.0,135.55,135.0,153.0,4251.056392461487,344.55,0.0,0.09,134.83,135.0,158.10000000000002,4236.725090356358,343.3,0.0,0.12,107.34,108.0,124.10000000000001,2334.015718276255,290.85,0.0,0.02,136.2,135.0,155.10000000000002,4356.308025581535,327.15,0.0,0.12,2024-03-31,5.0,unconditional,124,650,normal,109,0
154.0,4409.0,357.0,0.0,128.51,128.0,139.0,3071.136220348588,343.3,0.0,0.0,129.15,130.0,148.0,3077.5625742644797,342.3,0.0,0.05,110.74,109.0,129.20000000000002,2006.78225253322,307.05,0.0,0.0,133.06,133.0,147.20000000000002,3362.6911557563803,343.15,0.0,0.04,2024-03-31,5.0,conditioned,124,650,normal,109,0
67.0,2516.0,252.0,15.0,60.31,51.0,90.0,2485.7707425270496,209.6,0.0,0.3,59.66,52.0,90.10000000000001,2473.677519689944,210.7,0.0,0.29,34.25,34.0,48.10000000000001,1108.90622928173,138.8,0.0,0.01,58.55,52.0,89.30000000000003,2592.3930428899084,182.1,0.0,0.27,2024-03-31,15.0,unconditional,124,650,normal,109,0
67.0,2516.0,252.0,15.0,47.57,48.5,56.0,1510.0231324860606,195.7,0.0,0.0,47.71,47.0,58.0,1514.780963612574,195.75,0.0,0.02,30.16,30.0,42.10000000000001,782.3870917716064,131.3,0.0,0.0,47.97,47.0,60.10000000000001,1762.5101780026828,179.25,0.0,0.05,2024-03-31,15.0,conditioned,124,650,normal,109,0
113.0,5894.0,315.0,0.0,109.09,106.5,128.0,3446.0934106843383,297.85,0.0,0.33,108.79,106.5,132.10000000000002,3458.1927185465947,302.3,0.0,0.39,86.61,87.0,103.0,1945.020875761708,262.4,0.0,0.01,107.06,105.0,121.20000000000002,3357.9298417749437,295.9,0.0,0.32,2024-04-03,5.0,unconditional,122,602,degrade,107,0
113.0,5894.0,315.0,0.0,122.37,122.0,132.10000000000002,5706.352167430263,318.05,0.07049612448280981,0.91,122.88,123.0,140.20000000000002,5716.5031123063345,312.8,1.5180534901722411,0.75,85.46,85.0,102.10000000000001,2853.451513020711,249.1,0.0,0.01,116.72,115.5,132.10000000000002,5312.466232704393,291.45,0.0,0.63,2024-04-03,5.0,conditioned,122,602,degrade,107,0
77.0,4549.0,267.0,0.0,51.26,43.5,79.0,2139.3358427766493,213.1,0.0,0.16,51.61,45.0,81.10000000000001,2147.106527021272,208.3,0.0,0.17,30.74,29.5,45.0,1034.2545441222799,169.15,0.0,0.0,48.18,45.5,72.20000000000002,2162.6141664025745,206.75,1.3867028731943152,0.07,2024-04-03,15.0,unconditional,122,602,degrade,107,3
77.0,4549.0,267.0,0.0,75.3,76.0,87.0,4103.572581351524,242.55,0.9970181504154596,0.46,75.55,75.0,88.20000000000002,4104.780148644024,240.0,2.4445755161048908,0.43,40.7,40.0,54.0,1859.4165455067882,161.1,0.0,0.0,68.52,68.0,88.40000000000003,3908.747422345999,209.4,0.0,0.29,2024-04-03,15.0,conditioned,122,602,degrade,107,3
129.0,3996.0,371.0,0.0,128.16,126.5,149.10000000000002,4065.0173594424973,359.3,0.0,0.39,127.99,126.0,150.10000000000002,4072.777899472036,352.3,0.0,0.44,101.21,100.5,117.10000000000001,2354.543382134337,301.45,0.0,0.02,127.97,128.0,142.10000000000002,4172.415664671194,343.75,0.0,0.47,2024-04-06,5.0,unconditional,132,668,normal,116,0
129.0,3996.0,371.0,0.0,123.25,125.0,133.10000000000002,2982.245037728292,341.85,0.0,0.31,121.02,120.5,136.10000000000002,2924.6643616125843,328.25,0.0,0.3,101.58,100.0,120.0,1940.9970410546728,285.0,0.0,0.05,123.62,123.0,141.0,3302.2446381144155,325.15,0.0,0.36,2024-04-06,5.0,conditioned,132,668,normal,116,0
46.0,2277.0,202.0,0.0,58.43,49.5,91.0,2394.2921738578857,224.75,0.0,0.7,58.81,52.0,88.0,2398.7028738327444,228.0,0.0,0.68,35.1,33.0,51.20000000000002,1193.1383602963988,161.95,0.0,0.16,57.33,52.0,82.10000000000001,2581.3304508562583,210.6,0.0,0.73,2024-04-06,15.0,unconditional,132,668,normal,116,1
46.0,2277.0,202.0,0.0,47.35,47.0,56.0,1474.377208786183,211.15,0.0,0.59,46.59,47.0,56.20000000000002,1450.19371523715,209.45,0.0,0.55,29.76,29.0,41.10000000000001,803.9623283147439,144.8,0.0,0.05,48.24,47.0,65.0,1811.5219036342407,184.35,0.0,0.55,2024-04-06,15.0,conditioned,132,668,normal,116,1
115.0,4832.0,312.0,0.0,126.72,125.0,144.0,3934.9869480517664,333.3,0.0,0.88,126.03,125.0,146.10000000000002,3918.879638089655,345.0,0.16079834236848,0.79,100.31,101.0,118.0,2308.0208905647905,289.3,0.0,0.16,125.58,126.0,141.0,4153.219584409818,324.2,0.0,0.83,2024-04-09,5.0,unconditional,124,632,normal,109,0
115.0,4832.0,312.0,0.0,120.1,118.0,134.0,2802.476208212478,321.85,0.0,0.73,121.52,120.0,140.0,2832.5841152978805,328.85,0.0,0.7,103.19,103.5,121.10000000000001,1896.1831163343093,297.85,0.0,0.21,122.17,124.0,137.0,3100.2066803005846,334.5,0.0,0.75,2024-04-09,5.0,conditioned,124,632,normal,109,0
55.0,3472.0,228.0,0.0,57.42,50.0,86.30000000000003,2397.9841214061867,235.5,0.0,0.38,56.9,49.0,86.0,2375.012640031132,242.3,0.16079834236848,0.41,36.0,35.0,54.0,1260.0413255636602,178.9,0.0,0.09,58.85,54.0,92.0,2736.227223931934,223.0,0.0,0.49,2024-04-09,15.0,unconditional,124,632,normal,109,2
55.0,3472.0,228.0,0.0,46.62,46.0,56.0,1430.7707824611116,203.55,0.0,0.17,46.96,45.0,58.0,1445.4078331743285,207.15,0.0,0.2,30.6,30.0,43.0,780.5048600068862,168.5,0.0,0.01,46.78,46.0,61.10000000000001,1660.5091910132733,211.65,0.0,0.24,2024-04-09,15.0,conditioned,124,632,normal,109,2
178.0,8789.0,370.0,0.0,143.81,140.0,163.0,4324.719304418871,384.15,0.0,0.0,142.67,142.5,164.0,4284.587557223962,381.9,0.0,0.01,115.19,114.0,136.20000000000002,2597.814163791432,336.55,0.0,0.0,146.86,144.0,168.0,4806.449293123538,382.1,0.0,0.02,2024-04-12,5.0,unconditional,128,711,degrade,112,0
178.0,8789.0,370.0,0.0,161.04,160.0,174.0,7737.2255090912795,405.75,0.0,0.06,162.23,163.0,181.10000000000002,7764.572131776493,412.2,1.1688893648367524,0.15,113.01,115.0,131.0,3924.1762919831153,322.15,0.0,0.0,160.0,157.5,181.20000000000002,7606.161544632916,378.2,0.0,0.15,2024-04-12,5.0,conditioned,128,711,degrade,112,0
96.0,5974.0,272.0,0.0,64.16,58.0,100.0,2483.1481488979443,252.75,0.0,0.12,63.25,57.5,97.0,2472.548887759849,248.55,0.0,0.11,39.42,38.5,59.300000000000026,1282.0753760641157,191.1,0.0,0.0,66.97,60.5,102.30000000000003,2968.5564264321715,235.1,0.0,0.14,2024-04-12,15.0,unconditional,128,711,degrade,112,1
96.0,5974.0,272.0,0.0,98.51,98.0,110.0,5325.492853827745,299.15,0.0,0.63,98.49,98.0,114.0,5362.252080504297,306.0,0.3465321762167207,0.6,53.8,51.5,70.0,2505.0138423264398,201.65,0.0,0.01,96.23,95.0,124.20000000000002,5481.670957308598,270.0,0.0,0.49,2024-04-12,15.0,conditioned,128,711,degrade,112,1
141.0,5071.0,361.0,0.0,148.19,148.0,170.0,4830.813908650119,385.05,0.0,0.64,148.11,146.0,174.20000000000002,4865.382305786593,377.1,0.14211826031620375,0.63,115.46,115.0,132.50000000000006,2699.9847046432305,321.45,0.0,0.07,147.65,146.0,167.0,4832.201112896824,371.35,0.0,0.66,2024-04-15,5.0,unconditional,127,719,normal,111,0
141.0,5071.0,361.0,0.0,138.94,139.5,152.0,3364.0063037048235,374.3,0.0,0.46,139.99,139.0,156.20000000000002,3383.411022002491,372.55,0.0,0.46,116.43,117.0,136.10000000000002,2203.5844774557145,323.3,0.0,0.07,141.82,140.5,158.10000000000002,3774.6910744352413,372.25,0.0,0.5,2024-04-15,5.0,conditioned,127,719,normal,111,0
67.0,3415.0,222.0,0.0,70.39,58.5,106.20000000000002,3014.0199614905405,248.35,0.0,0.35,71.03,59.0,111.0,3034.3344971730066,239.85,0.14211826031620375,0.37,40.77,38.5,60.300000000000026,1373.5535124227088,177.4,0.0,0.07,68.81,62.5,107.10000000000001,3060.985885328628,237.5,0.0,0.47,2024-04-15,15.0,unconditional,127,719,normal,111,0
67.0,3415.0,222.0,0.0,55.34,56.0,65.0,1708.737550388527,215.4,0.0,0.07,55.86,56.5,67.0,1720.7829025441156,215.3,0.0,0.13,35.83,35.0,48.10000000000001,958.976461044647,159.45,0.0,0.02,56.98,55.0,75.0,2108.506952686316,208.0,0.0,0.23,2024-04-15,15.0,conditioned,127,719,normal,111,0
186.0,7622.0,396.0,0.0,148.99,146.0,167.10000000000002,4657.660347960842,388.35,0.0,0.01,150.84,149.0,176.10000000000002,4715.426550069209,393.5,2.1245987047607344,0.04,121.08,119.5,142.10000000000002,2773.4584921688497,332.3,0.0,0.0,151.6,149.0,171.0,4878.322803918933,381.15,0.0,0.02,2024-04-18,5.0,unconditional,121,717,normal,106,0
186.0,7622.0,396.0,0.0,144.19,143.0,157.0,3488.647997164326,377.2,0.0,0.0,144.07,144.5,160.0,3477.077287129875,376.6,0.0,0.01,123.27,122.5,143.10000000000002,2361.379123045095,352.45,0.0,0.0,150.06,150.0,165.0,4034.4590087785987,393.1,0.0,0.0,2024-04-18,5.0,conditioned,121,717,normal,106,0
72.0,5272.0,268.0,0.0,67.63,58.0,103.10000000000001,2791.103774265786,258.15,0.0,0.27,68.35,57.0,108.10000000000001,2823.7411567514555,260.6,2.1245987047607344,0.27,41.15,38.0,58.20000000000002,1393.421177155731,186.8,0.0,0.04,67.41,63.0,95.0,3008.579636127323,238.35,0.0,0.33,2024-04-18,15.0,unconditional,121,717,normal,106,8
72.0,5272.0,268.0,0.0,56.41,57.0,65.10000000000001,1760.1305168628085,237.0,0.0,0.02,56.71,57.0,66.10000000000001,1758.7392636802758,238.35,0.0,0.02,37.65,36.5,52.10000000000001,1023.5005556924636,202.85,0.0,0.01,59.91,59.0,75.10000000000001,2291.0293595419844,249.55,0.0,0.16,2024-04-18,15.0,conditioned,121,717,normal,106,8
182.0,7889.0,425.0,0.0,151.11,150.0,175.10000000000002,5079.839883162232,397.1,0.0,0.06,150.43,150.0,175.0,5056.726237543913,411.55,0.0,0.05,118.56,119.5,139.10000000000002,2838.9125771531435,351.5,0.0,0.0,152.86,152.5,173.10000000000002,5193.956214988531,389.55,0.0,0.03,2024-04-21,5.0,unconditional,136,727,degrade,119,0
182.0,7889.0,425.0,0.0,166.26,165.0,179.20000000000002,8135.5555660960845,416.85,0.0,0.09,169.34,169.0,187.60000000000005,8231.56932328516,420.6,3.4664498388936638,0.21,119.19,120.0,138.0,4239.506489360566,337.25,0.0,0.0,165.55,164.5,185.20000000000002,7934.289753339644,391.1,0.0,0.16,2024-04-21,5.0,conditioned,136,727,degrade,119,0
122.0,5842.0,329.0,0.0,71.98,61.0,106.20000000000002,3168.699537662613,255.95,0.0,0.0,72.19,61.5,110.0,3156.999428440033,262.85,0.01456618129667504,0.04,41.6,40.0,58.0,1488.583236782969,191.3,0.0,0.0,70.16,63.5,107.10000000000001,3299.5952197508723,229.0,0.0,0.03,2024-04-21,15.0,unconditional,136,727,degrade,119,0
122.0,5842.0,329.0,0.0,103.77,103.5,115.10000000000001,5898.0225837609605,306.7,0.0,0.01,104.8,103.5,120.0,5953.988762687268,308.75,3.608692406959983,0.06,57.96,58.0,79.0,2772.572155914351,208.65,0.0,0.0,98.84,96.5,123.0,5722.329127122897,270.2,0.0,0.14,2024-04-21,15.0,conditioned,136,727,degrade,119,0
121.0,4072.0,304.0,0.0,140.58,138.0,160.10000000000002,4355.440576034479,364.45,0.0,0.95,141.68,141.0,163.10000000000002,4390.411819912804,367.3,0.0,0.89,113.02,113.5,133.10000000000002,2585.1137027833333,313.65,0.0,0.3,144.72,144.0,163.10000000000002,4838.756917201242,359.0,0.0,0.98,2024-04-24,5.0,unconditional,125,696,normal,110,0
121.0,4072.0,304.0,0.0,134.34,134.0,146.0,3274.3105718838783,357.5,0.0,0.95,134.59,133.5,149.0,3262.583184112772,344.55,0.0,0.84,114.01,113.0,132.10000000000002,2143.057109254883,313.6,0.0,0.32,139.38,138.0,153.0,3731.168470003408,351.75,0.0,0.94,2024-04-24,5.0,conditioned,125,696,normal,110,0
42.0,2756.0,181.0,0.0,62.41,55.0,97.0,2535.410843116683,222.15,0.0,0.95,63.03,55.5,98.10000000000001,2559.4437749536924,224.75,0.0,0.95,37.53,35.0,56.10000000000001,1271.9144674491429,160.4,0.0,0.31,64.34,57.5,102.10000000000001,2932.778954793242,207.15,0.0,0.91,2024-04-24,15.0,unconditional,125,696,normal,110,0
42.0,2756.0,181.0,0.0,51.22,51.0,60.0,1608.7381674484516,199.45,0.0,0.93,51.24,50.0,61.20000000000002,1601.6408245281702,192.6,0.0,0.9,33.01,30.0,45.0,883.6677599395049,135.45,0.0,0.2,54.11,53.0,67.50000000000004,2019.8396944859187,187.7,0.0,0.85,2024-04-24,15.0,conditioned,125,696,normal,110,0
118.0,3051.0,299.0,0.0,127.81,126.5,146.20000000000002,3954.3786199734,347.7,0.0,0.78,127.29,125.5,149.0,3943.910935088117,340.45,0.0,0.69,103.33,102.5,119.0,2459.4935576020807,299.4,0.0,0.13,131.72,131.0,149.0,4417.752298993586,341.15,0.0,0.85,2024-04-27,5.0,unconditional,132,679,normal,116,0
118.0,3051.0,299.0,0.0,123.79,123.5,135.0,2992.4005764982157,333.85,0.0,0.78,123.49,123.0,141.0,2977.399604127824,336.65,0.0,0.73,102.54,102.5,118.10000000000001,1948.2244588076383,294.85,0.0,0.11,124.94,125.0,140.0,3276.5080043139815,334.95,0.0,0.76,2024-04-27,5.0,conditioned,132,679,normal,116,0
37.0,1481.0,199.0,0.0,58.16,50.0,91.0,2360.6442555671897,212.3,0.0,0.99,58.11,50.5,94.0,2348.064042308113,216.5,0.0,0.96,36.38,36.0,55.0,1281.462512562268,158.4,0.0,0.47,59.94,56.0,88.20000000000002,2783.4932638401897,208.8,0.0,0.92,2024-04-27,15.0,unconditional,132,679,normal,116,0
37.0,1481.0,199.0,0.0,47.17,47.0,54.10000000000001,1523.0593438727747,194.6,0.0,0.97,47.09,47.0,55.0,1516.5195645209262,194.75,0.0,0.96,30.74,30.0,41.10000000000001,826.4742278801482,152.6,0.0,0.26,48.87,47.0,65.0,1842.6867662645457,200.9,0.0,0.87,2024-04-27,15.0,conditioned,132,679,normal,116,0
103.0,3047.0,281.0,0.0,122.19,121.5,135.10000000000002,3684.0191125457322,341.1,0.0,1.0,121.15,119.0,139.10000000000002,3648.0641904445843,329.7,0.0,0.91,98.88,98.5,116.10000000000001,2307.873377145181,289.0,0.0,0.36,124.21,124.0,139.0,4112.88611785378,333.1,0.0,0.98,2024-04-30,5.0,unconditional,124,632,normal,109,0
103.0,3047.0,281.0,0.0,117.84,118.0,128.0,2863.7401343285483,335.75,0.0,0.94,118.6,119.0,134.0,2876.876255768231,333.25,0.0,0.87,101.4,101.0,118.0,1874.7515690780608,303.35,0.0,0.49,120.99,121.5,135.20000000000002,3026.1413245693752,335.85,0.0,0.95,2024-04-30,5.0,conditioned,124,632,normal,109,0
31.0,1890.0,176.0,0.0,54.17,48.0,81.10000000000001,2184.982466119925,210.9,0.0,0.99,53.94,48.0,79.10000000000001,2167.61806020546,206.4,0.0,1.0,33.54,31.5,50.10000000000001,1165.9220466793768,155.35,0.0,0.51,55.56,50.0,91.20000000000002,2574.44867120598,203.2,0.0,0.93,2024-04-30,15.0,unconditional,124,632,normal,109,0
31.0,1890.0,176.0,0.0,44.21,44.0,52.0,1402.3541964453377,191.05,0.0,0.98,44.57,44.5,55.0,1408.5913461410983,197.65,0.0,0.98,28.86,26.0,41.0,758.1857467962624,156.3,0.0,0.4,45.18,44.0,60.0,1598.9893861689427,203.3,0.0,0.89,2024-04-30,15.0,conditioned,124,632,normal,109,0
147.0,5129.0,355.0,0.0,140.67,137.5,161.10000000000002,4165.3661877511195,372.6,0.0,0.26,139.76,137.0,164.0,4152.31031553631,360.0,0.0,0.33,114.64,115.0,133.0,2450.855919411379,316.35,0.0,0.02,142.91,141.5,165.10000000000002,4330.490987360146,359.5,0.0,0.39,2024-05-03,5.0,unconditional,130,713,normal,114,0
147.0,5129.0,355.0,0.0,135.82,137.0,147.0,3292.424459849879,365.55,0.0,0.14,135.78,136.0,153.10000000000002,3294.846946458515,362.9,0.0,0.19,112.8,113.0,129.10000000000002,2029.0979112229384,317.75,0.0,0.01,136.72,136.0,150.0,3501.7743732140184,353.6,0.0,0.19,2024-05-03,5.0,conditioned,130,713,normal,114,0
70.0,2843.0,217.0,0.0,62.4,56.0,97.10000000000001,2453.7266938389025,231.9,0.0,0.21,61.62,55.0,94.20000000000002,2444.458924732695,220.95,0.0,0.23,38.45,36.5,58.10000000000001,1196.3432612070599,154.85,0.0,0.03,62.58,59.0,92.0,2631.7782786337857,215.1,0.0,0.27,2024-05-03,15.0,unconditional,130,713,normal,114,0
70.0,2843.0,217.0,0.0,53.48,53.0,62.0,1690.6043515932788,224.25,0.0,0.03,53.29,52.5,62.10000000000001,1692.5882392053757,218.7,0.0,0.04,33.87,34.0,44.300000000000026,831.2542132474706,156.5,0.0,0.0,54.52,55.0,69.10000000000001,1940.1899488047723,210.55,0.0,0.1,2024-05-03,15.0,conditioned,130,713,normal,114,0
141.0,4883.0,392.0,0.0,154.88,154.5,173.20000000000002,5055.865493439636,404.4,0.0,0.79,153.57,155.0,175.10000000000002,5013.26788680687,405.55,0.3159448445956741,0.78,121.19,119.0,140.10000000000002,3014.587859573797,346.05,0.0,0.1,155.1,155.0,174.10000000000002,5394.408992681377,397.45,0.0,0.82,2024-05-06,5.0,unconditional,124,714,degrade,109,0
141.0,4883.0,392.0,0.0,169.14,167.0,182.10000000000002,8021.596014092806,428.3,0.0,1.0,166.76,167.0,187.0,7949.130571291704,431.55,0.0,0.99,119.02,119.5,139.10000000000002,4082.565427729896,354.4,0.0,0.09,165.17,165.0,181.20000000000002,7831.74792192804,405.95,0.0,0.96,2024-05-06,5.0,conditioned,124,714,degrade,109,0
83.0,3040.0,275.0,0.0,71.73,60.5,106.10000000000001,3065.008557093322,244.8,0.0,0.33,71.42,62.0,105.0,3036.400180765667,247.9,0.3159448445956741,0.33,43.88,42.0,67.0,1569.7212121297614,175.85,0.0,0.01,73.48,63.5,119.0,3457.1562470411213,240.85,0.0,0.32,2024-05-06,15.0,unconditional,124,714,degrade,109,2
83.0,3040.0,275.0,0.0,103.18,102.0,117.0,5716.021440401508,308.65,0.0,1.0,102.19,101.0,115.10000000000001,5653.123638765948,311.05,0.0,0.99,55.57,53.5,71.10000000000001,2578.839933306136,198.35,0.0,0.04,98.02,98.0,121.20000000000002,5618.500906918145,259.25,0.0,0.74,2024-05-06,15.0,conditioned,124,714,degrade,109,2
178.0,8330.0,436.0,0.0,148.33,144.5,168.10000000000002,4841.822044458571,382.85,0.0,0.03,147.74,144.5,175.3,4829.442660279081,376.95,0.0,0.1,116.34,114.0,138.0,2838.052275623712,321.75,0.0,0.0,146.85,147.0,166.0,4965.435833747094,367.55,0.0,0.04,2024-05-09,5.0,unconditional,130,714,degrade,114,0
178.0,8330.0,436.0,0.0,164.49,164.0,177.10000000000002,7890.413303899914,411.45,0.0,0.1,162.76,163.5,183.10000000000002,7795.44307841465,405.8,5.167975385153954,0.18,115.7,115.0,136.20000000000002,4067.1559378596367,324.9,0.0,0.0,159.66,158.5,175.10000000000002,7691.184505502498,380.65,0.0,0.08,2024-05-09,5.0,conditioned,130,714,degrade,114,0
112.0,6685.0,317.0,0.0,71.02,59.5,110.0,3019.181395761007,247.15,0.0,0.09,70.2,59.5,108.40000000000003,3012.5768840843557,237.15,0.0,0.1,42.37,40.5,61.0,1489.2824606298639,171.25,0.0,0.0,69.11,63.0,102.10000000000001,3177.3616011570475,224.2,0.0,0.03,2024-05-09,15.0,unconditional,130,714,degrade,114,3
112.0,6685.0,317.0,0.0,101.45,100.5,111.10000000000001,5626.010931498788,303.95,0.0,0.1,100.46,98.0,114.10000000000001,5559.682985344946,297.9,5.167975385153954,0.18,55.06,54.0,69.20000000000002,2677.5054391977355,188.15,0.0,0.0,94.95,92.0,121.0,5581.109622515459,250.15,0.0,0.22,2024-05-09,15.0,conditioned,130,714,degrade,114,3
156.0,4403.0,376.0,0.0,149.46,147.5,174.0,4934.620261210534,388.6,0.0,0.3,149.04,148.5,177.10000000000002,4938.07516540058,400.05,0.0,0.32,118.07,117.0,133.40000000000003,2717.7885023681524,336.9,0.0,0.01,148.67,147.0,172.0,4896.49123926885,381.45,0.0,0.31,2024-05-12,5.0,unconditional,124,716,normal,109,0
156.0,4403.0,376.0,0.0,143.45,143.0,156.0,3517.9142077213905,382.55,0.0,0.11,143.17,144.0,158.0,3510.6354438621033,381.0,0.0,0.17,119.55,117.0,141.10000000000002,2265.2440822773815,345.6,0.0,0.02,145.26,144.5,161.3,3848.8585876837788,385.6,0.0,0.19,2024-05-12,5.0,conditioned,124,716,normal,109,0
81.0,2972.0,249.0,0.0,72.17,62.5,111.0,3053.0213457687773,246.15,0.0,0.3,72.08,63.0,111.10000000000001,3059.611724979257,253.85,0.0,0.3,42.05,39.0,67.10000000000001,1459.1039461241082,170.7,0.0,0.01,69.34,61.5,106.30000000000003,3184.592583703665,226.75,1.75,0.27,2024-05-12,15.0,unconditional,124,716,normal,109,1
81.0,2972.0,249.0,0.0,57.53,58.0,66.10000000000001,1895.2570642690791,219.4,0.0,0.0,57.62,57.0,69.0,1892.5358280103246,225.6,0.0,0.0,36.38,35.0,49.20000000000002,978.7202613587494,168.15,0.5,0.0,57.83,54.0,77.0,2149.624623390866,220.5,0.5,0.07,2024-05-12,15.0,conditioned,124,716,normal,109,1
156.0,12882.0,303.0,118.0,111.69,109.0,126.10000000000001,3218.7311492477047,329.75,0.15,0.0,110.58,108.0,128.0,3190.87968981677,330.15,0.0,0.0,90.84,90.5,106.0,1932.7139588507323,291.7,0.0,0.0,111.96,111.0,127.30000000000003,3293.4306173287127,320.05,0.0,0.0,2024-05-15,5.0,unconditional,115,583,degrade,101,0
156.0,12882.0,303.0,118.0,126.8,127.0,137.10000000000002,5807.42055545075,340.2,0.32700636673138206,0.0,127.24,127.5,142.0,5812.715927580156,337.4,0.4994688301240956,0.0,88.13,87.0,105.0,2748.956429219,267.05,0.0,0.0,118.92,118.5,132.10000000000002,5022.196193925452,312.1,0.1317119189416303,0.0,2024-05-15,5.0,conditioned,115,583,degrade,101,0
122.0,10867.0,257.0,4.0,48.56,44.0,74.10000000000001,1884.3984570628336,221.6,0.15,0.0,48.25,43.5,74.10000000000001,1871.3812620173253,216.65,0.0,0.0,30.19,28.0,43.10000000000001,935.7199453773662,176.05,0.0,0.0,47.11,42.0,71.50000000000004,1989.0969815440308,210.45,0.0,0.0,2024-05-15,15.0,unconditional,115,583,degrade,101,4
122.0,10867.0,257.0,4.0,77.14,76.5,88.10000000000001,4134.950813767264,259.65,0.32700636673138206,0.0,76.74,76.0,89.10000000000001,4147.258161416263,260.65,0.4994688301240956,0.0,39.69,38.0,53.0,1772.683246686644,179.45,0.0,0.0,66.38,65.0,84.10000000000001,3575.575468732431,223.2,0.1317119189416303,0.0,2024-05-15,15.0,conditioned,115,583,degrade,101,4
128.0,6225.0,326.0,0.0,133.9,133.5,152.10000000000002,4056.044152493533,357.3,0.0,0.68,135.59,133.0,157.0,4131.359500078412,367.8,1.75,0.65,110.7,109.5,131.3,2429.186683711197,315.5,0.0,0.13,134.97,133.5,151.0,4095.882637168511,354.45,3.15,0.69,2024-05-18,5.0,unconditional,141,674,degrade,124,0
128.0,6225.0,326.0,0.0,151.64,151.0,165.10000000000002,7283.874168033336,377.05,0.0,0.97,151.4,152.5,172.0,7254.865583353277,380.2,0.15,0.94,106.14,106.0,120.10000000000001,3678.976530262147,294.8,0.0,0.05,144.61,144.5,161.10000000000002,6870.075171682311,348.6,0.0,0.91,2024-05-18,5.0,conditioned,141,674,degrade,124,0
73.0,4302.0,243.0,0.0,61.1,54.5,94.20000000000002,2424.127226944531,248.1,0.0,0.22,62.15,55.0,97.10000000000001,2457.553092999866,258.2,1.75,0.22,37.91,35.0,53.10000000000001,1260.6032960098705,196.55,0.0,0.03,58.76,52.0,86.30000000000003,2587.351164293437,240.7,3.15,0.19,2024-05-18,15.0,unconditional,141,674,degrade,124,2
73.0,4302.0,243.0,0.0,93.33,92.5,105.0,5245.888257099828,287.5,0.0,1.0,92.72,93.0,105.10000000000001,5229.56275599096,297.25,0.15,1.0,52.09,51.0,66.10000000000001,2457.1631571745056,197.6,0.0,0.03,87.29,85.0,108.10000000000001,5073.670164329061,253.15,0.0,0.8,2024-05-18,15.0,conditioned,141,674,degrade,124,2
147.0,5009.0,372.0,0.0,148.92,145.0,173.10000000000002,4844.044909291368,375.55,3.6583156162623878,0.47,147.11,147.0,168.10000000000002,4768.491517787572,372.8,2.9230773329879525,0.51,116.49,116.0,135.10000000000002,2814.9931530527183,324.05,3.2070402666031783,0.02,147.61,146.5,172.10000000000002,5022.622600255313,365.3,10.16502562044206,0.5,2024-05-21,5.0,unconditional,124,692,normal,109,0
147.0,5009.0,372.0,0.0,141.48,143.0,152.0,3479.265262968491,371.8,0.0,0.29,142.15,141.0,161.10000000000002,3497.5845499473035,378.7,0.5837954669759711,0.31,116.78,113.5,141.10000000000002,2169.341421665803,344.9,1.3485658436299617,0.04,140.83,139.5,159.20000000000002,3554.6137314620464,371.35,2.476184901517763,0.3,2024-05-21,5.0,conditioned,124,692,normal,109,0
68.0,2793.0,256.0,0.0,69.99,61.0,105.10000000000001,2948.8855395283695,270.7,2.2528157463912066,0.34,68.8,59.0,103.10000000000001,2902.6121583638424,268.95,1.8175774631167712,0.35,42.37,40.0,67.10000000000001,1498.2691898186147,210.55,1.9070402666031783,0.1,68.88,60.0,110.10000000000001,3216.1743634581803,256.35,7.056075919326486,0.38,2024-05-21,15.0,unconditional,124,692,normal,109,8
68.0,2793.0,256.0,0.0,56.6,57.0,66.0,1781.8098291211154,259.55,0.6,0.04,56.81,56.0,70.0,1786.0141540933516,264.8,0.5837954669759711,0.12,35.17,33.5,48.10000000000001,904.7034483711146,217.45,0.8,0.0,54.61,53.0,70.20000000000002,1929.392081843845,251.2,1.4261849015177632,0.15,2024-05-21,15.0,conditioned,124,692,normal,109,8
165.0,6226.0,376.0,0.0,156.48,156.0,172.3,4616.302216512345,407.8,0.35,0.26,155.77,157.0,178.0,4616.805157037676,399.65,1.5521315540086449,0.28,127.22,128.5,149.10000000000002,2654.611464606561,348.25,0.0,0.0,155.92,158.0,175.10000000000002,4603.155312731604,387.85,0.0901220728985777,0.3,2024-05-24,5.0,unconditional,123,748,normal,108,0
165.0,6226.0,376.0,0.0,151.37,150.0,163.20000000000002,3652.266880831002,399.6,0.0,0.1,153.21,151.5,173.0,3683.5723389612326,387.45,0.0,0.18,129.3,128.5,150.20000000000002,2382.409595540811,341.55,0.0,0.01,154.02,154.0,169.0,3987.9297922103665,386.4,0.0,0.21,2024-05-24,5.0,conditioned,123,748,normal,108,0
83.0,3925.0,266.0,0.0,69.7,64.0,104.10000000000001,2761.1993006560137,282.4,0.35,0.22,69.71,64.0,108.20000000000002,2760.3968874676684,280.35,1.5521315540086449,0.22,41.53,39.5,61.0,1299.4610350217854,208.1,0.0,0.0,66.45,60.5,102.0,2799.0370975132623,253.3,0.0901220728985777,0.22,2024-05-24,15.0,unconditional,123,748,normal,108,3
83.0,3925.0,266.0,0.0,58.74,58.0,68.0,1858.9381751057233,263.2,0.0,0.0,59.43,59.0,69.10000000000001,1870.8169097930308,257.85,0.0,0.0,37.7,35.5,50.0,1006.758638099076,193.2,0.0,0.0,59.52,57.0,82.0,2195.1149760530975,245.6,1.7845228648550802,0.07,2024-05-24,15.0,conditioned,123,748,normal,108,3
147.0,6403.0,385.0,0.0,142.37,138.0,164.0,4609.803369460033,370.65,0.0,0.33,142.79,140.0,168.0,4591.535575307984,378.75,0.0,0.33,114.51,112.5,135.10000000000002,2733.93504513697,304.8,0.0,0.01,142.71,143.0,159.3,4781.238838306175,349.9,0.0,0.41,2024-05-27,5.0,unconditional,123,666,degrade,108,0
147.0,6403.0,385.0,0.0,160.38,161.0,172.10000000000002,7763.041505750492,389.45,0.0,0.92,160.05,159.0,176.10000000000002,7754.931447941495,383.15,0.0,0.83,109.71,108.0,129.0,4000.89305057355,296.5,0.0,0.01,152.0,152.0,170.0,7441.029861384019,352.6,0.0,0.65,2024-05-27,5.0,conditioned,123,666,degrade,108,0
79.0,4887.0,273.0,0.0,67.08,56.0,105.10000000000001,2858.8807672601374,245.8,0.0,0.29,66.93,57.0,107.0,2831.0813071177736,254.7,0.0,0.28,40.28,38.0,59.10000000000001,1454.3774925333946,161.25,0.0,0.02,63.97,58.0,97.40000000000003,3015.329413998298,212.75,0.0,0.25,2024-05-27,15.0,unconditional,123,666,degrade,108,3
79.0,4887.0,273.0,0.0,99.88,100.5,111.10000000000001,5523.132055789877,278.4,0.0,0.98,99.39,99.0,112.10000000000001,5512.7975197645965,275.6,0.0,0.97,54.95,55.5,70.10000000000001,2692.6484134856287,173.25,0.0,0.0,92.38,92.0,115.0,5454.312313183484,240.75,0.0,0.79,2024-05-27,15.0,conditioned,123,666,degrade,108,3
164.0,7132.0,399.0,3.0,151.54,148.0,168.10000000000002,4683.805282646483,396.4,20.960241438078448,0.21,152.4,153.0,170.3,4697.215689731095,394.65,38.006124909405756,0.2,121.61,122.5,141.10000000000002,2655.93727327251,338.85,11.840473977633303,0.0,150.43,150.0,168.0,4564.975273382556,379.4,21.117169721369827,0.16,2024-05-30,5.0,unconditional,127,714,degrade,111,1
164.0,7132.0,399.0,3.0,168.18,167.0,182.0,7917.67806124441,415.2,76.60239653008553,0.67,167.79,166.0,190.0,7914.747511789855,421.0,68.85187499404158,0.58,120.45,121.0,138.3,4128.306818022861,331.55,5.741803704854425,0.01,164.48,165.0,181.0,7568.3999466010755,387.25,26.619565185723964,0.54,2024-05-30,5.0,conditioned,127,714,degrade,111,1
89.0,4595.0,296.0,3.0,69.77,61.5,103.20000000000002,2775.457565891033,290.35,15.937907498807585,0.25,69.81,61.0,106.10000000000001,2789.74324651254,282.95,19.03379097013489,0.24,40.21,39.0,59.10000000000001,1289.4496981289453,227.35,9.164673238739306,0.0,65.64,61.0,95.0,2787.662559831852,271.55,18.61723739112125,0.17,2024-05-30,15.0,unconditional,127,714,degrade,111,13
89.0,4595.0,296.0,3.0,103.22,103.0,112.10000000000001,5591.852473532444,338.15,41.63307637048667,0.95,103.09,103.0,117.0,5583.729414749879,339.8,60.35302682200718,0.9,58.3,57.5,76.20000000000002,2731.9258427107106,236.0,4.391803704854425,0.02,98.37,97.5,123.40000000000003,5560.728641156826,296.85,23.29095083680732,0.65,2024-05-30,15.0,conditioned,127,714,degrade,111,13
155.0,6201.0,376.0,0.0,149.97,148.0,168.20000000000002,4797.272212631477,400.9,0.36467769896686375,0.31,150.27,148.0,173.0,4804.436798954234,400.4,3.2176589337625443,0.38,118.86,119.0,137.10000000000002,2748.091716300437,335.55,0.0,0.03,151.33,151.0,171.0,4926.466435631465,387.75,0.0,0.43,2024-06-02,5.0,unconditional,120,704,normal,105,0
155.0,6201.0,376.0,0.0,143.05,144.0,151.0,3551.92460498445,379.8,0.0,0.04,143.81,145.5,159.0,3566.6395891205134,375.5,0.0,0.19,121.5,121.0,138.10000000000002,2339.3412340757427,344.0,0.0,0.01,148.05,147.0,165.20000000000002,3982.4583854858006,382.2,0.0,0.25,2024-06-02,5.0,conditioned,120,704,normal,105,0
83.0,4006.0,273.0,0.0,70.75,61.0,106.0,2930.2354720799117,262.65,0.36467769896686375,0.28,71.39,62.0,104.10000000000001,2941.588975920144,263.5,3.2176589337625443,0.28,42.02,42.0,61.10000000000001,1416.320381852902,185.8,0.0,0.0,69.59,64.0,107.10000000000001,3162.5800343231945,241.85,0.0,0.26,2024-06-02,15.0,unconditional,120,704,normal,105,2
83.0,4006.0,273.0,0.0,57.23,57.0,65.20000000000002,1845.1472417639095,236.05,0.0,0.0,57.3,57.5,67.0,1851.3970330381112,231.65,0.0,0.0,38.12,37.0,54.0,1010.3082372947723,182.4,0.0,0.0,60.41,58.5,79.0,2277.7211191821557,232.05,0.0,0.07,2024-06-02,15.0,conditioned,120,704,normal,105,2
188.0,8145.0,410.0,0.0,138.84,136.5,160.0,4619.163711398192,371.4,0.0,0.0,138.53,137.0,163.20000000000002,4621.166946346624,381.45,0.0,0.02,108.11,108.0,123.10000000000001,2672.6046059237297,327.85,0.0,0.0,137.68,138.0,155.10000000000002,4589.584450075801,364.75,0.0,0.0,2024-06-05,5.0,unconditional,132,671,degrade,116,0
188.0,8145.0,410.0,0.0,156.36,155.0,167.10000000000002,7527.672997886806,396.0,0.0,0.0,157.79,157.0,174.0,7581.451267230807,397.4,0.08628127352196771,0.0,108.9,109.0,125.10000000000001,3929.3026130787125,317.95,0.0,0.0,150.7,150.5,167.0,7047.943355980181,359.6,0.0,0.0,2024-06-05,5.0,conditioned,132,671,degrade,116,0
108.0,5926.0,318.0,0.0,64.97,55.5,98.10000000000001,2888.913905181064,214.5,0.0,0.01,65.27,54.5,100.10000000000001,2891.309489222424,222.15,0.0,0.03,38.41,36.0,58.0,1394.6622561672202,158.25,0.0,0.0,61.62,57.0,91.10000000000001,2859.9996825393096,203.85,0.0,0.0,2024-06-05,15.0,unconditional,132,671,degrade,116,0
108.0,5926.0,318.0,0.0,96.12,97.5,105.0,5310.407261578923,275.3,0.0,0.08,96.31,97.0,107.10000000000001,5339.496639254869,280.05,0.08628127352196771,0.1,51.93,50.0,68.20000000000002,2525.761182947408,173.9,0.0,0.0,87.99,87.0,112.30000000000003,4998.828602743692,223.5,0.0,0.12,2024-06-05,15.0,conditioned,132,671,degrade,116,0
158.0,3710.0,367.0,0.0,134.57,132.0,156.10000000000002,4173.225397901734,337.15,0.05,0.08,135.15,132.0,154.0,4191.969713351055,340.65,1.8865346131778664,0.07,109.18,109.0,125.10000000000001,2487.3709782873575,297.7,0.21826806441549707,0.0,137.23,134.5,157.40000000000003,4552.542773707193,345.65,0.39965617662090835,0.1,2024-06-08,5.0,unconditional,130,677,normal,114,0
158.0,3710.0,367.0,0.0,130.71,131.0,142.0,3190.589550521599,333.3,1.608646180848649,0.0,131.27,131.5,147.0,3195.9833567814185,334.85,2.0965868128879324,0.01,109.71,110.0,127.10000000000001,2130.7961839046025,302.9,0.5947172035024721,0.0,133.03,133.0,147.0,3717.509643276651,343.75,2.219717203502472,0.01,2024-06-08,5.0,conditioned,130,677,normal,114,0
61.0,1860.0,233.0,0.0,59.74,51.0,98.0,2445.9318330997,217.9,0.05,0.28,59.84,51.5,93.10000000000001,2439.353599098087,217.55,1.8865346131778664,0.3,36.78,36.0,56.0,1247.0791487835866,166.65,0.21826806441549707,0.05,60.96,55.0,96.10000000000001,2794.739359994665,220.75,0.39965617662090835,0.43,2024-06-08,15.0,unconditional,130,677,normal,114,2
61.0,1860.0,233.0,0.0,49.44,49.0,60.0,1602.782539557872,204.25,1.608646180848649,0.09,49.93,50.0,60.0,1601.3669185558642,205.35,2.0965868128879324,0.09,32.13,33.0,44.0,910.2158712580922,162.85,0.5947172035024721,0.0,51.91,50.5,70.10000000000001,2109.152277685349,202.25,2.219717203502472,0.26,2024-06-08,15.0,conditioned,130,677,normal,114,2
176.0,6288.0,397.0,0.0,144.04,141.0,169.3,4601.198448903201,379.25,0.3164856778167632,0.06,144.41,139.5,171.20000000000002,4639.247045018349,382.4,1.621725366759415,0.08,114.65,115.5,130.10000000000002,2675.5321478177602,328.7,0.0,0.0,145.44,144.0,165.10000000000002,4771.729021931257,374.95,0.0,0.04,2024-06-11,5.0,unconditional,125,708,normal,110,0
176.0,6288.0,397.0,0.0,135.83,135.0,147.10000000000002,3283.5205928994055,363.7,0.0,0.0,137.35,135.5,154.0,3294.7007318623337,377.7,0.0,0.0,116.93,117.0,135.10000000000002,2132.9119069682906,332.35,0.0,0.0,140.45,138.5,156.0,3575.349580012958,374.8,0.0,0.01,2024-06-11,5.0,conditioned,125,708,normal,110,0
80.0,3394.0,243.0,0.0,66.75,55.5,104.10000000000001,2890.6168977501247,220.1,0.3164856778167632,0.31,67.55,56.5,105.20000000000002,2905.041681618861,227.8,1.621725366759415,0.31,39.15,36.0,59.20000000000002,1450.6842079343048,159.2,0.0,0.01,65.33,56.0,103.0,3063.2805675448576,209.8,0.0,0.27,2024-06-11,15.0,unconditional,125,708,normal,110,0
80.0,3394.0,243.0,0.0,51.73,52.0,61.0,1657.1893024757437,203.25,0.0,0.0,51.67,51.0,63.10000000000001,1664.3133334066347,210.05,0.0,0.0,32.87,33.0,46.300000000000026,868.9623113952131,161.85,0.0,0.0,52.97,51.0,70.10000000000001,1921.7257315140043,206.1,0.0,0.03,2024-06-11,15.0,conditioned,125,708,normal,110,0
157.0,6916.0,433.0,0.0,143.02,140.5,166.0,4585.101142277639,377.6,0.0,0.2,142.06,139.0,165.20000000000002,4549.975113808441,377.55,0.0,0.19,112.64,112.0,129.0,2674.755017866433,323.45,0.0,0.01,144.18,143.0,161.10000000000002,4821.029452194571,368.45,0.0,0.21,2024-06-14,5.0,unconditional,133,713,normal,117,0
157.0,6916.0,433.0,0.0,134.77,134.5,145.0,3295.050754772185,372.85,0.0,0.0,134.44,134.5,150.0,3287.639672600236,372.05,1.3282291811204914,0.0,113.36,114.5,130.3,2094.6131861419885,323.65,0.0,0.0,137.84,137.0,154.0,3522.5333110165684,367.8,0.0,0.05,2024-06-14,5.0,conditioned,133,713,normal,117,0
90.0,4646.0,299.0,0.0,65.36,55.0,101.0,2800.257114742428,231.7,0.0,0.28,65.26,56.5,102.0,2775.406806473263,234.85,0.0,0.22,38.88,36.0,58.10000000000001,1408.6195833187944,158.3,0.0,0.01,66.32,62.0,99.0,3097.6876779743475,212.85,0.0,0.17,2024-06-14,15.0,unconditional,133,713,normal,117,2
90.0,4646.0,299.0,0.0,52.02,52.0,61.10000000000001,1709.5968636251337,220.6,0.0,0.0,51.91,52.0,61.0,1703.1052069735752,220.9,1.3282291811204914,0.0,32.29,31.0,45.10000000000001,867.5538540388504,159.5,0.0,0.0,52.06,48.0,73.10000000000001,1915.999584080019,212.75,0.0,0.01,2024-06-14,15.0,conditioned,133,713,normal,117,2
175.0,4874.0,413.0,0.0,146.07,142.0,168.10000000000002,4374.133909069631,384.3,0.0,0.03,145.26,142.5,167.3,4358.989210302507,381.65,0.0,0.06,118.41,116.0,137.20000000000002,2682.4450982900053,342.1,0.0,0.0,148.79,149.0,165.10000000000002,4767.5879390965365,387.25,0.0,0.02,2024-06-17,5.0,unconditional,127,726,normal,111,0
175.0,4874.0,413.0,0.0,140.41,140.0,152.0,3385.777848003866,382.85,0.0,0.0,141.75,143.0,160.10000000000002,3411.411343648049,388.15,0.0,0.0,120.37,120.0,139.0,2267.3322441154055,346.4,0.0,0.0,146.55,146.5,162.10000000000002,3857.756715664993,391.55,0.0,0.02,2024-06-17,5.0,conditioned,127,726,normal,111,0
86.0,2968.0,268.0,0.0,65.09,57.5,103.20000000000002,2574.4492576186485,233.55,0.0,0.22,64.47,56.5,101.10000000000001,2580.105237356824,228.55,0.0,0.22,39.91,37.5,59.0,1317.138123742733,159.35,0.0,0.01,66.74,61.0,95.10000000000001,2948.422211907264,215.2,0.0,0.17,2024-06-17,15.0,unconditional,127,726,normal,111,0
86.0,2968.0,268.0,0.0,53.75,53.5,62.0,1679.5765512376713,227.45,0.0,0.0,54.42,56.0,65.0,1694.8552157156792,234.35,0.0,0.0,35.87,34.5,47.10000000000001,969.1041733861177,177.25,0.0,0.0,57.18,55.5,70.0,2153.26899806209,222.6,0.0,0.04,2024-06-17,15.0,conditioned,127,726,normal,111,0
150.0,5030.0,380.0,0.0,144.37,141.5,165.20000000000002,4423.826061683752,380.95,0.0,0.28,143.34,141.0,165.0,4400.710933736218,379.35,0.0,0.3,113.77,112.5,134.10000000000002,2510.761220469403,319.05,0.0,0.02,144.28,144.0,162.20000000000002,4592.5310849733,364.1,0.0,0.36,2024-06-20,5.0,unconditional,127,714,normal,111,0
150.0,5030.0,380.0,0.0,139.06,139.5,151.10000000000002,3443.770951005975,385.25,0.0,0.15,137.32,138.5,151.0,3412.1806348095974,378.7,0.0,0.15,110.91,112.0,128.20000000000002,2116.3023423101135,329.0,0.0,0.0,138.1,137.0,156.0,3778.5554964253206,373.2,0.0,0.2,2024-06-20,5.0,conditioned,127,714,normal,111,0
58.0,2773.0,254.0,0.0,65.8,58.5,99.0,2624.0014130525424,242.5,0.0,0.53,65.66,58.0,99.10000000000001,2601.0729034898413,237.75,0.0,0.54,38.68,37.0,55.10000000000001,1252.3122020193916,153.35,0.0,0.08,64.84,61.0,96.20000000000002,2833.972651488127,210.8,0.0,0.57,2024-06-20,15.0,unconditional,127,714,normal,111,0
58.0,2773.0,254.0,0.0,56.3,56.0,65.0,1840.1903663768658,227.85,0.0,0.43,56.38,57.0,65.0,1826.4287906601721,227.45,0.0,0.49,34.17,33.0,48.0,919.6847316973582,164.5,0.0,0.03,56.81,55.5,71.20000000000002,2209.8894878262818,211.55,0.0,0.44,2024-06-20,15.0,conditioned,127,714,normal,111,0
169.0,7902.0,408.0,0.0,142.54,140.0,163.10000000000002,4458.492314983238,390.25,0.0,0.04,141.39,140.0,165.20000000000002,4441.049370526298,392.2,0.0,0.06,112.51,113.0,125.20000000000002,2586.345135656679,329.8,0.0,0.0,143.11,142.0,162.10000000000002,4657.100314080344,382.65,0.0,0.07,2024-06-23,5.0,unconditional,136,720,normal,119,0
169.0,7902.0,408.0,0.0,135.56,136.5,146.10000000000002,3274.277398780047,374.3,0.0,0.0,134.39,134.0,149.10000000000002,3255.2730376251316,372.95,0.0,0.01,112.89,110.5,130.0,2086.216741660963,331.9,0.0,0.0,138.09,137.5,155.0,3622.169824262653,380.8,0.0,0.0,2024-06-23,5.0,conditioned,136,720,normal,119,0
89.0,5086.0,282.0,0.0,63.67,55.0,98.20000000000002,2664.8789454189823,257.55,0.0,0.2,63.72,55.5,99.0,2664.7792735113862,253.7,0.0,0.2,38.42,36.0,55.300000000000026,1344.6017753923825,181.2,0.0,0.0,63.52,58.5,97.20000000000002,2934.7016705205506,240.15,0.0,0.14,2024-06-23,15.0,unconditional,136,720,normal,119,6
89.0,5086.0,282.0,0.0,51.96,51.5,60.20000000000002,1656.8029095025943,221.05,0.0,0.0,51.13,52.0,61.0,1649.4089062392313,221.35,0.0,0.0,32.29,31.0,45.20000000000002,879.4282114758918,180.0,0.0,0.0,52.57,52.0,69.0,2006.1750885002255,229.1,0.0,0.01,2024-06-23,15.0,conditioned,136,720,normal,119,6
172.0,7839.0,412.0,0.0,140.45,137.5,162.0,4350.77208480519,371.95,0.0,0.01,140.09,141.0,159.10000000000002,4330.9861364440885,370.6,0.0,0.04,111.14,110.0,127.0,2610.9008035004254,313.8,0.0,0.0,140.8,141.0,157.40000000000003,4712.03576687658,362.9,0.0,0.04,2024-06-26,5.0,unconditional,137,703,degrade,120,0
172.0,7839.0,412.0,0.0,157.81,157.0,171.0,7476.596381546331,393.4,0.0,0.09,158.7,159.0,178.10000000000002,7545.5813962118,392.6,0.0,0.21,111.19,111.5,126.20000000000002,3806.664081725459,306.3,0.0,0.0,156.63,155.5,176.10000000000002,7461.991322681669,360.65,0.0,0.21,2024-06-26,5.0,conditioned,137,703,degrade,120,0
104.0,6042.0,299.0,0.0,65.19,57.0,98.0,2601.401763916995,239.1,0.0,0.03,65.34,59.0,95.10000000000001,2588.835832992054,239.95,0.0,0.02,38.96,38.5,57.10000000000001,1315.8064623603514,177.15,0.0,0.0,66.03,59.5,104.10000000000001,3018.256639045354,223.7,0.0,0.11,2024-06-26,15.0,unconditional,137,703,degrade,120,0
104.0,6042.0,299.0,0.0,96.76,96.5,107.40000000000003,5345.863091142959,280.2,0.0,0.21,97.79,98.0,113.10000000000001,5374.948476297353,288.15,0.0,0.33,52.42,52.0,68.0,2497.9786885760977,188.3,0.0,0.0,94.88,92.5,126.0,5581.3681853542985,247.0,0.0,0.35,2024-06-26,15.0,conditioned,137,703,degrade,120,0
149.0,5230.0,379.0,0.0,142.14,141.0,160.10000000000002,4491.030792335881,362.6,2.2934973628241835,0.3,142.36,140.0,161.10000000000002,4499.62080634211,359.85,1.6809148992023097,0.37,112.95,112.5,130.10000000000002,2623.159284531883,312.25,1.2197208819071874,0.01,141.17,141.0,159.0,4597.975549154028,357.05,3.5211700647853887,0.31,2024-06-29,5.0,unconditional,131,683,normal,115,1
149.0,5230.0,379.0,0.0,135.21,135.0,147.0,3263.3146485928355,355.7,3.72812969281876,0.08,138.39,138.0,153.0,3322.5692691703657,363.1,5.341297567386516,0.23,117.07,117.0,136.0,2165.574341477856,324.4,3.9597465060985484,0.0,139.24,140.0,154.10000000000002,3453.9179828182505,365.3,4.699279728082439,0.21,2024-06-29,5.0,conditioned,131,683,normal,115,1
82.0,3420.0,253.0,0.0,60.9,51.0,96.0,2599.706591412898,245.0,2.2934973628241835,0.23,60.72,53.0,93.10000000000001,2600.0448539741606,244.25,1.6809148992023097,0.23,36.61,33.0,55.20000000000002,1299.780384599083,184.65,1.2197208819071874,0.01,59.98,53.0,99.40000000000003,2760.598301580716,227.65,3.5211700647853887,0.18,2024-06-29,15.0,unconditional,131,683,normal,115,4
82.0,3420.0,253.0,0.0,48.34,48.0,55.10000000000001,1587.5486377375862,208.2,3.72812969281876,0.0,49.71,49.5,60.10000000000001,1610.7964866544148,219.1,5.341297567386516,0.0,30.82,30.0,44.0,817.08093802627,179.95,3.9597465060985484,0.0,47.91,46.0,65.0,1730.6653342117313,223.55,4.699279728082439,0.01,2024-06-29,15.0,conditioned,131,683,normal,115,4
156.0,3780.0,380.0,0.0,143.24,141.0,165.0,4468.930568010816,389.55,0.0,0.16,143.89,140.0,168.0,4498.323699021407,380.2,0.0,0.18,113.41,113.0,129.0,2518.412042119343,319.25,0.0,0.0,144.03,141.5,163.0,4477.744806361116,370.35,0.0,0.21,2024-07-02,5.0,unconditional,124,704,normal,109,0
156.0,3780.0,380.0,0.0,138.73,139.0,149.0,3399.1924987991456,369.95,0.0,0.01,137.76,138.0,153.0,3384.462600717122,368.9,0.0,0.06,115.44,117.0,128.0,2177.802959541432,326.1,0.0,0.0,140.42,139.0,154.10000000000002,3684.121600624433,369.9,0.0,0.09,2024-07-02,5.0,conditioned,124,704,normal,109,0
65.0,1858.0,223.0,0.0,63.72,55.0,100.0,2591.5713864517106,225.4,0.0,0.28,63.85,56.0,100.30000000000003,2603.013114728115,227.95,0.0,0.29,36.58,36.0,51.400000000000034,1202.6282273991208,161.55,0.0,0.03,61.4,58.0,88.40000000000003,2685.9753382723734,216.65,0.0,0.31,2024-07-02,15.0,unconditional,124,704,normal,109,0
65.0,1858.0,223.0,0.0,52.92,53.0,61.10000000000001,1714.0338352676056,201.15,0.0,0.04,52.64,52.0,62.0,1716.614195429339,202.65,0.0,0.06,33.47,33.0,46.0,913.1839505604813,158.0,0.0,0.0,53.46,52.0,69.0,2019.0881570476931,202.1,0.0,0.2,2024-07-02,15.0,conditioned,124,704,normal,109,0
133.0,5282.0,310.0,0.0,119.8,118.0,138.0,3742.316518688701,313.45,0.0,0.16,120.8,118.5,142.0,3769.634271415514,314.0,0.0,0.16,98.25,100.0,112.0,2298.2684544215767,269.4,0.0,0.0,118.82,117.5,135.10000000000002,3613.556098169032,301.85,0.0,0.14,2024-07-05,5.0,unconditional,135,590,degrade,118,0
133.0,5282.0,310.0,0.0,130.51,131.5,141.10000000000002,6162.013352263287,325.65,0.0,0.46,131.21,131.0,146.10000000000002,6174.733333349143,322.4,0.0,0.45,94.79,96.0,109.10000000000001,3398.1134542580844,257.2,0.0,0.0,125.45,125.0,141.0,5863.511830333699,297.9,0.0,0.28,2024-07-05,5.0,conditioned,135,590,degrade,118,0
65.0,3091.0,195.0,0.0,51.8,46.0,80.10000000000001,2069.164613757254,198.1,0.0,0.24,52.31,46.0,78.10000000000001,2087.1990725926553,205.75,0.0,0.25,32.63,30.5,49.0,1108.6909056967859,141.3,0.0,0.01,48.57,44.5,75.20000000000002,2095.2971392458376,177.05,0.0,0.18,2024-07-05,15.0,unconditional,135,590,degrade,118,0
65.0,3091.0,195.0,0.0,76.66,76.0,86.0,4114.65799561351,233.0,0.0,0.93,77.21,76.0,89.20000000000002,4151.1030566951695,234.5,0.0,0.9,44.24,45.5,57.0,2095.6772405696843,153.15,0.0,0.02,71.07,72.0,90.0,4025.8763979259293,202.55,0.0,0.66,2024-07-05,15.0,conditioned,135,590,degrade,118,0
201.0,10334.0,467.0,0.0,153.15,149.0,178.0,4782.894094751039,410.15,0.0,0.0,154.72,150.5,187.20000000000002,4833.8027253000155,402.0,0.0,0.02,124.58,124.0,142.3,2978.64758010161,352.65,0.0,0.0,155.84,154.0,177.10000000000002,5138.8568615487375,394.65,0.0,0.0,2024-07-08,5.0,unconditional,146,768,degrade,128,0
201.0,10334.0,467.0,0.0,175.59,176.5,187.0,8488.280248293073,442.9,0.0,0.0,173.03,175.0,188.0,8384.035357846507,437.25,0.0,0.03,121.34,121.0,138.0,4362.360630814315,348.8,0.0,0.0,167.39,168.0,186.10000000000002,8142.892856153393,405.0,0.0,0.0,2024-07-08,5.0,conditioned,146,768,degrade,128,0
128.0,6651.0,372.0,0.0,68.99,59.5,109.20000000000002,2822.847218018753,256.75,0.0,0.0,69.6,61.0,114.30000000000003,2849.935234330707,256.55,0.0,0.01,44.33,41.5,64.0,1522.1150623413566,183.6,0.0,0.0,70.0,62.5,108.0,3190.482313211756,230.85,0.0,0.02,2024-07-08,15.0,unconditional,146,768,degrade,128,0
128.0,6651.0,372.0,0.0,107.95,108.5,120.0,5937.846995621174,321.95,0.0,0.02,106.55,106.5,119.0,5860.448888307808,321.4,0.0,0.02,58.02,57.5,73.0,2879.3702161497813,209.15,0.0,0.0,99.19,98.0,129.20000000000002,5952.115187329128,267.05,0.0,0.12,2024-07-08,15.0,conditioned,146,768,degrade,128,0
158.0,5694.0,398.0,0.0,149.65,146.0,170.0,4795.297968443195,396.55,0.0,0.25,148.59,147.0,172.10000000000002,4774.3194461564235,395.7,0.0,0.26,117.91,117.0,134.20000000000002,2724.902396074673,333.35,0.0,0.0,149.83,148.0,173.10000000000002,4831.991496087851,382.8,0.0,0.3,2024-07-11,5.0,unconditional,133,721,normal,117,0
158.0,5694.0,398.0,0.0,142.81,144.0,154.0,3558.154767616742,384.1,0.0,0.03,142.3,141.0,162.0,3548.4444159688446,378.9,0.0,0.14,116.96,117.0,132.20000000000002,2204.8502093278507,337.05,0.0,0.0,142.98,142.5,156.0,3760.3960164866776,376.6,0.0,0.08,2024-07-11,5.0,conditioned,133,721,normal,117,0
78.0,3558.0,296.0,0.0,72.22,64.0,109.0,2981.094865258346,244.05,0.0,0.28,71.95,62.5,110.0,2979.209415833023,239.05,0.0,0.29,41.97,38.5,61.20000000000002,1400.0738532447797,175.95,0.0,0.03,68.83,63.5,102.10000000000001,3049.632257464435,230.3,0.0,0.28,2024-07-11,15.0,unconditional,133,721,normal,117,0
78.0,3558.0,296.0,0.0,57.29,58.0,64.10000000000001,1842.2509784116316,239.8,0.0,0.0,56.89,56.0,67.0,1836.290239113994,236.25,0.0,0.0,34.96,34.5,46.10000000000001,933.8342788044606,166.45,0.0,0.0,56.26,54.0,73.30000000000003,2100.751778507228,216.45,0.0,0.07,2024-07-11,15.0,conditioned,133,721,normal,117,0
183.0,9521.0,427.0,0.0,146.13,142.5,168.0,4498.120500445045,390.85,0.0,0.01,146.28,146.0,171.10000000000002,4523.234700244188,389.2,0.0,0.04,112.36,110.0,129.10000000000002,2485.4627065553896,321.7,0.0,0.0,143.79,143.0,163.0,4491.654355546854,371.35,0.0,0.0,2024-07-14,5.0,unconditional,138,714,degrade,121,0
183.0,9521.0,427.0,0.0,164.59,164.0,179.0,7816.157962791608,408.95,0.0,0.05,166.21,166.0,188.0,7879.1503811664925,412.9,0.0,0.17,115.06,116.0,134.0,3959.9849088657525,319.95,0.0,0.0,160.26,160.0,177.10000000000002,7493.880139913706,377.6,0.0,0.06,2024-07-14,5.0,conditioned,138,714,degrade,121,0
125.0,7157.0,316.0,0.0,67.83,59.0,106.20000000000002,2815.002803807215,252.3,0.0,0.0,67.9,59.0,107.10000000000001,2841.5906046671353,253.85,0.0,0.01,38.65,35.0,58.10000000000001,1252.5717987366004,170.95,0.0,0.0,65.92,60.5,98.30000000000003,2831.5675758162142,227.0,0.0,0.01,2024-07-14,15.0,unconditional,138,714,degrade,121,2
125.0,7157.0,316.0,0.0,102.27,103.0,114.0,5680.242994096014,304.8,0.0,0.0,103.76,103.0,119.0,5717.029651090398,314.05,0.0,0.04,55.55,54.0,75.0,2642.5269753644307,205.25,0.0,0.0,97.24,96.0,123.10000000000001,5578.858041440761,269.15,0.0,0.09,2024-07-14,15.0,conditioned,138,714,degrade,121,2
177.0,10527.0,422.0,0.0,125.37,124.0,144.20000000000002,3767.3666212467865,346.95,0.0,0.0,125.56,125.0,144.20000000000002,3766.3949464215034,345.2,0.0,0.0,98.28,96.5,114.20000000000002,2182.807781281451,301.2,0.0,0.0,124.12,124.0,142.0,3942.564490440325,346.9,0.0,0.0,2024-07-17,5.0,unconditional,128,660,degrade,112,0
177.0,10527.0,422.0,0.0,145.03,145.0,159.10000000000002,6827.124430789254,379.9,0.0,0.0,143.4,145.0,159.10000000000002,6766.11928929719,377.25,0.0,0.0,100.05,97.0,119.20000000000002,3594.442652519724,289.9,0.0,0.0,141.28,140.0,163.10000000000002,6887.334525620548,342.65,0.0,0.02,2024-07-17,5.0,conditioned,128,660,degrade,112,0
113.0,7647.0,287.0,0.0,57.5,50.0,90.10000000000001,2227.8877009555877,214.05,0.0,0.0,57.65,52.0,91.10000000000001,2222.809884544858,213.9,0.0,0.0,34.71,32.0,49.10000000000001,1120.3808990399211,152.55,0.0,0.0,56.39,51.5,86.10000000000001,2462.2924113134354,204.0,0.0,0.01,2024-07-17,15.0,unconditional,128,660,degrade,112,0
113.0,7647.0,287.0,0.0,89.19,88.5,101.10000000000001,4852.943449338721,271.15,0.0,0.0,88.12,89.0,100.0,4799.844503374957,272.7,0.0,0.03,48.33,47.0,67.20000000000002,2286.241277083547,175.0,0.0,0.0,85.11,82.0,116.20000000000002,4945.953374188309,236.05,0.0,0.15,2024-07-17,15.0,conditioned,128,660,degrade,112,0
199.0,12670.0,432.0,442.0,133.0,129.5,156.10000000000002,4447.7873710637,359.55,7.723294154077314,0.0,133.52,132.5,156.10000000000002,4443.4748123672125,364.0,5.572640967317272,0.0,102.5,101.0,119.0,2479.2340848289446,311.85,0.0,0.0,129.18,129.0,145.20000000000002,4317.221533117711,344.7,1.5382328601549262,0.0,2024-07-20,5.0,unconditional,137,653,degrade,120,0
199.0,12670.0,432.0,442.0,147.13,148.0,159.0,7125.489709041955,376.75,0.0,0.0,146.67,147.0,164.10000000000002,7126.642594723936,376.2,13.331683725862694,0.0,101.96,102.0,116.10000000000001,3485.1450221917876,304.9,0.0,0.0,137.3,137.0,151.20000000000002,6244.07498930845,345.85,0.0,0.0,2024-07-20,5.0,conditioned,137,653,degrade,120,0
133.0,9868.0,354.0,442.0,63.27,53.0,98.10000000000001,2750.4072631524205,246.65,1.808846369619755,0.0,63.21,53.5,99.0,2746.7655211972697,246.55,5.572640967317272,0.0,36.35,36.0,55.0,1315.0454235009001,174.3,0.0,0.0,57.71,53.5,90.30000000000003,2733.885848377075,218.3,1.8699949663055577,0.0,2024-07-20,15.0,unconditional,137,653,degrade,120,3
133.0,9868.0,354.0,442.0,90.84,90.0,102.10000000000001,5101.821657146178,279.2,0.0,0.0,90.52,90.0,103.10000000000001,5102.570308684924,284.55,3.074396943520469,0.0,48.32,47.0,66.10000000000001,2276.5353009653113,192.2,0.0,0.0,79.4,79.0,102.30000000000003,4527.389965715903,241.15,0.0,0.0,2024-07-20,15.0,conditioned,137,653,degrade,120,3
172.0,12325.0,390.0,0.0,123.87,121.5,142.10000000000002,3855.510118617841,338.75,0.0,0.0,124.95,124.0,143.10000000000002,3892.255569621626,343.45,0.0,0.0,101.3,100.0,117.0,2283.2342148797466,317.25,0.0,0.0,124.1,123.0,142.10000000000002,3837.4462302715065,347.3,0.0,0.01,2024-07-23,5.0,unconditional,122,637,degrade,107,0
172.0,12325.0,390.0,0.0,139.5,140.5,149.10000000000002,6528.265864089954,359.2,0.0,0.0,140.02,140.5,155.10000000000002,6520.868774248841,357.8,0.0,0.01,99.31,98.5,117.0,3342.213466248574,287.75,0.0,0.0,135.1,135.0,150.20000000000002,6159.9877375784645,334.2,0.0,0.0,2024-07-23,5.0,conditioned,122,637,degrade,107,0
120.0,9369.0,276.0,0.0,56.02,49.0,87.10000000000001,2210.9627475866914,207.4,0.0,0.0,56.49,50.0,87.10000000000001,2236.7175729707574,206.3,0.0,0.0,34.15,34.0,48.10000000000001,1116.316697068195,173.2,0.0,0.0,53.49,49.5,80.20000000000002,2303.148007656659,210.05,0.0,0.0,2024-07-23,15.0,unconditional,122,637,degrade,107,0
120.0,9369.0,276.0,0.0,83.14,82.5,94.0,4500.664704808311,256.0,0.0,0.0,83.49,84.0,96.10000000000001,4503.82734199481,254.6,0.0,0.0,44.6,44.0,60.0,2017.635936032933,166.7,0.0,0.0,76.49,73.5,101.10000000000001,4300.056721574285,221.6,0.0,0.0,2024-07-23,15.0,conditioned,122,637,degrade,107,0
171.0,9233.0,427.0,0.0,150.78,148.0,174.10000000000002,4653.801454172652,405.05,0.0,0.13,150.49,150.0,177.10000000000002,4667.428960741151,394.45,0.0,0.12,121.65,121.5,141.10000000000002,2788.663513407007,346.9,0.0,0.0,150.72,149.5,169.10000000000002,4712.73570231327,393.1,0.0,0.09,2024-07-26,5.0,unconditional,141,726,degrade,124,0
171.0,9233.0,427.0,0.0,169.11,170.0,184.10000000000002,8158.181764953388,429.95,0.0,0.46,168.64,169.0,185.10000000000002,8176.41601971552,428.0,0.0,0.45,117.46,119.0,136.0,4064.368979187423,329.25,0.0,0.0,164.1,163.0,182.0,7657.930935811566,385.75,0.0,0.31,2024-07-26,5.0,conditioned,141,726,degrade,124,0
124.0,7056.0,320.0,0.0,67.45,60.0,107.10000000000001,2720.1645004288994,255.8,0.0,0.0,67.56,60.0,106.10000000000001,2724.0224916241255,251.35,0.0,0.02,42.67,42.5,64.10000000000001,1379.2118373701687,181.15,0.0,0.0,68.12,63.0,103.20000000000002,2878.5773555440496,238.7,0.0,0.01,2024-07-26,15.0,unconditional,141,726,degrade,124,0
124.0,7056.0,320.0,0.0,102.8,103.0,115.10000000000001,5656.932730510466,310.75,0.0,0.02,103.35,102.0,119.10000000000001,5663.414845986108,311.65,0.0,0.03,56.31,55.0,74.10000000000001,2617.1981635084885,195.3,0.0,0.0,97.17,95.5,127.20000000000002,5500.340331355544,256.6,0.0,0.11,2024-07-26,15.0,conditioned,141,726,degrade,124,0
179.0,9578.0,404.0,0.0,147.67,147.0,169.3,4747.196510928902,389.85,0.0,0.01,146.74,146.0,166.10000000000002,4773.1238322838935,390.7,0.7978839180998761,0.06,117.69,117.0,133.40000000000003,2802.012217315059,316.75,0.0,0.0,149.29,148.5,171.3,5053.445884371697,362.45,0.0,0.05,2024-07-29,5.0,unconditional,132,713,degrade,116,0
179.0,9578.0,404.0,0.0,166.71,167.0,179.10000000000002,8094.5364854652835,401.05,0.0,0.14,164.48,165.0,182.20000000000002,8016.669924080649,408.1,0.0,0.19,113.92,113.0,132.0,3972.3836736148223,307.75,0.0,0.0,160.29,158.0,182.20000000000002,7768.89277624366,366.7,0.0,0.13,2024-07-29,5.0,conditioned,132,713,degrade,116,0
126.0,7743.0,324.0,0.0,68.6,60.0,106.10000000000001,2830.1805601483084,262.75,0.0,0.0,68.77,59.5,108.20000000000002,2854.078478517013,269.5,0.7978839180998761,0.02,42.1,40.0,62.20000000000002,1499.1307642447746,179.0,0.0,0.0,69.56,60.0,106.20000000000002,3225.3601354175084,235.35,0.0,0.04,2024-07-29,15.0,unconditional,132,713,degrade,116,0
126.0,7743.0,324.0,0.0,103.77,103.5,115.0,5717.89140748224,301.75,0.0,0.0,103.15,103.0,116.0,5694.226447953719,298.75,0.0,0.03,54.96,54.0,73.10000000000001,2601.622094786637,178.95,0.0,0.0,96.58,96.0,124.0,5639.591710832825,242.0,0.0,0.09,2024-07-29,15.0,conditioned,132,713,degrade,116,0
177.0,7908.0,437.0,0.0,142.98,140.0,166.10000000000002,4354.670821216479,395.2,0.0,0.04,141.66,139.0,169.0,4323.411798001939,393.3,0.11440702764294883,0.03,112.7,111.0,132.0,2561.298567274645,335.75,0.0,0.0,143.04,140.5,163.60000000000005,4605.070901562561,376.9,0.0,0.03,2024-08-01,5.0,unconditional,127,716,normal,111,0
177.0,7908.0,437.0,0.0,136.34,136.5,148.10000000000002,3363.2451456158706,387.3,0.0,0.0,135.77,136.5,153.0,3345.8687582596813,387.95,0.0,0.0,115.24,115.0,136.0,2240.189846109329,348.8,0.0,0.0,141.54,140.0,160.10000000000002,3841.49129491794,385.7,0.0,0.02,2024-08-01,5.0,conditioned,127,716,normal,111,0
100.0,5220.0,337.0,0.0,66.69,59.0,104.10000000000001,2602.774282539757,254.5,0.0,0.16,65.56,58.0,100.20000000000002,2581.3558967686295,258.15,0.11440702764294883,0.12,39.54,39.0,57.10000000000001,1309.976444878053,182.5,0.0,0.0,64.72,58.0,98.10000000000001,2873.875294257332,227.5,0.0,0.09,2024-08-01,15.0,unconditional,127,716,normal,111,3
100.0,5220.0,337.0,0.0,56.51,56.0,66.0,1778.4262383986436,239.75,0.0,0.0,56.18,56.0,67.10000000000001,1773.0908565886648,240.55,0.0,0.0,37.86,36.5,51.10000000000001,1002.8484238336347,186.7,0.0,0.0,59.42,58.5,76.10000000000001,2199.0061221329456,235.25,0.0,0.01,2024-08-01,15.0,conditioned,127,716,normal,111,3
170.0,9815.0,373.0,0.0,115.4,113.0,132.20000000000002,3473.9959082069436,320.2,0.0,0.0,115.11,114.5,134.0,3464.594321117499,324.85,0.0,0.0,94.11,94.0,108.10000000000001,2125.8188449264844,282.7,0.0,0.0,116.13,116.0,131.0,3599.390151027929,315.3,0.0,0.0,2024-08-04,5.0,unconditional,122,600,degrade,107,0
170.0,9815.0,373.0,0.0,131.3,131.0,145.10000000000002,6195.262542561047,345.85,0.0,0.0,131.71,132.0,151.0,6182.552087523212,340.15,0.005665722755190927,0.0,92.7,93.5,108.0,3167.101113936425,268.55,0.0,0.0,126.27,126.0,141.10000000000002,5760.802783283639,317.5,0.0,0.0,2024-08-04,5.0,conditioned,122,600,degrade,107,0
115.0,7353.0,317.0,0.0,51.99,46.5,82.10000000000001,2080.553046022943,198.05,0.0,0.0,51.91,46.0,82.30000000000003,2077.40502846363,197.45,0.0,0.0,33.84,33.0,48.10000000000001,1137.9950251379184,151.55,0.0,0.0,51.5,49.5,78.10000000000001,2236.6879447105284,187.7,0.0,0.0,2024-08-04,15.0,unconditional,122,600,degrade,107,0
115.0,7353.0,317.0,0.0,81.92,83.0,92.0,4540.539315205871,250.1,0.0,0.0,81.59,82.5,96.0,4537.28992202861,243.7,0.005665722755190927,0.0,45.84,44.0,61.10000000000001,2144.971907465297,157.2,0.0,0.0,74.06,72.5,96.0,4153.667186574077,210.3,0.0,0.01,2024-08-04,15.0,conditioned,122,600,degrade,107,0
131.0,5301.0,354.0,0.0,140.22,139.0,162.10000000000002,4359.194263640705,372.55,0.0,0.76,140.85,139.5,164.40000000000003,4379.091260915711,368.0,0.0,0.73,111.68,112.0,127.0,2492.653169521524,315.75,0.0,0.05,143.72,141.5,158.20000000000002,4539.820580983249,362.3,0.0,0.87,2024-08-07,5.0,unconditional,118,707,degrade,103,0
131.0,5301.0,354.0,0.0,162.55,161.0,177.0,7914.821180728983,406.75,0.05087698759815566,1.0,162.03,162.0,183.10000000000002,7903.787206413066,404.55,0.15,0.98,109.99,110.0,129.0,3777.357080475358,305.55,0.0,0.09,157.62,157.0,175.0,7535.135256874515,367.0,0.0,0.98,2024-08-07,5.0,conditioned,118,707,degrade,103,0
67.0,3148.0,223.0,39.0,65.33,59.0,101.0,2615.7239952742475,234.1,0.0,0.26,65.65,58.0,100.20000000000002,2627.7524546775444,237.5,0.0,0.29,38.67,38.0,55.0,1245.4143278526828,182.45,0.0,0.04,64.0,58.0,99.10000000000001,2783.197261307419,229.75,0.0,0.35,2024-08-07,15.0,unconditional,118,707,degrade,103,7
67.0,3148.0,223.0,39.0,100.48,100.5,113.10000000000001,5534.8288171903705,297.35,0.05087698759815566,1.0,100.41,99.5,119.0,5525.610882427809,301.15,0.15,1.0,52.61,52.5,66.10000000000001,2412.431442819876,188.0,0.0,0.1,94.53,94.5,116.0,5341.955266319131,243.95,0.0,0.97,2024-08-07,15.0,conditioned,118,707,degrade,103,7
170.0,7266.0,404.0,0.0,146.58,145.5,164.20000000000002,4799.862255040873,384.75,0.0,0.05,147.53,145.5,173.20000000000002,4868.051086056634,388.5,1.75,0.14,115.53,114.0,137.0,2628.405494618863,323.15,0.0,0.0,143.81,145.0,161.0,4574.112398301572,363.9,0.0,0.03,2024-08-10,5.0,unconditional,135,697,normal,118,0
170.0,7266.0,404.0,0.0,140.6,141.5,151.10000000000002,3417.519795996764,376.95,0.0,0.0,143.54,143.5,159.10000000000002,3476.211688891045,387.0,0.0,0.01,119.12,119.5,133.10000000000002,2132.5344090576145,340.95,0.0,0.0,140.53,141.0,153.0,3386.6329025271143,379.65,0.0,0.0,2024-08-10,5.0,conditioned,135,697,normal,118,0
104.0,5149.0,297.0,0.0,72.01,61.0,107.10000000000001,3032.9820525297655,249.9,7.4433169069435845,0.16,72.87,62.5,111.10000000000001,3068.151534897783,256.45,7.4433169069435845,0.2,41.2,41.0,58.20000000000002,1389.2821369320345,179.1,0.5124934501833479,0.0,65.42,63.5,93.10000000000001,2895.9811653061433,231.9,0.5124934501833479,0.06,2024-08-10,15.0,unconditional,135,697,normal,118,1
104.0,5149.0,297.0,0.0,56.57,56.5,66.10000000000001,1808.9610700665282,229.15,0.43035870810925303,0.0,57.68,57.0,68.10000000000001,1837.0906717770192,231.15,0.43035870810925303,0.0,35.8,35.0,47.10000000000001,873.5643795734118,181.1,0.0,0.0,53.08,53.0,66.20000000000002,1785.686248474736,227.4,0.0,0.0,2024-08-10,15.0,conditioned,135,697,normal,118,1
129.0,5624.0,357.0,0.0,140.52,138.5,159.20000000000002,4491.220890568197,366.85,0.0,0.81,142.38,140.0,165.0,4549.052234527245,369.45,0.0,0.78,114.02,112.5,131.0,2654.3626040671347,313.8,0.0,0.16,143.09,141.0,163.0,4755.116078957988,357.9,0.0,0.88,2024-08-13,5.0,unconditional,123,704,normal,108,0
129.0,5624.0,357.0,0.0,133.33,133.0,145.10000000000002,3270.2784817746183,356.7,0.0,0.7,133.56,134.5,148.10000000000002,3280.760374686693,359.95,0.0,0.72,113.11,110.5,130.0,2190.407045875382,316.3,0.0,0.15,137.71,136.5,151.10000000000002,3743.4254011670496,353.45,0.0,0.8,2024-08-13,5.0,conditioned,123,704,normal,108,0
52.0,3704.0,230.0,0.0,67.21,59.0,99.10000000000001,2732.5836600781968,237.5,0.0,0.76,67.87,61.0,100.0,2769.58700770233,238.5,0.0,0.78,40.91,39.0,58.10000000000001,1368.1625750629883,170.45,0.0,0.16,66.81,61.0,95.0,2992.0847334888404,224.0,0.0,0.72,2024-08-13,15.0,unconditional,123,704,normal,108,7
52.0,3704.0,230.0,0.0,54.27,54.5,62.10000000000001,1684.6932714559027,218.45,0.0,0.62,54.21,54.5,66.0,1688.2510330827104,221.75,0.0,0.64,36.82,36.0,49.10000000000001,956.1721334518106,175.3,0.0,0.06,57.76,57.0,75.10000000000001,2162.470300776628,222.65,0.0,0.69,2024-08-13,15.0,conditioned,123,704,normal,108,7
158.0,5737.0,382.0,0.0,159.06,155.5,180.10000000000002,4963.756098667483,409.05,0.0,0.45,159.4,157.0,185.0,4977.50954384655,409.6,0.0,0.49,127.95,127.0,145.10000000000002,3000.6850399431582,350.6,0.0,0.04,163.83,162.5,185.0,5526.4485396176415,399.05,0.0,0.64,2024-08-16,5.0,unconditional,124,733,normal,109,0
158.0,5737.0,382.0,0.0,152.07,152.5,163.0,3695.8759641744145,401.05,0.0,0.26,150.99,151.0,167.10000000000002,3650.689844889089,397.1,0.0,0.29,127.43,127.0,145.0,2384.632883288585,352.6,0.0,0.04,157.23,156.0,174.0,4136.004211165909,396.4,0.0,0.45,2024-08-16,5.0,conditioned,124,733,normal,109,0
74.0,3224.0,236.0,0.0,71.58,61.5,106.10000000000001,2912.82602413506,255.75,0.0,0.29,71.84,62.0,108.0,2915.038478049437,261.4,0.0,0.33,44.24,42.5,62.10000000000001,1526.9329598978961,193.85,0.0,0.03,75.39,68.5,112.30000000000003,3453.467637756393,249.8,0.0,0.42,2024-08-16,15.0,unconditional,124,733,normal,109,1
74.0,3224.0,236.0,0.0,57.33,57.0,65.10000000000001,1843.640701199658,234.65,0.0,0.01,56.42,57.0,66.0,1829.0395707915432,228.6,0.0,0.03,36.79,34.0,56.10000000000001,998.2205466632361,168.15,0.0,0.01,60.6,57.0,83.10000000000001,2284.823443068032,219.4,0.0,0.22,2024-08-16,15.0,conditioned,124,733,normal,109,1
182.0,9775.0,416.0,0.0,152.43,149.5,176.10000000000002,4665.019386758268,431.2,0.0,0.05,152.23,149.5,179.0,4684.204448373711,431.9,0.0,0.08,123.0,122.5,142.10000000000002,2758.1354960812473,363.6,0.0,0.0,153.74,150.0,175.20000000000002,4759.208344720826,414.75,0.0,0.05,2024-08-19,5.0,unconditional,140,733,degrade,123,0
182.0,9775.0,416.0,0.0,171.26,172.0,183.0,8182.134936630214,436.9,0.0,0.14,171.63,172.0,190.10000000000002,8211.044432938084,447.75,0.31415268306743654,0.25,121.52,123.0,140.0,4199.512830382515,345.5,0.0,0.0,167.33,166.0,184.10000000000002,7866.81671834353,401.95,0.0,0.17,2024-08-19,5.0,conditioned,140,733,degrade,123,0
114.0,7109.0,301.0,0.0,66.58,57.5,103.10000000000001,2680.401421150005,262.2,0.0,0.02,67.24,58.0,107.20000000000002,2706.5961492852393,263.55,0.0,0.07,40.35,38.0,58.10000000000001,1359.3220611036115,189.1,0.0,0.0,64.36,57.0,99.10000000000001,2831.755775926652,235.9,0.0,0.03,2024-08-19,15.0,unconditional,140,733,degrade,123,0
114.0,7109.0,301.0,0.0,102.77,102.0,113.0,5601.678791204599,301.0,0.0,0.08,102.59,102.0,119.0,5616.61066324014,307.55,0.7323194538835764,0.14,56.56,55.0,73.0,2633.4474938405115,196.2,0.0,0.0,97.66,97.5,123.10000000000001,5510.366569800636,252.65,0.0,0.24,2024-08-19,15.0,conditioned,140,733,degrade,123,0
176.0,6855.0,417.0,0.0,157.36,155.5,179.0,4663.695251408858,406.25,0.0,0.16,158.64,157.0,181.0,4718.047815069801,415.1,0.28121308148295726,0.15,129.35,128.0,148.10000000000002,2791.058714616432,363.25,0.0,0.0,162.34,162.0,184.10000000000002,4933.328764181297,412.5,2.242734059806094,0.21,2024-08-22,5.0,unconditional,127,731,normal,111,0
176.0,6855.0,417.0,0.0,154.76,154.0,167.0,3771.8275752726854,410.15,0.0,0.02,153.88,155.0,172.0,3762.1970617943107,405.45,0.1,0.05,130.32,131.0,148.10000000000002,2371.502667470492,375.8,0.0,0.0,159.0,158.5,175.0,4037.14706198466,421.95,0.05,0.09,2024-08-22,5.0,conditioned,127,731,normal,111,0
81.0,3652.0,302.0,0.0,65.53,58.5,98.0,2584.3450757966384,262.5,0.0,0.2,66.13,58.5,104.10000000000001,2618.4726490317207,269.55,0.28121308148295726,0.2,41.17,39.5,59.10000000000001,1324.5728718770688,208.5,0.0,0.0,67.43,62.0,100.0,2917.696084988803,253.4,0.11762481431480865,0.25,2024-08-22,15.0,unconditional,127,731,normal,111,14
81.0,3652.0,302.0,0.0,57.85,58.0,68.0,1853.5458265611567,251.3,0.0,0.0,57.54,58.0,68.10000000000001,1846.856114538027,253.4,0.1,0.0,35.98,35.0,51.10000000000001,922.9935831299039,207.7,0.0,0.0,58.43,56.0,74.20000000000002,2134.6240380951854,259.75,0.05,0.06,2024-08-22,15.0,conditioned,127,731,normal,111,14
167.0,5636.0,420.0,0.0,151.47,150.5,169.20000000000002,4628.122448844899,391.45,0.0,0.17,150.06,149.5,174.20000000000002,4591.7628785683655,378.8,0.0,0.17,121.37,120.5,139.10000000000002,2691.7734391039758,331.5,0.0,0.01,157.56,157.0,175.3,5261.244092652974,389.75,0.0,0.25,2024-08-25,5.0,unconditional,119,727,normal,104,0
167.0,5636.0,420.0,0.0,144.64,145.5,155.0,3499.017426502396,387.95,0.0,0.0,146.3,147.0,165.0,3528.503264017309,380.55,0.0,0.08,122.52,121.5,142.0,2253.7660600304216,337.8,0.0,0.0,152.64,152.0,167.20000000000002,4028.9053387599793,388.8,0.0,0.14,2024-08-25,5.0,conditioned,119,727,normal,104,0
67.0,3336.0,260.0,0.0,68.44,58.0,108.0,2812.598594584976,245.15,0.0,0.33,67.83,59.0,106.10000000000001,2786.0946202990654,231.3,0.0,0.35,40.39,37.5,58.10000000000001,1347.9525925381354,184.45,0.0,0.05,71.86,63.0,108.20000000000002,3306.6514991322306,247.9,0.0,0.48,2024-08-25,15.0,unconditional,119,727,normal,104,6
67.0,3336.0,260.0,0.0,57.16,56.0,67.0,1788.1553300146616,231.05,0.0,0.15,57.23,57.5,68.10000000000001,1796.6702474887957,230.85,0.0,0.17,35.59,34.0,52.0,945.5946781706942,174.1,0.0,0.02,59.41,58.0,77.0,2260.6225846119855,230.95,0.0,0.25,2024-08-25,15.0,conditioned,119,727,normal,104,6
160.0,4585.0,344.0,0.0,128.27,128.0,145.20000000000002,3888.332470660034,336.0,0.0,0.02,127.68,127.0,145.60000000000005,3889.692178063556,327.65,0.0,0.04,103.78,104.0,120.10000000000001,2354.865064513253,284.25,0.0,0.0,129.25,128.0,145.0,4047.166986261521,318.95,0.0,0.0,2024-08-28,5.0,unconditional,130,616,normal,114,0
160.0,4585.0,344.0,0.0,124.2,125.0,134.0,2954.606765521399,328.25,0.0,0.0,124.28,123.0,137.10000000000002,2947.0134305521246,326.9,0.0,0.0,104.75,104.0,122.0,1933.1724486626872,294.15,0.0,0.0,125.66,124.0,141.10000000000002,3192.423500679997,323.4,0.0,0.0,2024-08-28,5.0,conditioned,130,616,normal,114,0
59.0,3136.0,200.0,0.0,55.47,49.0,83.10000000000001,2223.065927315676,201.35,0.0,0.26,55.79,47.5,81.20000000000002,2231.570803391506,199.55,0.0,0.28,34.92,33.0,51.20000000000002,1166.7087735991654,136.4,0.0,0.02,55.03,51.0,82.30000000000003,2430.1279017717334,182.45,0.0,0.35,2024-08-28,15.0,unconditional,130,616,normal,114,0
59.0,3136.0,200.0,0.0,46.97,47.0,54.10000000000001,1476.9431105334047,186.6,0.0,0.04,46.81,47.0,55.10000000000001,1470.3602635609618,185.9,0.0,0.03,29.79,29.0,41.20000000000002,786.94566982854,132.4,0.0,0.0,46.4,45.5,60.20000000000002,1717.5782507915774,170.35,0.0,0.15,2024-08-28,15.0,conditioned,130,616,normal,114,0
123.0,5606.0,329.0,0.0,89.7,87.0,109.0,2818.809477867994,259.35,0.13445986074260646,0.0,89.08,88.5,105.0,2799.2411850475555,257.05,12.95585207383382,0.0,70.36,69.5,83.10000000000001,1621.6681487118447,209.75,0.0,0.0,88.19,86.5,101.10000000000001,2688.8670544322185,236.2,0.3710632191128525,0.0,2024-08-31,5.0,unconditional,88,466,normal,77,0
123.0,5606.0,329.0,0.0,84.18,84.5,92.0,2055.7074087602095,236.75,0.0,0.0,83.84,83.0,93.0,2042.546136137178,235.4,0.0,0.0,70.17,69.0,80.10000000000001,1312.7936148185213,204.9,0.0,0.0,85.34,86.0,95.0,2122.9946406785434,229.0,0.0,0.0,2024-08-31,5.0,conditioned,88,466,normal,77,0
72.0,3711.0,230.0,0.0,39.29,34.5,61.0,1613.0646346002593,164.35,0.13445986074260646,0.0,38.84,34.0,60.0,1599.4514898914924,162.05,10.795043282014603,0.01,24.42,23.0,36.10000000000001,812.0441926038313,120.4,0.0,0.0,37.12,33.0,55.400000000000034,1576.0998045161675,147.8,0.7216413154536212,0.02,2024-08-31,15.0,unconditional,88,466,normal,77,7
72.0,3711.0,230.0,0.0,31.51,31.0,38.0,1026.4574671905154,138.25,0.0,0.0,31.36,31.0,38.10000000000001,1019.7792572963203,134.6,0.0,0.0,20.37,19.0,28.200000000000017,550.7231258774841,109.3,0.0,0.0,30.07,29.0,41.0,1111.8776229195842,134.3,0.0,0.0,2024-08-31,15.0,conditioned,88,466,normal,77,7
144.0,4234.0,358.0,0.0,144.1,141.0,168.0,4903.457015450154,372.8,0.0,0.45,145.43,145.0,171.10000000000002,4937.400076287346,378.45,0.051134201221810824,0.51,114.19,115.0,128.10000000000002,2673.943404935122,319.35,0.0,0.01,145.22,143.5,164.0,4940.21512926627,363.8,0.0,0.5,2024-09-03,5.0,unconditional,121,702,normal,106,0
144.0,4234.0,358.0,0.0,135.04,136.0,146.0,3365.287447183943,355.9,0.0,0.15,134.33,133.0,153.20000000000002,3352.8935952082143,360.15,0.0,0.26,113.47,113.0,135.0,2171.0910275285796,331.15,0.0,0.02,138.51,139.0,154.3,3688.31190946271,373.2,0.0,0.34,2024-09-03,5.0,conditioned,121,702,normal,106,0
59.0,2290.0,229.0,0.0,69.84,56.0,106.0,2970.3954647521423,233.8,0.0,0.46,70.57,59.0,108.20000000000002,2999.118254438037,239.6,0.051134201221810824,0.51,40.37,38.0,57.20000000000002,1401.9362933012083,151.8,0.0,0.1,68.61,64.0,99.10000000000001,3180.776775415055,202.35,0.0,0.63,2024-09-03,15.0,unconditional,121,702,normal,106,1
59.0,2290.0,229.0,0.0,53.9,54.0,61.10000000000001,1726.9743983161277,202.2,0.0,0.21,53.4,54.0,61.10000000000001,1717.009496864236,207.4,0.0,0.2,35.23,34.0,48.0,943.9451041773137,172.15,0.0,0.01,56.28,57.0,71.0,2084.0927497370067,212.9,0.0,0.44,2024-09-03,15.0,conditioned,121,702,normal,106,1
154.0,3996.0,370.0,0.0,162.11,158.5,183.20000000000002,5233.371217296613,412.2,0.0,0.67,161.08,158.5,182.20000000000002,5192.061535046537,415.65,0.0,0.63,127.83,128.5,147.10000000000002,2994.859117807768,355.3,0.0,0.04,164.3,161.0,186.10000000000002,5617.45754238885,407.7,0.0,0.7,2024-09-06,5.0,unconditional,129,770,normal,113,0
154.0,3996.0,370.0,0.0,154.9,154.0,168.0,3790.576646918712,396.55,0.0,0.51,154.76,156.0,175.0,3805.3250494143485,396.55,0.0,0.58,127.88,127.0,150.10000000000002,2308.0762173342646,341.8,0.0,0.07,155.64,154.5,172.0,4080.9799111552584,389.7,0.0,0.54,2024-09-06,5.0,conditioned,129,770,normal,113,0
55.0,2753.0,210.0,0.0,80.49,70.0,119.0,3312.039388280572,269.8,0.0,0.96,80.46,69.0,116.10000000000001,3290.0142383694592,278.35,0.0,0.94,47.0,45.0,72.0,1651.5797770868583,199.15,0.0,0.24,80.9,74.0,130.20000000000002,3791.260336461876,254.7,0.0,0.85,2024-09-06,15.0,unconditional,129,770,normal,113,0
55.0,2753.0,210.0,0.0,65.59,67.0,76.0,2045.7434392123603,247.0,0.0,0.87,65.53,65.0,76.10000000000001,2052.2017410155768,252.9,0.0,0.89,39.59,37.0,53.10000000000001,988.9826264955254,167.65,0.0,0.09,64.78,63.0,83.0,2356.7861048498858,220.8,0.0,0.73,2024-09-06,15.0,conditioned,129,770,normal,113,0
177.0,6605.0,485.0,0.0,168.83,165.0,186.40000000000003,5332.689174301676,430.3,0.0,0.28,169.48,169.0,193.0,5338.274793674638,430.65,0.0,0.35,136.51,137.0,155.20000000000002,3283.304867547716,374.3,0.0,0.0,175.38,173.0,197.20000000000002,6042.747900222315,424.55,0.0,0.42,2024-09-09,5.0,unconditional,131,780,normal,115,0
177.0,6605.0,485.0,0.0,162.66,163.5,173.0,3992.1548929340042,426.5,0.0,0.05,163.56,164.0,185.10000000000002,4025.8827682484343,428.05,0.0,0.16,138.66,138.0,159.0,2704.897884549808,375.45,0.0,0.0,168.27,168.0,184.10000000000002,4526.709806888048,424.6,0.0,0.32,2024-09-09,5.0,conditioned,131,780,normal,115,0
90.0,4125.0,319.0,0.0,79.25,70.0,118.10000000000001,3202.3379829611736,272.95,0.0,0.27,79.62,70.5,120.10000000000001,3201.7559905843978,269.0,0.0,0.27,48.46,45.5,72.10000000000001,1777.535126170449,202.9,0.0,0.01,82.06,71.5,137.10000000000002,3881.30982012953,266.2,0.0,0.29,2024-09-09,15.0,unconditional,131,780,normal,115,2
90.0,4125.0,319.0,0.0,64.57,64.5,74.0,2058.4220301813293,253.05,0.0,0.0,65.32,65.0,78.0,2077.424944417291,252.85,0.0,0.01,43.41,43.5,62.0,1177.8064812278526,190.3,0.0,0.0,68.38,66.0,93.10000000000001,2509.959858035345,248.15,0.0,0.14,2024-09-09,15.0,conditioned,131,780,normal,115,2
173.0,5426.0,430.0,0.0,165.69,161.0,189.10000000000002,5192.2690288299345,428.6,0.0,0.29,164.76,163.0,193.0,5187.520271404285,432.05,0.0,0.32,130.94,130.0,154.0,2989.6496302043083,371.4,0.0,0.0,166.17,164.0,190.10000000000002,5478.21297294498,424.4,0.0,0.35,2024-09-12,5.0,unconditional,133,773,normal,117,0
173.0,5426.0,430.0,0.0,156.89,156.0,170.0,3794.5755041114735,415.85,0.0,0.03,158.2,158.5,176.10000000000002,3826.141496533682,424.75,0.0,0.15,133.16,136.0,154.10000000000002,2553.312867712362,362.15,0.0,0.0,161.44,162.0,181.10000000000002,4298.018288517073,411.3,0.0,0.19,2024-09-12,5.0,conditioned,133,773,normal,117,0
73.0,3441.0,231.0,0.0,78.11,67.0,119.10000000000001,3202.053157973702,268.95,0.0,0.34,77.54,66.0,120.60000000000005,3201.3183476847003,273.95,0.0,0.36,46.28,43.0,67.10000000000001,1558.506402402433,197.6,0.0,0.08,77.11,71.0,116.10000000000001,3473.8243737619377,252.3,0.0,0.48,2024-09-12,15.0,unconditional,133,773,normal,117,0
73.0,3441.0,231.0,0.0,61.29,61.0,68.10000000000001,1961.4329402950132,243.0,0.0,0.06,61.91,62.5,71.10000000000001,1979.2484235872992,244.05,0.0,0.09,40.74,38.0,57.0,1080.7042700805766,172.8,0.0,0.01,64.21,64.0,86.0,2373.7711550833565,218.65,0.0,0.22,2024-09-12,15.0,conditioned,133,773,normal,117,0
138.0,4705.0,386.0,0.0,161.16,160.0,182.20000000000002,4975.942275884972,423.2,0.0,0.98,161.29,158.5,185.20000000000002,4960.202052144252,426.2,0.2295853838556127,0.95,128.28,129.0,147.10000000000002,2926.763211900898,359.95,0.0,0.31,161.89,161.0,177.0,5305.5482616873205,416.25,0.0,0.95,2024-09-15,5.0,unconditional,135,777,normal,118,0
138.0,4705.0,386.0,0.0,155.66,154.5,166.10000000000002,3818.002724882726,418.4,0.0,0.98,154.09,152.0,172.3,3788.016900652686,424.55,0.0,0.86,128.12,129.0,148.10000000000002,2370.002227751253,376.0,0.0,0.28,157.04,158.0,173.0,4236.456680019356,428.35,0.0,0.95,2024-09-15,5.0,conditioned,135,777,normal,118,0
64.0,3453.0,228.0,0.0,77.31,68.0,115.10000000000001,3043.8024365217225,273.6,0.0,0.65,77.14,68.5,116.20000000000002,3038.693762293231,271.8,0.2295853838556127,0.66,45.44,43.0,63.10000000000001,1565.2182679944424,207.15,0.0,0.1,76.18,70.0,111.20000000000002,3379.2886835726995,266.7,0.0,0.62,2024-09-15,15.0,unconditional,135,777,normal,118,2
64.0,3453.0,228.0,0.0,64.68,64.0,75.0,2053.984139827314,252.05,0.0,0.56,64.0,64.0,76.0,2044.8994307367172,256.45,0.0,0.54,39.59,39.0,54.10000000000001,1032.9688332039818,196.75,0.0,0.01,64.89,63.5,82.10000000000001,2433.8431891826317,245.6,0.0,0.5,2024-09-15,15.0,conditioned,135,777,normal,118,2
94.0,1846.0,260.0,0.0,123.31,121.0,139.10000000000002,4053.3309961962136,320.55,0.0,1.0,123.81,122.0,146.10000000000002,4064.7013578534365,321.95,0.0,1.0,99.11,98.0,115.20000000000002,2360.4962986172623,260.95,0.0,0.65,124.84,123.5,141.3,4190.968734551249,306.55,0.0,1.0,2024-09-18,5.0,unconditional,121,610,normal,106,0
94.0,1846.0,260.0,0.0,118.74,118.5,129.0,2820.1664893776033,310.25,0.0,1.0,120.63,120.0,134.0,2855.5411194232897,312.2,0.0,1.0,102.01,101.0,118.10000000000001,1907.869516649794,272.95,0.0,0.74,120.93,120.0,139.0,3085.5095463559514,303.2,0.0,1.0,2024-09-18,5.0,conditioned,121,610,normal,106,0
21.0,795.0,112.0,0.0,56.29,48.0,82.20000000000002,2402.6017533508293,205.55,0.0,1.0,56.62,49.5,82.10000000000001,2417.6466278286334,202.3,0.0,1.0,33.62,32.0,50.0,1150.717107435553,131.8,0.0,0.89,55.83,54.5,80.0,2553.5288965158197,178.45,0.0,1.0,2024-09-18,15.0,unconditional,121,610,normal,106,3
21.0,795.0,112.0,0.0,44.4,44.0,53.0,1384.2302058270072,180.7,0.0,1.0,45.04,44.0,54.10000000000001,1397.9924252661137,185.2,0.0,1.0,29.68,28.0,42.10000000000001,771.1423903823279,134.75,0.0,0.88,44.78,42.0,61.0,1602.7667435934884,172.5,0.0,1.0,2024-09-18,15.0,conditioned,121,610,normal,106,3
120.0,2928.0,333.0,0.0,127.32,127.0,143.0,3673.676378499654,331.2,0.0,0.73,124.61,124.5,141.0,3607.985586355427,328.65,0.0,0.65,102.08,101.0,120.0,2028.484308562685,281.45,0.0,0.11,123.67,123.5,140.0,3479.3275885757403,324.9,0.0,0.65,2024-09-21,5.0,unconditional,129,606,normal,113,0
120.0,2928.0,333.0,0.0,123.38,124.0,133.0,2930.081355155901,324.15,0.0,0.71,123.28,123.5,138.0,2931.111858113628,329.85,0.0,0.66,103.74,103.5,123.0,1908.6517869721786,288.3,0.0,0.15,123.23,122.0,139.10000000000002,3107.3444897618324,321.35,0.0,0.57,2024-09-21,5.0,conditioned,129,606,normal,113,0
44.0,1736.0,145.0,0.0,54.79,49.0,83.30000000000003,2053.352126083222,201.45,0.0,0.77,54.08,48.0,85.0,2020.6343712582257,198.4,0.0,0.72,32.32,31.0,44.10000000000001,967.9926056615944,143.7,0.0,0.12,50.79,48.0,71.0,2010.0135182522783,189.55,0.0,0.65,2024-09-21,15.0,unconditional,129,606,normal,113,0
44.0,1736.0,145.0,0.0,49.14,49.0,57.0,1464.8906936583373,186.1,0.0,0.83,48.87,49.0,59.0,1464.1446931544824,186.15,0.0,0.76,31.74,29.0,43.10000000000001,824.1177137579862,144.3,0.0,0.1,48.0,46.0,63.10000000000001,1692.955589182674,177.7,0.0,0.62,2024-09-21,15.0,conditioned,129,606,normal,113,0
97.0,2712.0,261.0,0.0,122.33,119.0,142.10000000000002,3827.0855457007688,310.75,0.0,0.99,121.66,119.0,143.20000000000002,3816.3359750739933,313.4,0.0,0.96,98.23,99.0,113.10000000000001,2354.751469866975,272.7,0.0,0.57,122.36,120.5,139.0,4013.2256104850744,302.1,0.0,0.98,2024-09-24,5.0,unconditional,120,600,degrade,105,0
97.0,2712.0,261.0,0.0,140.06,140.0,150.10000000000002,6679.220819150505,337.55,0.0,1.0,138.05,138.5,154.20000000000002,6593.285341511943,331.85,0.0,1.0,94.47,95.0,112.0,3390.3570044562343,260.4,0.0,0.46,133.93,134.0,151.0,6564.734137015998,307.85,0.0,1.0,2024-09-24,5.0,conditioned,120,600,degrade,105,0
31.0,1402.0,119.0,0.0,52.68,46.0,81.20000000000002,2111.9150618026283,195.45,0.0,0.99,52.54,46.5,82.10000000000001,2115.9562577659995,197.9,0.0,0.96,32.72,30.0,50.0,1121.9141938322496,145.1,0.0,0.46,52.07,46.0,81.10000000000001,2303.6129278928092,179.75,0.0,0.94,2024-09-24,15.0,unconditional,120,600,degrade,105,4
31.0,1402.0,119.0,0.0,81.41,81.0,92.0,4362.738671763707,243.7,0.0,1.0,80.3,79.0,92.10000000000001,4317.620481130706,241.8,0.0,1.0,43.26,43.5,56.10000000000001,2094.0263993703134,156.85,0.0,0.9,75.76,74.5,95.0,4428.989302994358,204.3,0.0,1.0,2024-09-24,15.0,conditioned,120,600,degrade,105,4
184.0,14402.0,402.0,0.0,125.03,122.0,147.0,4368.93766471447,332.3,0.0,0.0,124.26,124.0,148.0,4353.613623675762,334.05,0.0,0.0,100.53,99.0,115.0,2603.8594818543033,267.5,0.0,0.0,122.12,121.0,139.0,4010.1251093369133,305.85,0.0,0.0,2024-09-27,5.0,unconditional,132,590,degrade,116,0
184.0,14402.0,402.0,0.0,141.68,142.0,155.0,6985.352587478206,345.7,0.0,0.0,139.74,140.5,154.10000000000002,6923.909403509843,345.55,0.0,0.0,95.26,94.0,113.10000000000001,3515.6713188233653,267.0,0.0,0.0,125.96,126.0,142.0,5945.11390337437,308.2,0.0,0.0,2024-09-27,5.0,conditioned,132,590,degrade,116,0
155.0,10773.0,348.0,0.0,63.98,53.0,96.0,2808.2204136831833,226.75,0.0,0.0,63.7,53.0,96.10000000000001,2801.614368293729,228.75,0.0,0.0,39.37,40.0,55.10000000000001,1468.3935693765611,155.0,0.0,0.0,57.6,54.5,85.10000000000001,2547.1873728030514,192.85,0.0,0.0,2024-09-27,15.0,unconditional,132,590,degrade,116,1
155.0,10773.0,348.0,0.0,92.13,91.5,102.0,5095.092023601145,253.1,0.0,0.0,91.22,90.5,105.0,5037.160059243383,259.65,0.0,0.0,48.97,49.5,63.10000000000001,2390.9978638258945,164.8,0.0,0.0,76.56,77.0,96.30000000000003,4410.0555396682785,204.2,0.0,0.0,2024-09-27,15.0,conditioned,132,590,degrade,116,1
173.0,7083.0,441.0,0.0,164.95,164.5,185.0,5422.140065252379,424.6,0.0,0.34,164.48,166.0,192.10000000000002,5380.7411815672785,423.4,0.0,0.31,129.1,126.0,149.20000000000002,3028.555790268157,368.75,0.0,0.01,165.28,162.5,189.40000000000003,5568.737406511437,422.3,0.0,0.36,2024-09-30,5.0,unconditional,137,764,normal,120,0
173.0,7083.0,441.0,0.0,157.37,157.0,170.0,3916.3309382723774,423.5,0.0,0.04,157.39,157.5,180.0,3922.3690405231323,420.15,0.0,0.15,131.42,130.5,153.3,2444.260751081362,370.3,0.0,0.0,161.17,159.0,180.0,4264.249627287354,418.8,0.0,0.23,2024-09-30,5.0,conditioned,137,764,normal,120,0
79.0,4575.0,258.0,0.0,81.54,71.0,120.10000000000001,3410.384830009681,272.2,0.0,0.36,80.58,68.5,121.20000000000002,3382.5344190094283,278.95,0.0,0.4,47.12,45.0,67.50000000000004,1594.6968963147385,198.6,0.0,0.08,78.93,72.5,114.20000000000002,3555.460309344973,258.05,0.0,0.4,2024-09-30,15.0,unconditional,137,764,normal,120,0
79.0,4575.0,258.0,0.0,64.23,63.5,74.0,2039.5332855590273,248.3,0.0,0.03,64.23,64.0,76.0,2041.5051177200792,247.15,0.0,0.07,40.35,39.0,54.400000000000034,1040.939008044841,175.75,0.0,0.0,65.87,66.0,83.0,2384.1279454388637,236.55,0.0,0.17,2024-09-30,15.0,conditioned,137,764,normal,120,0
160.0,4062.0,383.0,0.0,160.44,157.0,182.0,5088.189950096349,425.4,0.0,0.41,160.01,158.5,192.10000000000002,5113.058951437013,409.4,0.0,0.49,126.88,127.0,147.0,2919.3637378706417,348.05,0.0,0.02,164.43,162.5,186.0,5576.639295099336,410.25,0.0,0.57,2024-10-03,5.0,unconditional,123,764,normal,108,0
160.0,4062.0,383.0,0.0,155.29,156.0,168.0,3802.5942668086827,412.1,0.0,0.36,156.41,156.5,172.10000000000002,3821.187211622344,413.8,0.0,0.42,132.73,132.5,154.0,2503.776373855764,360.85,0.0,0.05,161.31,160.5,179.10000000000002,4296.626533691843,409.05,0.0,0.55,2024-10-03,5.0,conditioned,123,764,normal,108,0
74.0,1951.0,287.0,0.0,78.19,69.0,118.0,3191.6228512320995,264.2,0.0,0.36,78.2,69.0,119.20000000000002,3230.03561685163,258.85,0.0,0.36,46.92,44.5,70.0,1564.6235286679741,181.65,0.0,0.06,81.2,75.0,120.20000000000002,3664.9414360310698,256.25,0.0,0.52,2024-10-03,15.0,unconditional,123,764,normal,108,0
74.0,1951.0,287.0,0.0,65.93,66.0,76.0,2058.675588372382,247.5,0.0,0.13,65.61,66.0,77.0,2057.414248118135,253.9,0.0,0.17,42.12,42.0,55.10000000000001,1100.13538023348,186.7,0.0,0.0,67.97,66.5,85.0,2516.962875158814,234.55,0.0,0.36,2024-10-03,15.0,conditioned,123,764,normal,108,0
159.0,5151.0,408.0,0.0,162.8,161.5,182.3,5116.310643718327,421.85,0.0,0.58,162.92,162.5,184.10000000000002,5120.063800048581,418.3,0.0,0.59,133.57,131.5,157.0,3068.4148245391752,362.15,0.0,0.07,168.05,168.0,190.0,5564.853606443907,415.3,0.0,0.7,2024-10-06,5.0,unconditional,127,765,normal,111,0
159.0,5151.0,408.0,0.0,156.27,156.0,170.10000000000002,3786.245158784033,407.7,0.0,0.42,157.81,159.5,178.0,3811.2503869754714,414.2,0.0,0.53,134.95,134.0,159.0,2517.1727912049537,358.9,0.0,0.11,162.54,160.0,182.10000000000002,4288.5365282866105,411.75,0.0,0.58,2024-10-06,5.0,conditioned,127,765,normal,111,0
81.0,3270.0,281.0,0.0,78.2,66.0,118.10000000000001,3192.3276641997554,265.5,0.0,0.29,78.3,68.0,121.0,3191.182159115413,275.35,0.0,0.32,48.04,46.0,66.20000000000002,1650.2635967710949,198.55,0.0,0.03,80.55,74.5,118.20000000000002,3689.413549110593,256.1,0.0,0.4,2024-10-06,15.0,unconditional,127,765,normal,111,0
81.0,3270.0,281.0,0.0,64.36,65.0,74.0,2036.126642714152,249.65,0.0,0.02,64.69,64.0,76.0,2048.5858508162196,251.3,0.0,0.06,43.31,42.0,61.0,1123.6688059494604,186.3,0.0,0.01,68.25,66.0,87.20000000000002,2511.638988833709,245.3,0.0,0.18,2024-10-06,15.0,conditioned,127,765,normal,111,0
124.0,2632.0,332.0,0.0,130.11,128.5,151.10000000000002,4216.752241010806,338.3,0.0,0.65,129.78,128.0,146.10000000000002,4177.156440781118,332.7,0.0,0.63,102.23,101.0,118.0,2369.252575208999,293.95,0.0,0.04,132.1,130.0,148.40000000000003,4559.149995643307,334.9,0.0,0.75,2024-10-09,5.0,unconditional,121,688,normal,106,0
124.0,2632.0,332.0,0.0,125.59,125.0,134.10000000000002,3143.0276496215415,332.3,0.0,0.58,124.72,125.0,140.20000000000002,3115.4688972443105,323.8,0.0,0.57,102.15,102.0,117.0,1944.0896371843794,288.2,0.0,0.02,127.62,126.0,143.0,3647.0622221006565,328.05,0.0,0.62,2024-10-09,5.0,conditioned,121,688,normal,106,0
38.0,1366.0,191.0,0.0,59.47,50.0,94.20000000000002,2504.1045569020052,190.85,0.0,0.98,59.29,51.0,94.0,2487.436721410308,192.0,0.0,0.96,33.85,30.0,48.10000000000001,1142.2137242245271,159.8,0.0,0.29,58.42,52.0,98.30000000000003,2721.66989298229,200.0,0.0,0.85,2024-10-09,15.0,unconditional,121,688,normal,106,0
38.0,1366.0,191.0,0.0,47.55,48.0,54.0,1527.1231729909257,189.15,0.0,0.93,47.03,47.0,57.10000000000001,1521.571034959923,184.75,0.0,0.9,29.48,29.0,42.0,795.0688300380775,150.55,0.0,0.19,49.57,48.5,66.0,2021.7764174014787,194.2,0.0,0.86,2024-10-09,15.0,conditioned,121,688,normal,106,0
116.0,2871.0,304.0,0.0,119.78,118.0,139.10000000000002,3747.152535593259,321.8,0.0,0.61,121.17,119.5,144.0,3800.285300724279,329.3,0.0,0.64,97.46,97.0,113.0,2256.3088532690635,274.9,0.0,0.09,122.3,123.5,140.0,4018.011200950269,313.25,0.0,0.67,2024-10-12,5.0,unconditional,124,635,normal,109,0
116.0,2871.0,304.0,0.0,114.28,115.0,125.0,2748.1699269336173,305.95,0.0,0.46,113.32,112.0,128.0,2723.4770109907217,303.8,0.0,0.39,95.53,95.5,113.10000000000001,1798.2241134580222,267.6,0.0,0.05,117.15,116.0,132.0,3197.9595051685083,303.55,0.0,0.55,2024-10-12,5.0,conditioned,124,635,normal,109,0
38.0,1292.0,166.0,0.0,55.65,48.0,86.0,2258.2445503813256,202.35,0.0,0.89,56.51,48.0,89.0,2292.100426717158,208.0,0.0,0.92,34.56,34.0,47.20000000000002,1136.8371737530556,143.85,0.0,0.38,56.22,51.5,85.30000000000003,2489.0773417269743,190.2,0.0,0.85,2024-10-12,15.0,unconditional,124,635,normal,109,0
38.0,1292.0,166.0,0.0,44.59,44.0,53.10000000000001,1386.5764108655699,175.95,0.0,0.86,44.28,43.0,54.0,1375.6717165889736,178.8,0.0,0.8,28.97,28.0,40.0,758.923256297879,121.75,0.0,0.17,47.24,46.0,61.0,1814.4296382591422,162.25,0.0,0.8,2024-10-12,15.0,conditioned,124,635,normal,109,0
112.0,2875.0,310.0,0.0,138.74,136.0,159.3,4433.975256721142,354.15,0.0,0.99,138.81,135.0,162.20000000000002,4450.898065356921,358.9,0.0,0.98,108.66,110.0,127.20000000000002,2619.006960865233,309.15,0.0,0.45,140.75,137.0,167.10000000000002,4992.75033117983,352.7,0.0,0.98,2024-10-15,5.0,unconditional,123,726,normal,108,0
112.0,2875.0,310.0,0.0,131.61,132.0,143.10000000000002,3337.1078996474353,346.2,0.0,0.98,132.14,132.0,149.10000000000002,3342.1509635611,354.65,0.0,0.95,109.88,108.0,127.30000000000003,2077.8589743974726,292.3,0.0,0.43,135.42,135.0,151.10000000000002,3735.1841042557876,331.95,0.0,0.97,2024-10-15,5.0,conditioned,123,726,normal,108,0
36.0,1808.0,185.0,0.0,63.06,55.0,99.20000000000002,2643.67894797436,230.9,0.0,0.99,63.21,55.0,102.10000000000001,2653.3771671033005,236.75,0.0,0.98,37.37,34.0,60.10000000000001,1339.6328155394547,174.9,0.0,0.46,65.1,56.0,110.20000000000002,3144.8435242872615,224.8,0.0,0.92,2024-10-15,15.0,unconditional,123,726,normal,108,1
36.0,1808.0,185.0,0.0,51.64,52.0,59.0,1692.7002204336386,213.7,0.0,0.99,51.58,51.0,60.10000000000001,1689.423484763862,212.45,0.0,0.99,31.87,32.0,43.0,844.1255674714058,140.65,0.0,0.31,52.96,51.0,69.20000000000002,2038.4469952848597,191.05,0.0,0.94,2024-10-15,15.0,conditioned,123,726,normal,108,1
134.0,3865.0,344.0,0.0,152.7,149.0,179.20000000000002,5230.651795008575,394.55,0.0,0.9,154.23,152.0,177.20000000000002,5277.499619983235,399.2,0.0,0.85,121.61,121.0,140.40000000000003,2998.9406332869867,340.8,0.0,0.19,156.68,156.0,177.40000000000003,5568.6284012418355,391.35,0.0,0.93,2024-10-18,5.0,unconditional,131,766,normal,115,0
134.0,3865.0,344.0,0.0,142.46,142.5,155.0,3645.437302520977,379.45,0.0,0.87,143.53,141.0,163.10000000000002,3671.9783948007985,386.55,0.0,0.76,120.3,120.5,137.20000000000002,2316.4255844613085,330.7,0.0,0.18,148.61,147.0,164.0,4107.776078311867,382.4,0.0,0.94,2024-10-18,5.0,conditioned,131,766,normal,115,0
54.0,2383.0,171.0,0.0,72.28,61.5,108.40000000000003,3169.900615655008,246.85,0.0,0.7,73.29,63.0,114.10000000000001,3195.066425496511,252.1,0.0,0.74,43.31,42.0,64.0,1560.4774857093375,183.0,0.0,0.26,74.0,69.0,110.0,3486.81807173246,241.35,0.0,0.73,2024-10-18,15.0,unconditional,131,766,normal,115,0
54.0,2383.0,171.0,0.0,55.39,55.0,63.10000000000001,1837.7860651300311,218.3,0.0,0.62,55.81,55.5,66.10000000000001,1847.6835403002392,220.2,0.0,0.6,36.52,35.0,50.0,997.5249631529749,155.25,0.0,0.05,59.81,59.0,75.20000000000002,2294.895184482365,206.4,0.0,0.67,2024-10-18,15.0,conditioned,131,766,normal,115,0
137.0,4988.0,339.0,0.0,152.52,150.0,173.20000000000002,4988.3516562918,384.9,0.0,0.88,152.4,151.0,177.10000000000002,4973.322261758995,383.25,0.0,0.81,118.65,118.5,136.0,2761.6108194657068,321.35,0.0,0.08,154.21,152.0,176.10000000000002,5226.808150846105,379.0,0.0,0.84,2024-10-21,5.0,unconditional,123,762,normal,108,0
137.0,4988.0,339.0,0.0,144.64,145.0,157.10000000000002,3647.9808934904113,384.35,0.0,0.79,143.65,145.5,160.10000000000002,3625.762105998862,382.2,0.0,0.71,120.17,120.0,139.10000000000002,2267.8942047538394,336.6,0.0,0.13,148.78,149.0,164.10000000000002,4079.832062387059,382.95,0.0,0.83,2024-10-21,5.0,conditioned,123,762,normal,108,0
55.0,2753.0,246.0,0.0,69.49,59.0,105.10000000000001,2923.2158732723456,223.9,0.0,0.65,68.91,59.0,106.20000000000002,2913.218527980223,227.6,0.0,0.6,40.21,37.0,62.0,1391.8590863176414,165.8,0.0,0.17,70.39,63.0,112.10000000000001,3217.5096306544297,213.6,0.0,0.7,2024-10-21,15.0,unconditional,123,762,normal,108,0
55.0,2753.0,246.0,0.0,55.57,56.0,65.10000000000001,1814.2276241288669,219.1,0.0,0.58,55.42,55.5,66.10000000000001,1805.4951942750965,223.1,0.0,0.55,33.49,34.0,46.300000000000026,902.5121690812301,163.8,0.0,0.03,57.02,54.5,76.0,2208.799514920929,213.25,0.0,0.5,2024-10-21,15.0,conditioned,123,762,normal,108,0
128.0,3689.0,367.0,0.0,152.55,149.5,176.10000000000002,4767.131492813563,397.8,0.0,0.99,153.14,150.5,179.10000000000002,4770.320361712075,390.3,0.0,0.97,121.6,120.0,141.0,2738.607350263285,317.65,0.0,0.31,156.13,156.0,179.10000000000002,5210.0592385541395,373.6,0.0,0.98,2024-10-24,5.0,unconditional,127,766,normal,111,0
128.0,3689.0,367.0,0.0,146.66,147.0,158.0,3664.9058013595572,386.4,0.0,0.98,146.95,148.0,163.0,3682.4254874626913,386.45,0.0,0.89,123.86,123.0,142.0,2315.650035493071,327.95,0.0,0.35,152.4,150.0,168.10000000000002,4082.631877563912,377.05,0.0,1.0,2024-10-24,5.0,conditioned,127,766,normal,111,0
53.0,2096.0,174.0,0.0,67.73,58.0,107.10000000000001,2769.028973156981,239.1,0.0,0.79,67.88,59.5,107.10000000000001,2770.0557804393566,243.25,0.0,0.76,39.68,38.0,57.300000000000026,1320.9978363697332,158.5,0.0,0.16,69.9,61.5,113.10000000000001,3169.806258435265,217.85,0.0,0.75,2024-10-24,15.0,unconditional,127,766,normal,111,0
53.0,2096.0,174.0,0.0,57.22,57.0,67.0,1827.7563811877349,221.25,0.0,0.78,57.32,58.0,68.0,1832.8170420653105,225.3,0.0,0.72,35.89,35.0,49.300000000000026,937.462633754976,169.0,0.0,0.09,59.15,58.0,75.10000000000001,2194.1416207936113,217.85,0.0,0.65,2024-10-24,15.0,conditioned,127,766,normal,111,0
132.0,4290.0,387.0,0.0,153.19,149.0,178.3,4980.679679982762,400.3,0.0,0.97,151.97,151.0,180.0,4988.890151595037,397.95,0.0,0.84,119.2,119.5,138.0,2831.312888122005,329.05,0.0,0.2,155.49,153.5,178.10000000000002,5456.5193658144535,385.15,0.0,0.92,2024-10-27,5.0,unconditional,125,760,normal,110,0
132.0,4290.0,387.0,0.0,144.05,144.0,156.0,3555.840417468704,393.8,0.0,0.88,142.82,144.0,160.10000000000002,3540.8015117499085,384.65,0.0,0.79,120.3,122.0,139.0,2263.6986365526905,332.7,0.0,0.24,148.84,150.0,166.0,4117.904754386199,375.75,0.0,0.88,2024-10-27,5.0,conditioned,125,760,normal,110,0
52.0,2513.0,212.0,0.0,69.21,57.5,105.0,2947.62358072508,235.0,0.0,0.81,68.66,57.5,107.10000000000001,2961.5291935453947,232.05,0.0,0.77,40.47,37.0,61.20000000000002,1413.7805619284998,161.05,0.0,0.25,72.19,65.0,112.30000000000003,3426.1526361900237,226.15,0.0,0.71,2024-10-27,15.0,unconditional,125,760,normal,110,0
52.0,2513.0,212.0,0.0,54.11,54.0,64.0,1730.8838383419031,217.95,0.0,0.6,53.79,54.0,64.0,1728.3602896263928,209.3,0.0,0.6,34.2,34.0,46.300000000000026,890.2726326062785,148.45,0.0,0.06,58.07,56.0,75.10000000000001,2261.064177502467,206.7,0.0,0.63,2024-10-27,15.0,conditioned,125,760,normal,110,0
123.0,3827.0,320.0,0.0,125.88,126.0,142.10000000000002,3901.6686204714056,335.1,0.0,0.59,126.55,125.0,150.0,3903.287576954463,343.25,0.0,0.56,103.76,104.0,120.10000000000001,2441.007758232332,293.05,0.0,0.07,129.85,129.5,151.10000000000002,4324.734390636594,332.4,0.0,0.68,2024-10-30,5.0,unconditional,120,657,normal,105,0
123.0,3827.0,320.0,0.0,120.77,120.0,132.20000000000002,2905.014249357594,330.5,0.0,0.42,119.04,119.0,134.0,2877.0789956341787,333.0,0.0,0.41,101.57,101.5,120.20000000000002,1960.0311623707903,290.05,0.0,0.08,123.85,125.5,138.0,3460.3743937228805,328.7,0.0,0.55,2024-10-30,5.0,conditioned,120,657,normal,105,0
47.0,2650.0,159.0,0.0,56.01,49.0,85.20000000000002,2238.165807981304,203.8,0.0,0.6,56.15,49.0,84.10000000000001,2240.3458127340755,210.1,0.0,0.58,35.99,34.0,55.0,1220.6241308497813,145.8,0.0,0.19,57.75,53.0,84.10000000000001,2623.5692747630737,199.25,0.0,0.69,2024-10-30,15.0,unconditional,120,657,normal,105,1
47.0,2650.0,159.0,0.0,45.66,46.0,54.10000000000001,1444.252108371533,192.4,0.0,0.45,45.25,44.0,54.0,1435.7598079377958,195.7,0.0,0.45,31.42,31.0,46.0,861.0226992483199,136.2,0.0,0.09,50.06,50.0,64.20000000000002,1956.202588846566,181.45,0.0,0.64,2024-10-30,15.0,conditioned,120,657,normal,105,1
101.0,2407.0,303.0,0.0,104.93,104.5,117.30000000000003,2978.229310035764,271.5,0.0,0.63,106.24,105.0,122.40000000000003,3006.414547075251,269.6,0.0,0.65,84.82,84.5,99.30000000000003,1757.6127283606436,235.95,0.0,0.1,104.6,105.5,118.10000000000001,3062.204880756097,271.1,0.0,0.64,2024-11-02,5.0,unconditional,116,546,normal,102,0
101.0,2407.0,303.0,0.0,100.91,101.0,111.0,2346.489182165084,271.5,0.0,0.56,100.37,101.0,115.10000000000001,2338.8286959655616,275.45,0.0,0.53,84.62,85.0,97.0,1462.615670113778,245.4,0.0,0.05,100.38,100.0,111.10000000000001,2367.1079274776025,273.8,0.0,0.48,2024-11-02,5.0,conditioned,116,546,normal,102,0
40.0,1233.0,178.0,0.0,44.15,40.0,65.0,1675.8574080780816,165.7,0.0,0.53,44.6,40.0,69.0,1693.6961369896587,164.4,0.0,0.53,26.56,25.5,39.10000000000001,831.235444477001,114.75,0.0,0.1,42.56,38.0,62.10000000000001,1788.0819888428468,146.05,0.0,0.49,2024-11-02,15.0,unconditional,116,546,normal,102,0
40.0,1233.0,178.0,0.0,37.66,38.0,44.0,1135.6977177239958,155.95,0.0,0.33,37.39,38.0,45.20000000000002,1136.0504691425629,154.35,0.0,0.37,22.98,21.0,35.0,560.3447152877781,112.95,0.0,0.05,35.17,34.0,49.10000000000001,1215.7157271625397,147.3,0.0,0.28,2024-11-02,15.0,conditioned,116,546,normal,102,0
75.0,1284.0,222.0,0.0,93.18,91.0,107.0,2722.8729285984646,245.45,1.0787588450094403,0.97,92.45,91.0,109.10000000000001,2709.838909924878,245.85,0.8511351248273513,0.93,74.86,76.0,89.10000000000001,1515.953203730485,210.35,0.0,0.55,91.86,91.5,104.0,2697.25534722194,233.75,0.0,0.98,2024-11-05,5.0,unconditional,118,500,normal,103,0
75.0,1284.0,222.0,0.0,90.49,90.0,99.0,2104.3796042130525,244.5,0.0,0.99,90.66,89.0,104.10000000000001,2117.8852548871173,240.0,0.0,0.98,77.48,77.0,93.0,1373.8121403977261,211.5,0.0,0.6,91.24,90.5,106.0,2163.9043092528173,232.65,0.0,0.96,2024-11-05,5.0,conditioned,118,500,normal,103,0
24.0,754.0,104.0,0.0,40.65,37.0,59.10000000000001,1588.3422062873733,146.5,1.4787588450094404,0.98,40.05,36.0,60.10000000000001,1585.1562026505292,150.2,0.8511351248273513,0.95,23.35,22.0,36.10000000000001,724.3299596488392,103.25,0.0,0.44,37.23,34.0,58.0,1626.1233497358016,127.85,10.561062494173461,0.84,2024-11-05,15.0,unconditional,118,500,normal,103,0
24.0,754.0,104.0,0.0,33.46,34.0,39.0,1054.7396549161285,139.5,0.0,0.97,33.63,34.0,40.10000000000001,1061.6719654755996,140.25,0.0,1.0,21.54,21.0,30.10000000000001,547.650382874287,96.65,0.0,0.37,32.16,31.0,45.10000000000001,1151.8365831757692,122.3,0.0,0.82,2024-11-05,15.0,conditioned,118,500,normal,103,0
100.0,1956.0,251.0,0.0,121.79,118.0,144.10000000000002,3740.97691520567,313.25,0.0,0.99,121.48,120.0,145.10000000000002,3709.615696562779,311.85,0.0,0.91,97.79,97.5,116.20000000000002,2177.625196341937,266.7,0.0,0.43,121.18,119.0,138.10000000000002,3848.6865141134044,300.75,0.0,0.98,2024-11-08,5.0,unconditional,120,609,normal,105,0
100.0,1956.0,251.0,0.0,118.18,118.5,129.0,2880.0008466158088,316.9,0.0,0.99,118.09,118.0,133.0,2887.2050804629125,318.45,0.0,0.96,99.9,101.0,116.0,1814.0494446001053,268.55,0.0,0.55,119.47,119.0,133.3,3021.2693527200227,297.9,0.0,0.97,2024-11-08,5.0,conditioned,120,609,normal,105,0
24.0,528.0,136.0,0.0,52.37,46.0,82.10000000000001,2112.255504546059,188.75,0.0,1.0,51.7,45.5,80.10000000000001,2083.3278366274494,191.8,0.0,1.0,30.89,28.5,49.0,1006.9204824777215,136.65,0.0,0.71,50.57,44.0,74.70000000000006,2234.6517688646486,173.9,0.0,0.99,2024-11-08,15.0,unconditional,120,609,normal,105,0
24.0,528.0,136.0,0.0,44.55,45.0,53.10000000000001,1421.7717866978458,185.65,0.0,1.0,44.41,44.0,54.0,1421.175486948764,187.1,0.0,1.0,27.97,27.0,38.0,704.3235915151348,128.4,0.0,0.72,43.74,43.0,58.10000000000001,1582.1275287102023,162.1,0.0,1.0,2024-11-08,15.0,conditioned,120,609,normal,105,0
143.0,4318.0,386.0,0.0,154.82,152.5,175.10000000000002,4900.724175061487,391.45,0.0,0.77,154.12,155.0,175.40000000000003,4852.675748297691,390.4,0.0,0.7,122.02,123.0,141.20000000000002,2717.769131257164,332.45,0.0,0.1,157.23,157.5,176.3,5102.225936725054,386.4,0.0,0.84,2024-11-11,5.0,unconditional,123,738,normal,108,0
143.0,4318.0,386.0,0.0,147.4,148.0,158.0,3595.0792741735877,383.6,0.6940098715555735,0.68,150.65,150.5,172.0,3652.8976561088875,392.35,1.0069706293854153,0.73,125.33,124.0,145.0,2308.891851079826,358.1,0.1,0.13,152.44,152.0,168.10000000000002,3920.6940801684295,398.25,1.3404626292089232,0.79,2024-11-11,5.0,conditioned,123,738,normal,108,0
46.0,2849.0,218.0,0.0,71.64,62.0,109.0,2934.9310335463365,257.05,1.9472419922060624,0.96,70.95,63.0,107.20000000000002,2900.6203655142886,251.1,0.71411116879068,0.96,41.07,39.5,57.10000000000001,1363.5693916830912,178.9,0.0,0.34,69.74,63.5,103.0,3116.7295769728544,237.6,0.0,0.85,2024-11-11,15.0,unconditional,123,738,normal,108,3
46.0,2849.0,218.0,0.0,56.95,56.0,65.20000000000002,1816.9688983773442,228.85,1.4440098715555734,0.94,58.16,57.5,69.0,1844.304577125964,232.45,1.9463973195217534,0.95,37.43,35.0,50.10000000000001,968.0505294287885,185.4,2.9,0.22,58.34,59.0,75.10000000000001,2093.6034120824297,227.15,5.006859611325353,0.81,2024-11-11,15.0,conditioned,123,738,normal,108,3
116.0,3660.0,320.0,0.0,154.32,151.5,180.10000000000002,4725.794036857584,397.1,0.0,1.0,154.84,152.0,182.3,4756.527422406994,403.85,3.473500538788585,0.99,123.99,124.0,143.10000000000002,2708.3673857501085,338.8,0.0,0.71,157.87,157.0,177.0,5093.572625653363,386.75,0.0,1.0,2024-11-14,5.0,unconditional,119,736,normal,104,0
116.0,3660.0,320.0,0.0,149.2,149.5,161.20000000000002,3615.8020012972493,388.25,0.0,1.0,150.08,150.0,168.10000000000002,3624.7254320543807,387.7,0.0,0.99,127.2,126.0,151.0,2363.4978110558577,355.05,0.0,0.76,153.92,151.5,176.0,4055.1789403346465,393.5,0.0,1.0,2024-11-14,5.0,conditioned,119,736,normal,104,0
39.0,2233.0,171.0,0.0,70.11,61.0,110.0,2786.225913309254,252.85,0.0,1.0,70.7,62.5,113.30000000000003,2811.447174370671,260.35,3.473500538788585,0.99,41.19,41.0,59.10000000000001,1341.7111788455036,169.65,0.0,0.57,70.65,63.5,105.20000000000002,3158.35474880394,225.45,0.0,0.97,2024-11-14,15.0,unconditional,119,736,normal,104,0
39.0,2233.0,171.0,0.0,57.73,58.0,65.10000000000001,1808.35811186714,224.4,0.0,1.0,58.11,58.0,67.20000000000002,1806.664857396772,221.65,0.0,1.0,37.31,35.0,56.0,982.7138886803988,169.75,0.0,0.39,60.19,59.0,79.30000000000003,2230.0650548664476,221.55,0.0,0.97,2024-11-14,15.0,conditioned,119,736,normal,104,0
156.0,2811.0,392.0,24.0,153.88,151.0,170.10000000000002,4632.609794214464,401.25,0.0,0.41,153.9,151.0,182.0,4666.55390754948,401.9,0.0,0.34,123.87,124.0,143.0,2815.6891870519034,331.95,0.0,0.02,154.83,153.5,176.0,4927.558436894268,389.95,1.4378416656629156,0.47,2024-11-17,5.0,unconditional,124,738,normal,109,0
156.0,2811.0,392.0,24.0,148.2,148.5,161.0,3643.244477473656,389.9,2.776832897118993,0.21,148.45,149.0,168.0,3643.6665050050306,371.45,2.9128969261469932,0.3,126.24,125.0,145.10000000000002,2325.687774930018,333.05,0.0,0.03,152.44,151.5,170.20000000000002,4028.8646808151425,381.55,0.0,0.41,2024-11-17,5.0,conditioned,124,738,normal,109,0
44.0,1206.0,211.0,10.0,67.16,60.0,103.0,2672.3089095500823,281.55,0.0,1.0,67.73,60.0,106.10000000000001,2698.8334954449238,282.95,1.4042392362870544,0.99,42.69,39.0,65.10000000000001,1362.5012261053907,197.95,0.0,0.39,69.94,67.0,106.0,2989.8658052755572,256.4,3.1878416656629156,0.93,2024-11-17,15.0,unconditional,124,738,normal,109,4
44.0,1206.0,211.0,10.0,57.57,57.5,66.0,1848.1456465370993,262.55,3.076832897118993,0.97,57.86,58.5,67.0,1849.9960249656228,255.1,5.918516889978951,0.98,37.38,39.0,51.0,957.5380924876004,203.9,0.0,0.33,60.04,58.0,79.10000000000001,2208.9680917976757,255.9,0.0,0.91,2024-11-17,15.0,conditioned,124,738,normal,109,4
83.0,3360.0,266.0,0.0,112.26,110.0,130.10000000000002,3720.3711892961464,292.2,0.0,1.0,113.05,110.0,132.10000000000002,3731.6364823777594,289.9,0.0,1.0,86.93,86.0,102.10000000000001,2000.4550056412693,246.35,0.0,0.58,107.34,107.0,122.0,3480.850250029781,273.95,0.0,1.0,2024-11-20,5.0,unconditional,128,588,normal,112,0
83.0,3360.0,266.0,0.0,105.05,104.0,115.10000000000001,2567.09113854841,275.3,0.0,1.0,104.59,104.0,119.10000000000001,2555.5222077104336,277.15,0.0,0.98,87.23,89.0,101.0,1589.6263650698386,240.05,0.0,0.64,103.15,104.0,115.0,2652.2029587605725,260.9,0.0,0.99,2024-11-20,5.0,conditioned,128,588,normal,112,0
34.0,2197.0,161.0,0.0,53.03,47.0,76.10000000000001,2257.052202382485,190.0,0.0,0.95,53.22,47.0,78.0,2263.36477787431,194.65,0.0,0.96,28.95,28.0,42.0,1017.0784790640871,132.85,0.0,0.35,47.03,43.0,69.0,2135.4337022374402,166.75,0.0,0.79,2024-11-20,15.0,unconditional,128,588,normal,112,0
34.0,2197.0,161.0,0.0,40.39,40.0,47.0,1274.8891076745933,165.35,0.0,0.88,40.24,40.0,48.0,1271.3752173277585,164.9,0.0,0.82,24.46,23.0,33.0,621.2448008708482,115.8,0.0,0.08,38.68,38.0,50.10000000000001,1424.7227191789775,149.85,0.0,0.66,2024-11-20,15.0,conditioned,128,588,normal,112,0
143.0,5317.0,362.0,0.0,145.92,144.5,164.0,4497.928353466429,395.8,0.0,0.55,145.46,144.5,171.0,4477.229833485036,389.25,0.0,0.54,114.78,114.5,136.0,2569.2530743808647,333.45,0.0,0.05,145.84,144.0,166.10000000000002,4694.938595355111,376.5,0.0,0.56,2024-11-23,5.0,unconditional,135,706,normal,118,0
143.0,5317.0,362.0,0.0,141.21,141.0,153.0,3475.3517005667254,386.95,0.0,0.46,141.66,142.0,157.10000000000002,3484.9293743698427,389.05,0.0,0.49,116.57,117.0,135.10000000000002,2144.3144835239004,358.2,0.0,0.04,142.04,142.0,157.0,3608.041853645732,393.4,0.0,0.49,2024-11-23,5.0,conditioned,135,706,normal,118,0
64.0,3209.0,266.0,0.0,64.12,56.5,99.10000000000001,2579.5099297609645,243.8,0.0,0.3,63.73,56.5,102.0,2574.804862175952,243.8,0.0,0.32,37.25,34.0,54.10000000000001,1262.992652429055,167.95,0.0,0.04,62.89,56.0,94.30000000000003,2775.448198628109,222.5,0.0,0.35,2024-11-23,15.0,unconditional,135,706,normal,118,0
64.0,3209.0,266.0,0.0,54.92,54.0,67.0,1747.1829610696047,231.05,3.8620731290682784,0.13,54.85,56.0,65.0,1754.073813387245,232.2,3.8620731290682784,0.15,33.35,33.5,46.10000000000001,856.0691550541371,171.05,0.0,0.01,53.28,51.5,69.0,1899.067280790905,216.2,0.0,0.2,2024-11-23,15.0,conditioned,135,706,normal,118,0
150.0,3844.0,378.0,0.0,152.67,149.0,176.0,4919.662246837125,404.75,0.0,0.46,151.14,151.0,176.3,4830.847084826643,404.85,0.05711038687871337,0.54,120.87,123.0,142.0,2857.832896368792,351.05,0.0,0.05,154.87,153.0,175.10000000000002,5218.073624935946,398.3,0.0,0.59,2024-11-26,5.0,unconditional,122,736,normal,107,0
150.0,3844.0,378.0,0.0,146.76,146.0,158.0,3569.2301371148187,391.6,0.0,0.39,147.29,147.0,163.0,3590.3705853990145,399.3,0.0,0.43,124.21,122.0,142.20000000000002,2242.237813817208,352.35,0.0,0.06,149.57,150.5,164.20000000000002,3755.64567858725,395.0,0.0,0.51,2024-11-26,5.0,conditioned,122,736,normal,107,0
54.0,1842.0,249.0,0.0,69.87,59.0,106.10000000000001,2996.4750378735857,254.05,0.0,0.72,68.97,59.0,105.10000000000001,2937.5868455711766,252.55,1.5071103868787135,0.7,42.23,42.0,61.0,1484.1039810133161,170.3,0.0,0.17,70.38,64.5,110.0,3247.062674813079,220.65,0.0,0.71,2024-11-26,15.0,unconditional,122,736,normal,107,2
54.0,1842.0,249.0,0.0,57.64,58.0,67.0,1771.1320622707392,228.8,0.0,0.73,57.37,57.5,66.0,1775.5370664280244,234.65,0.0,0.68,35.67,35.0,50.0,917.4383180196241,172.7,0.0,0.09,55.41,54.0,72.30000000000003,1992.4159689307803,218.5,0.0,0.51,2024-11-26,15.0,conditioned,122,736,normal,107,2
150.0,3350.0,374.0,0.0,149.5,148.0,170.10000000000002,4727.162413010366,394.2,0.0,0.42,150.06,147.5,173.10000000000002,4728.24849788137,397.35,0.0,0.47,120.95,122.0,139.3,2745.219286421347,332.05,0.0,0.02,153.3,152.5,173.20000000000002,5073.871612913656,382.95,0.0,0.58,2024-11-29,5.0,unconditional,122,713,normal,107,0
150.0,3350.0,374.0,0.0,143.33,144.0,155.10000000000002,3451.1583224778647,382.3,0.0,0.23,142.57,140.0,159.20000000000002,3450.816566658196,378.75,0.0,0.34,121.07,120.0,139.3,2237.1468900760046,329.95,0.0,0.02,146.17,145.0,164.0,3804.963313614914,370.4,0.0,0.34,2024-11-29,5.0,conditioned,122,713,normal,107,0
57.0,1914.0,247.0,0.0,65.72,57.0,101.0,2715.984996876224,236.35,0.0,0.51,65.99,58.0,103.0,2709.537719593824,239.05,0.0,0.55,39.65,38.5,60.10000000000001,1319.260275420311,177.6,0.0,0.13,66.31,58.0,102.10000000000001,3009.8663205615076,224.0,0.0,0.53,2024-11-29,15.0,unconditional,122,713,normal,107,0
57.0,1914.0,247.0,0.0,52.63,52.0,60.10000000000001,1661.8693739773798,204.75,0.0,0.28,52.43,52.5,63.0,1664.5767359307997,206.15,0.0,0.27,33.57,33.0,45.20000000000002,904.3777126216461,147.5,0.0,0.03,52.76,52.0,68.20000000000002,1973.9230558461181,187.25,0.0,0.31,2024-11-29,15.0,conditioned,122,713,normal,107,0
172.0,4514.0,402.0,0.0,155.08,154.0,177.0,4952.47600365274,394.85,0.19050807809911702,0.18,157.15,156.0,178.20000000000002,4964.363676517728,413.3,0.8829716852416425,0.21,125.38,123.0,146.10000000000002,2881.113352449083,352.4,0.0,0.0,159.57,158.0,179.10000000000002,5242.356900537498,400.25,0.5007516148697106,0.18,2024-12-02,5.0,unconditional,118,728,normal,103,0
172.0,4514.0,402.0,0.0,147.71,148.0,162.0,3510.2682289806235,382.8,2.066492176360333,0.01,147.64,147.5,167.10000000000002,3513.187516287748,385.25,2.1722042209498342,0.05,126.09,127.0,146.20000000000002,2298.9351813885874,335.0,0.1,0.0,152.72,154.0,168.0,3922.1681855488237,381.45,1.2484101240558858,0.05,2024-12-02,5.0,conditioned,118,728,normal,103,0
73.0,2924.0,299.0,0.0,69.24,59.0,105.0,2890.47547575969,266.1,0.540508078099117,0.33,69.66,60.0,103.40000000000003,2883.180243179782,282.5,1.2329716852416426,0.34,41.01,41.0,56.0,1433.4903605203529,208.95,0.0,0.01,68.1,61.5,102.20000000000002,3131.710675281553,252.55,0.5007516148697106,0.34,2024-12-02,15.0,unconditional,118,728,normal,103,11
73.0,2924.0,299.0,0.0,55.67,55.0,66.0,1724.7837197673607,248.5,2.1664921763603333,0.03,55.82,56.0,68.0,1728.2987385478439,245.8,1.372204220949834,0.03,34.76,33.5,47.10000000000001,918.3222721662705,192.6,0.2,0.0,56.24,55.0,71.30000000000003,2045.9920890147396,240.2,1.8984101240558857,0.1,2024-12-02,15.0,conditioned,118,728,normal,103,11
148.0,5339.0,356.0,0.0,136.92,133.0,158.0,4362.590179322102,363.7,0.0,0.25,136.37,137.0,155.0,4339.656831197713,363.2,0.0,0.2,106.11,104.0,124.0,2432.530565804908,302.85,0.0,0.01,134.55,133.0,149.20000000000002,4353.211736128334,348.15,0.0,0.17,2024-12-05,5.0,unconditional,129,685,normal,113,0
148.0,5339.0,356.0,0.0,130.13,129.0,142.10000000000002,3232.8207191122096,348.65,0.0,0.03,130.52,130.5,149.10000000000002,3242.2057696825646,352.0,0.0,0.12,106.32,106.5,124.20000000000002,1945.5490703419193,306.05,0.0,0.0,129.53,130.5,145.10000000000002,3331.838132554891,337.5,0.0,0.09,2024-12-05,5.0,conditioned,129,685,normal,113,0
80.0,3500.0,261.0,0.0,64.98,55.0,99.10000000000001,2744.6660862486274,224.45,0.0,0.28,64.79,57.0,96.10000000000001,2736.132464308327,228.45,0.0,0.28,36.58,34.0,52.0,1261.6486046972518,152.6,0.0,0.0,60.73,57.5,87.20000000000002,2763.2224252664623,208.4,0.0,0.2,2024-12-05,15.0,unconditional,129,685,normal,113,0
80.0,3500.0,261.0,0.0,52.37,52.5,61.0,1713.2437570906345,209.65,0.0,0.0,52.7,52.5,63.0,1719.0532365419085,214.6,0.0,0.0,31.19,29.5,48.20000000000002,848.0551300927619,153.65,0.0,0.01,49.88,46.0,72.30000000000003,1856.9530464879622,198.0,0.0,0.04,2024-12-05,15.0,conditioned,129,685,normal,113,0
160.0,4047.0,398.0,0.0,137.37,136.0,157.0,4281.957836950492,370.0,0.0,0.07,134.62,133.5,156.10000000000002,4206.1809704061325,367.6,0.0,0.06,109.51,112.0,128.10000000000002,2469.6877419297,298.6,0.0,0.0,140.22,139.5,156.10000000000002,4593.4816145583245,349.85,0.0,0.05,2024-12-08,5.0,unconditional,116,679,normal,102,0
160.0,4047.0,398.0,0.0,132.86,132.5,144.0,3214.8348063038115,348.75,0.0,0.0,132.62,132.0,148.0,3217.0049170017587,352.3,0.0,0.03,112.46,113.0,130.10000000000002,2028.2797263027064,308.9,0.0,0.0,135.74,134.5,149.0,3491.62221713742,348.7,0.0,0.01,2024-12-08,5.0,conditioned,116,679,normal,102,0
64.0,2006.0,270.0,0.0,64.38,56.0,101.10000000000001,2614.2209073091235,235.4,0.0,0.31,63.26,55.5,101.10000000000001,2579.3477417908416,233.45,0.0,0.3,37.9,36.5,55.0,1281.2153601001964,158.1,0.0,0.02,64.99,59.5,91.20000000000002,2967.232522026514,214.75,0.0,0.42,2024-12-08,15.0,unconditional,116,679,normal,102,0
64.0,2006.0,270.0,0.0,52.38,53.0,60.0,1653.727834289539,204.05,0.0,0.04,52.27,52.5,61.0,1654.4606299711147,202.2,0.0,0.07,32.15,31.0,43.10000000000001,858.3614623527047,151.0,0.0,0.0,52.42,51.0,65.20000000000002,1966.1906143223157,198.45,0.0,0.14,2024-12-08,15.0,conditioned,116,679,normal,102,0
127.0,5584.0,378.0,0.0,121.23,120.0,139.0,3966.2795194262817,329.25,0.029171088786495148,0.3,121.19,119.5,142.10000000000002,3996.8809386866014,333.45,6.410322455796006,0.34,95.7,94.0,113.0,2235.1778133294592,277.85,0.0,0.02,119.24,116.5,138.10000000000002,3851.9432644909907,314.7,0.0,0.29,2024-12-11,5.0,unconditional,120,607,normal,105,0
127.0,5584.0,378.0,0.0,114.63,113.5,127.10000000000001,2760.916052485532,318.75,0.0,0.11,113.86,113.5,129.0,2749.046339454166,317.05,0.05,0.15,96.16,96.0,111.10000000000001,1774.3124740756307,282.35,0.0,0.01,114.67,114.5,128.0,2885.027080689459,316.2,0.0,0.15,2024-12-11,5.0,conditioned,120,607,normal,105,0
69.0,3388.0,259.0,0.0,55.59,47.0,89.10000000000001,2415.3162618727274,205.7,13.801969866839737,0.29,56.03,46.0,89.10000000000001,2427.56721553958,212.7,22.051110635815803,0.29,32.25,29.0,51.0,1163.8817292031674,146.35,1.9706922022631717,0.0,51.16,49.0,79.30000000000003,2358.623184912507,186.2,1.9706922022631717,0.21,2024-12-11,15.0,unconditional,120,607,normal,105,0
69.0,3388.0,259.0,0.0,43.33,43.0,51.0,1380.9511088601523,189.45,4.885821450509286,0.0,43.31,43.0,50.0,1376.5848901390543,185.75,5.089423693382832,0.0,27.14,27.0,39.20000000000002,712.2268934251052,141.6,5.25,0.0,41.84,41.0,58.0,1499.9307190868253,182.05,5.6,0.02,2024-12-11,15.0,conditioned,120,607,normal,105,0
160.0,6939.0,446.0,0.0,118.71,115.0,138.0,3841.2068496094416,328.55,0.0,0.0,119.64,117.0,137.20000000000002,3835.4779522797935,332.7,0.03550567551770314,0.0,95.78,97.0,109.0,2287.42533359692,266.1,0.0,0.0,119.97,118.0,138.0,3949.3392152601245,305.45,0.0,0.0,2024-12-14,5.0,unconditional,125,625,normal,110,0
160.0,6939.0,446.0,0.0,115.47,116.0,126.0,2831.319637149956,316.95,0.0,0.0,113.47,113.0,128.10000000000002,2796.067010812194,308.75,0.0,0.0,94.46,95.0,109.0,1823.3324219957751,281.4,0.0,0.0,114.65,114.0,130.0,3075.8139041326212,312.15,0.0,0.0,2024-12-14,5.0,conditioned,125,625,normal,110,0
88.0,4670.0,356.0,0.0,54.84,47.0,88.10000000000001,2294.215095704012,226.45,1.7201356359416764,0.11,54.57,48.5,88.0,2287.3225662409627,224.65,1.7556413114593794,0.11,33.59,31.0,51.10000000000001,1200.0414930426866,154.75,0.0,0.0,53.83,47.5,87.0,2439.9424979913656,191.45,0.0,0.09,2024-12-14,15.0,unconditional,125,625,normal,110,2
88.0,4670.0,356.0,0.0,44.58,44.0,52.0,1419.1118303708488,195.7,0.0,0.0,43.89,43.0,53.0,1400.5929542398694,187.95,0.0,0.0,28.37,27.0,42.0,789.727785497343,145.35,0.0,0.0,44.09,42.5,63.10000000000001,1682.890284869508,182.45,0.0,0.0,2024-12-14,15.0,conditioned,125,625,normal,110,2
106.0,2045.0,315.0,0.0,116.24,115.0,131.0,3428.890099748653,308.0,0.0,0.84,116.84,115.0,132.10000000000002,3447.161388667874,306.85,0.0,0.77,94.44,95.0,109.0,1973.642644781144,259.85,0.0,0.19,115.1,114.0,132.0,3393.839923084348,295.5,0.0,0.8,2024-12-17,5.0,unconditional,116,603,normal,102,0
106.0,2045.0,315.0,0.0,111.48,111.0,122.0,2727.020936611038,290.55,0.0,0.8,110.61,110.0,125.0,2710.0794708826897,291.1,0.0,0.59,94.17,94.0,109.10000000000001,1733.9413992938235,259.85,0.0,0.18,113.06,112.5,127.20000000000002,2932.6333726514263,291.25,0.0,0.79,2024-12-17,5.0,conditioned,116,603,normal,102,0
23.0,817.0,135.0,0.0,49.33,46.0,77.10000000000001,1987.2400241698779,180.4,0.0,1.0,49.44,45.0,76.10000000000001,1992.2223738476741,179.95,0.0,1.0,29.82,27.0,47.0,955.1378514769269,123.25,0.0,0.7,47.91,42.0,74.0,2089.0607168899724,167.4,0.0,0.99,2024-12-17,15.0,unconditional,116,603,normal,102,0
23.0,817.0,135.0,0.0,42.77,42.5,51.0,1379.422927222172,164.95,0.0,1.0,41.99,41.0,51.0,1372.5937143001645,166.95,0.0,1.0,26.44,25.0,37.10000000000001,720.5783302778322,115.5,0.0,0.67,42.49,42.0,55.0,1601.2738932328853,156.55,0.0,0.98,2024-12-17,15.0,conditioned,116,603,normal,102,0
151.0,5251.0,384.0,0.0,140.45,139.0,160.3,4167.749068095064,371.5,0.0,0.23,140.19,138.0,165.10000000000002,4169.553503392883,371.5,0.0,0.3,112.01,111.5,132.10000000000002,2491.9401018143662,336.9,0.0,0.02,140.59,140.5,159.10000000000002,4368.864029831747,376.35,0.0,0.26,2024-12-20,5.0,unconditional,128,703,normal,112,0
151.0,5251.0,384.0,0.0,134.28,134.0,147.10000000000002,3225.453142612864,365.7,0.0,0.05,133.99,133.0,155.10000000000002,3219.3749640579977,368.8,0.0,0.16,111.29,110.5,130.0,2076.0409544014356,334.3,0.0,0.0,136.56,136.0,151.10000000000002,3573.8191021060065,372.9,0.0,0.12,2024-12-20,5.0,conditioned,128,703,normal,112,0
70.0,3357.0,216.0,0.0,62.17,55.0,97.0,2535.2865668051595,218.75,0.0,0.22,62.57,56.0,97.10000000000001,2540.380463577161,216.9,0.0,0.24,37.49,36.0,51.0,1232.1637501435177,165.0,0.0,0.01,61.05,59.5,84.0,2668.666830267948,210.25,0.0,0.28,2024-12-20,15.0,unconditional,128,703,normal,112,0
70.0,3357.0,216.0,0.0,52.91,53.0,64.0,1704.0552110423107,209.65,0.0,0.01,52.92,52.0,63.10000000000001,1698.7166444510353,210.55,0.0,0.02,32.9,32.5,45.10000000000001,889.18356137039,167.25,0.0,0.0,52.29,50.0,70.10000000000001,1957.0735137492125,217.5,0.0,0.11,2024-12-20,15.0,conditioned,128,703,normal,112,0
151.0,5672.0,358.0,0.0,139.54,136.0,158.50000000000006,4410.2700246656805,372.4,0.0,0.21,139.27,136.5,162.10000000000002,4419.906927122624,368.7,0.0,0.22,110.19,110.0,131.20000000000002,2582.0063962417157,310.25,0.0,0.0,141.14,137.5,162.0,4729.52607794281,357.8,0.0,0.25,2024-12-23,5.0,unconditional,127,700,normal,111,0
151.0,5672.0,358.0,0.0,132.55,132.0,145.0,3275.570118629419,363.35,0.0,0.01,133.38,135.0,151.10000000000002,3303.0087044431834,369.8,0.0,0.11,110.65,108.5,129.10000000000002,2163.4293192263676,335.55,0.0,0.0,136.52,135.5,152.10000000000002,3741.799208114081,374.7,0.0,0.14,2024-12-23,5.0,conditioned,127,700,normal,111,0
50.0,4129.0,199.0,0.0,64.47,58.0,97.10000000000001,2664.3222770129128,223.7,0.0,0.79,64.55,58.0,102.10000000000001,2667.838463293993,217.85,0.0,0.71,38.27,34.0,64.0,1370.8470837716263,168.45,0.0,0.24,63.83,56.0,106.60000000000005,3059.528500064087,214.25,0.0,0.63,2024-12-23,15.0,unconditional,127,700,normal,111,0
50.0,4129.0,199.0,0.0,53.08,52.0,63.0,1715.000573778663,210.75,0.0,0.61,53.87,54.0,66.0,1727.3763904830628,212.7,0.0,0.65,35.1,33.0,50.0,963.7915963351159,166.75,0.0,0.11,55.21,54.0,74.10000000000001,2118.938316014437,213.45,0.0,0.66,2024-12-23,15.0,conditioned,127,700,normal,111,0
153.0,5050.0,400.0,0.0,139.6,136.0,160.3,4512.124380468985,378.25,0.0,0.19,139.52,136.5,160.20000000000002,4525.52235432368,381.25,0.0,0.25,110.08,111.5,125.0,2555.652504836862,320.1,0.0,0.0,139.52,138.0,158.10000000000002,4588.680720851806,369.45,0.0,0.17,2024-12-26,5.0,unconditional,121,693,normal,106,0
153.0,5050.0,400.0,0.0,132.89,133.0,142.0,3299.354163832083,361.2,0.0,0.0,131.47,131.0,146.0,3260.5518385228947,363.2,0.0,0.03,108.63,108.0,128.10000000000002,2009.7685294476487,318.7,0.0,0.0,132.76,132.5,148.10000000000002,3469.727085660494,359.6,0.0,0.07,2024-12-26,5.0,conditioned,121,693,normal,106,0
65.0,3116.0,226.0,0.0,63.98,54.0,98.10000000000001,2752.751559158751,218.4,0.0,0.31,64.04,54.5,98.10000000000001,2755.522298119126,224.75,0.0,0.32,37.76,36.5,55.10000000000001,1289.565883758563,156.4,0.0,0.06,61.65,55.0,96.30000000000003,2829.028909618746,207.55,0.0,0.31,2024-12-26,15.0,unconditional,121,693,normal,106,0
65.0,3116.0,226.0,0.0,51.55,52.0,60.0,1650.2874198495756,210.1,0.0,0.01,50.52,52.0,59.10000000000001,1634.1255319270085,204.05,0.0,0.01,30.44,30.0,44.10000000000001,831.4239433843352,153.3,0.0,0.0,49.15,48.0,64.10000000000001,1881.1983286847797,194.6,0.0,0.1,2024-12-26,15.0,conditioned,121,693,normal,106,0
189.0,11030.0,436.0,0.0,137.29,135.0,161.20000000000002,4532.491995001426,370.0,0.0,0.0,136.35,135.0,164.0,4519.826973738678,365.95,0.0,0.0,106.81,106.0,122.0,2599.9698555183113,319.85,0.0,0.0,138.59,137.0,158.0,4771.876516539891,364.9,0.0,0.01,2024-12-29,5.0,unconditional,123,674,degrade,108,0
189.0,11030.0,436.0,0.0,155.48,154.5,168.0,7324.855058545775,390.75,0.0,0.0,157.97,159.0,174.0,7399.342135939206,404.75,0.0,0.0,108.65,107.0,126.10000000000001,3871.6886205097458,308.05,0.0,0.0,151.71,152.0,168.0,7278.62947283829,364.55,0.0,0.02,2024-12-29,5.0,conditioned,123,674,degrade,108,0
151.0,7768.0,357.0,0.0,64.61,53.5,99.10000000000001,2815.650823161081,228.9,0.0,0.0,63.88,53.0,102.10000000000001,2812.3132574770357,225.3,0.0,0.0,37.98,35.5,59.0,1435.957769469083,159.4,0.0,0.0,64.0,54.5,106.30000000000003,3126.939935935854,217.9,0.0,0.0,2024-12-29,15.0,unconditional,123,674,degrade,108,0
151.0,7768.0,357.0,0.0,94.48,95.0,103.10000000000001,5107.194249817575,273.1,0.0,0.0,95.13,96.0,107.0,5158.094185901713,289.9,0.0,0.0,52.75,51.0,68.10000000000001,2641.494861814784,194.4,0.0,0.0,90.12,88.5,115.0,5313.711103431731,246.45,0.0,0.01,2024-12-29,15.0,conditioned,123,674,degrade,108,0
